<?xml version = '1.0' encoding = 'UTF-8'?>
<Diagram class="oracle.dbtools.crest.swingui.relational.DPVRelational" name="conexión_PRY2204_s9" id="7EF29FF3-D02F-5113-2748-2C176CC8F48A">
<createdBy>santo</createdBy>
<modifiedBy>santo</modifiedBy>
<createdTime>2025-10-09 08:35:43 UTC</createdTime>
<autoRoute>false</autoRoute>
<boxInbox>true</boxInbox>
<showLegend>false</showLegend>
<showLabels>false</showLabels>
<showRelAttributes>false</showRelAttributes>
<gridEnabled>false</gridEnabled>
<showGrid>false</showGrid>
<diagramColor>-1</diagramColor>
<display>false</display>
<notation>1</notation>
<objectViews>
<OView class="oracle.dbtools.crest.swingui.relational.TVTable" oid="069BFB98-B490-C2EA-DBE9-2A5BF926249A" otype="Table" vid="4ECD6F51-1F20-0E4A-0F3B-C166DAE86E30">
<hideElementsInCurrentOnly>false</hideElementsInCurrentOnly>
<bounds x="22" y="517" width="212" height="88"/>
</OView>
<OView class="oracle.dbtools.crest.swingui.relational.TVTable" oid="0E94A929-89C6-E877-BA9A-847C0D9A898A" otype="Table" vid="AABC1E5F-384F-00BB-555D-E82FA0BDF51E">
<hideElementsInCurrentOnly>false</hideElementsInCurrentOnly>
<bounds x="271" y="519" width="213" height="122"/>
</OView>
<OView class="oracle.dbtools.crest.swingui.relational.TVTable" oid="2353836E-8727-E177-C3C4-53DD1A07273E" otype="Table" vid="6787BEEE-D733-DB4D-D16E-235C28F28198">
<hideElementsInCurrentOnly>false</hideElementsInCurrentOnly>
<bounds x="902" y="550" width="195" height="88"/>
</OView>
<OView class="oracle.dbtools.crest.swingui.relational.TVTable" oid="2361FA8D-398F-39FF-1FCA-4AF8FC31D6FF" otype="Table" vid="EC8233F8-A716-4EA8-331A-D35021C2B848">
<hideElementsInCurrentOnly>false</hideElementsInCurrentOnly>
<bounds x="619" y="487" width="210" height="150"/>
</OView>
<OView class="oracle.dbtools.crest.swingui.relational.TVTable" oid="386ECF64-654F-992C-704A-59E36B26BEB8" otype="Table" vid="403C496F-48B2-25DA-7195-A29A9333A2EE">
<hideElementsInCurrentOnly>false</hideElementsInCurrentOnly>
<bounds x="589" y="223" width="249" height="206"/>
</OView>
<OView class="oracle.dbtools.crest.swingui.relational.TVTable" oid="3B5DFEF0-B223-C91E-F6CA-BE551180F562" otype="Table" vid="C9ECEDAB-7701-B7AF-6447-CE8567E22E33">
<hideElementsInCurrentOnly>false</hideElementsInCurrentOnly>
<bounds x="20" y="46" width="223" height="122"/>
</OView>
<OView class="oracle.dbtools.crest.swingui.relational.TVTable" oid="43B5BFAB-D2C2-4F51-FD41-A6E08A8AA67F" otype="Table" vid="35A53791-A984-0D09-B9BA-335F9321B5FE">
<hideElementsInCurrentOnly>false</hideElementsInCurrentOnly>
<bounds x="10" y="355" width="216" height="108"/>
</OView>
<OView class="oracle.dbtools.crest.swingui.relational.TVTable" oid="5C469D76-ABF1-57A4-5307-58422FB3C0A7" otype="Table" vid="1AC579F6-D8E0-D8A9-6D52-C8999398CB06">
<hideElementsInCurrentOnly>false</hideElementsInCurrentOnly>
<bounds x="659" y="83" width="202" height="88"/>
</OView>
<OView class="oracle.dbtools.crest.swingui.relational.TVTable" oid="6E0AD3D5-F50C-3647-E89C-75478E985910" otype="Table" vid="7893A086-7111-A29D-656A-7CA3548B4615">
<hideElementsInCurrentOnly>false</hideElementsInCurrentOnly>
<bounds x="295" y="154" width="228" height="318"/>
</OView>
<OView class="oracle.dbtools.crest.swingui.relational.TVTable" oid="89BD5A4A-18D2-55F8-53A1-6617A02B4CD8" otype="Table" vid="A187AEEB-39B5-B7FF-FDE3-31D605C45153">
<hideElementsInCurrentOnly>false</hideElementsInCurrentOnly>
<bounds x="325" y="30" width="192" height="88"/>
</OView>
<OView class="oracle.dbtools.crest.swingui.relational.TVTable" oid="93D2CB78-4818-598D-80E4-1F15C254CD3D" otype="Table" vid="6543E64D-5CAD-C53B-6B53-72097BD5DAD8">
<hideElementsInCurrentOnly>false</hideElementsInCurrentOnly>
<bounds x="1124" y="376" width="240" height="178"/>
</OView>
<OView class="oracle.dbtools.crest.swingui.relational.TVTable" oid="D1322D96-48D9-7F6E-6926-A97675EDC4C8" otype="Table" vid="A269E30D-6421-03B7-FF28-AB821013D920">
<hideElementsInCurrentOnly>false</hideElementsInCurrentOnly>
<bounds x="12" y="225" width="236" height="108"/>
</OView>
<OView class="oracle.dbtools.crest.swingui.relational.TVTable" oid="EA29FC13-5AC8-6BC4-3A2F-6FDC0609D57C" otype="Table" vid="675728E7-CC8E-0975-55A4-E8CB2C97900F">
<hideElementsInCurrentOnly>false</hideElementsInCurrentOnly>
<bounds x="873" y="334" width="201" height="116"/>
</OView>
<OView class="oracle.dbtools.crest.swingui.relational.TVTable" oid="F2861633-83C1-5D48-271B-E11598FD55B8" otype="Table" vid="629FB5EF-3C76-C359-E3EE-8C008A0BDC53">
<hideElementsInCurrentOnly>false</hideElementsInCurrentOnly>
<bounds x="1025" y="87" width="224" height="122"/>
</OView>
</objectViews>
<connectors>
<Connector class="oracle.dbtools.crest.swingui.relational.TVFKRelation" oid="100D4E2E-9A07-EF14-AB61-A865B09D6252" otype="FKIndexAssociation" vid_source="7893A086-7111-A29D-656A-7CA3548B4615" vid_target="A269E30D-6421-03B7-FF28-AB821013D920">
<hideElementsInCurrentOnly>false</hideElementsInCurrentOnly>
<backgroundColor>-16777216</backgroundColor>
<lineWidth>1</lineWidth>
<points>
<point x="295" y="279"/>
<point x="248" y="279"/>
</points>
</Connector>
<Connector class="oracle.dbtools.crest.swingui.relational.TVFKRelation" oid="21504E9A-0C06-AA0E-D3FD-B28C38AF6487" otype="FKIndexAssociation" vid_source="4ECD6F51-1F20-0E4A-0F3B-C166DAE86E30" vid_target="35A53791-A984-0D09-B9BA-335F9321B5FE">
<hideElementsInCurrentOnly>false</hideElementsInCurrentOnly>
<backgroundColor>-16777216</backgroundColor>
<lineWidth>1</lineWidth>
<points>
<point x="124" y="517"/>
<point x="124" y="463"/>
</points>
</Connector>
<Connector class="oracle.dbtools.crest.swingui.relational.TVFKRelation" oid="2501A605-B09C-79F6-B0E2-6BE9CDA77242" otype="FKIndexAssociation" vid_source="EC8233F8-A716-4EA8-331A-D35021C2B848" vid_target="403C496F-48B2-25DA-7195-A29A9333A2EE">
<hideElementsInCurrentOnly>false</hideElementsInCurrentOnly>
<backgroundColor>-16777216</backgroundColor>
<lineWidth>1</lineWidth>
<points>
<point x="724" y="487"/>
<point x="724" y="429"/>
</points>
</Connector>
<Connector class="oracle.dbtools.crest.swingui.relational.TVFKRelation" oid="366FE5FC-29CE-A206-93D1-6B1FC1D7D488" otype="FKIndexAssociation" vid_source="AABC1E5F-384F-00BB-555D-E82FA0BDF51E" vid_target="7893A086-7111-A29D-656A-7CA3548B4615">
<hideElementsInCurrentOnly>false</hideElementsInCurrentOnly>
<backgroundColor>-16777216</backgroundColor>
<lineWidth>1</lineWidth>
<points>
<point x="389" y="519"/>
<point x="389" y="472"/>
</points>
</Connector>
<Connector class="oracle.dbtools.crest.swingui.relational.TVFKRelation" oid="5A3239EB-DD26-344F-0478-26A944630B49" otype="FKIndexAssociation" vid_source="6787BEEE-D733-DB4D-D16E-235C28F28198" vid_target="EC8233F8-A716-4EA8-331A-D35021C2B848">
<hideElementsInCurrentOnly>false</hideElementsInCurrentOnly>
<backgroundColor>-16777216</backgroundColor>
<lineWidth>1</lineWidth>
<points>
<point x="902" y="593"/>
<point x="829" y="593"/>
</points>
</Connector>
<Connector class="oracle.dbtools.crest.swingui.relational.TVFKRelation" oid="6FCF40EF-CA01-A3C9-C7F5-8BA39C66841B" otype="FKIndexAssociation" vid_source="A187AEEB-39B5-B7FF-FDE3-31D605C45153" vid_target="7893A086-7111-A29D-656A-7CA3548B4615">
<hideElementsInCurrentOnly>false</hideElementsInCurrentOnly>
<backgroundColor>-16777216</backgroundColor>
<lineWidth>1</lineWidth>
<points>
<point x="421" y="118"/>
<point x="421" y="154"/>
</points>
</Connector>
<Connector class="oracle.dbtools.crest.swingui.relational.TVFKRelation" oid="83F43EF0-4460-9315-85A8-422BAD511113" otype="FKIndexAssociation" vid_source="675728E7-CC8E-0975-55A4-E8CB2C97900F" vid_target="403C496F-48B2-25DA-7195-A29A9333A2EE">
<hideElementsInCurrentOnly>false</hideElementsInCurrentOnly>
<backgroundColor>-16777216</backgroundColor>
<lineWidth>1</lineWidth>
<points>
<point x="873" y="381"/>
<point x="838" y="381"/>
</points>
</Connector>
<Connector class="oracle.dbtools.crest.swingui.relational.TVFKRelation" oid="9377BA7F-BC28-BB80-BCDC-3F037BC479ED" otype="FKIndexAssociation" vid_source="629FB5EF-3C76-C359-E3EE-8C008A0BDC53" vid_target="6543E64D-5CAD-C53B-6B53-72097BD5DAD8">
<hideElementsInCurrentOnly>false</hideElementsInCurrentOnly>
<backgroundColor>-16777216</backgroundColor>
<lineWidth>1</lineWidth>
<points>
<point x="1186" y="209"/>
<point x="1186" y="376"/>
</points>
</Connector>
<Connector class="oracle.dbtools.crest.swingui.relational.TVFKRelation" oid="99F0E285-2B23-E8B3-D7C7-8A4DABF7E6BB" otype="FKIndexAssociation" vid_source="EC8233F8-A716-4EA8-331A-D35021C2B848" vid_target="6543E64D-5CAD-C53B-6B53-72097BD5DAD8">
<hideElementsInCurrentOnly>false</hideElementsInCurrentOnly>
<backgroundColor>-16777216</backgroundColor>
<lineWidth>1</lineWidth>
<points>
<point x="829" y="520"/>
<point x="1124" y="520"/>
</points>
</Connector>
<Connector class="oracle.dbtools.crest.swingui.relational.TVFKRelation" oid="9F0FFAEC-370D-DD3A-EF8F-D1F9F9BFF577" otype="FKIndexAssociation" vid_source="7893A086-7111-A29D-656A-7CA3548B4615" vid_target="629FB5EF-3C76-C359-E3EE-8C008A0BDC53">
<hideElementsInCurrentOnly>false</hideElementsInCurrentOnly>
<backgroundColor>-16777216</backgroundColor>
<lineWidth>1</lineWidth>
<points>
<point x="523" y="181"/>
<point x="1025" y="181"/>
</points>
</Connector>
<Connector class="oracle.dbtools.crest.swingui.relational.TVFKRelation" oid="AABEB8E0-3F71-6D12-4E3F-C8902A9222BA" otype="FKIndexAssociation" vid_source="7893A086-7111-A29D-656A-7CA3548B4615" vid_target="C9ECEDAB-7701-B7AF-6447-CE8567E22E33">
<hideElementsInCurrentOnly>false</hideElementsInCurrentOnly>
<backgroundColor>-16777216</backgroundColor>
<lineWidth>1</lineWidth>
<points>
<point x="295" y="161"/>
<point x="243" y="161"/>
</points>
</Connector>
<Connector class="oracle.dbtools.crest.swingui.relational.TVFKRelation" oid="BBAF214E-FD87-0C03-59AC-921682603149" otype="FKIndexAssociation" vid_source="7893A086-7111-A29D-656A-7CA3548B4615" vid_target="403C496F-48B2-25DA-7195-A29A9333A2EE">
<hideElementsInCurrentOnly>false</hideElementsInCurrentOnly>
<backgroundColor>-16777216</backgroundColor>
<lineWidth>1</lineWidth>
<points>
<point x="523" y="326"/>
<point x="589" y="326"/>
</points>
</Connector>
<Connector class="oracle.dbtools.crest.swingui.relational.TVFKRelation" oid="C11E26F8-924D-1CC5-3F4B-C6C5249EE5E0" otype="FKIndexAssociation" vid_source="AABC1E5F-384F-00BB-555D-E82FA0BDF51E" vid_target="EC8233F8-A716-4EA8-331A-D35021C2B848">
<hideElementsInCurrentOnly>false</hideElementsInCurrentOnly>
<backgroundColor>-16777216</backgroundColor>
<lineWidth>1</lineWidth>
<points>
<point x="484" y="578"/>
<point x="619" y="578"/>
</points>
</Connector>
<Connector class="oracle.dbtools.crest.swingui.relational.TVFKRelation" oid="CA457674-18FF-9AE3-5A62-77DE0B192FBB" otype="FKIndexAssociation" vid_source="1AC579F6-D8E0-D8A9-6D52-C8999398CB06" vid_target="7893A086-7111-A29D-656A-7CA3548B4615">
<hideElementsInCurrentOnly>false</hideElementsInCurrentOnly>
<backgroundColor>-16777216</backgroundColor>
<lineWidth>1</lineWidth>
<points>
<point x="659" y="162"/>
<point x="523" y="162"/>
</points>
</Connector>
<Connector class="oracle.dbtools.crest.swingui.relational.TVFKRelation" oid="E942A83B-FB37-52FC-AB6C-5C4A686BC4B4" otype="FKIndexAssociation" vid_source="7893A086-7111-A29D-656A-7CA3548B4615" vid_target="7893A086-7111-A29D-656A-7CA3548B4615">
<hideElementsInCurrentOnly>false</hideElementsInCurrentOnly>
<backgroundColor>-16777216</backgroundColor>
<lineWidth>1</lineWidth>
<points>
<point x="523" y="341"/>
<point x="548" y="341"/>
<point x="548" y="497"/>
<point x="429" y="497"/>
<point x="429" y="472"/>
</points>
</Connector>
<Connector class="oracle.dbtools.crest.swingui.relational.TVFKRelation" oid="FA681F0E-5792-05A4-37D9-F86D0A15E6E6" otype="FKIndexAssociation" vid_source="35A53791-A984-0D09-B9BA-335F9321B5FE" vid_target="AABC1E5F-384F-00BB-555D-E82FA0BDF51E">
<hideElementsInCurrentOnly>false</hideElementsInCurrentOnly>
<backgroundColor>-16777216</backgroundColor>
<lineWidth>1</lineWidth>
<points>
<point x="199" y="463"/>
<point x="284" y="519"/>
</points>
</Connector>
</connectors>
</Diagram>