<?xml version = '1.0' encoding = 'UTF-8'?>
<SequenceOraclev10g class="oracle.dbtools.crest.model.design.storage.oracle.v10g.SequenceOraclev10g" name="seq_region" directorySegmentName="seg_0" id="B1B9BB63-52AF-2FC8-3F0E-CE65A00D0933">
<sourceDDLFile>conexión_PRY2204_s9.sql</sourceDDLFile>
<createdBy>santo</createdBy>
<createdTime>2025-10-09 08:35:43 UTC</createdTime>
<ownerDesignName>Cristaleria_Andina_s9</ownerDesignName>
<incrementBy>1</incrementBy>
<startWith>21</startWith>
</SequenceOraclev10g>