<?xml version = '1.0' encoding = 'UTF-8'?>
<Entity class="oracle.dbtools.crest.model.design.logical.Entity" directorySegmentName="seg_0" id="05EF39A0-A261-1A90-756C-2F2B7CC14886" name="COMUNA">
<createdBy>santo</createdBy>
<createdTime>2025-09-08 10:31:31 UTC</createdTime>
<ownerDesignName>SEM4</ownerDesignName>
<engineerTo>
<item key="B530ADB9-3CD7-70C3-5781-FD7878C5F9BD" value="true"/>
</engineerTo>
<adequatelyNormalized>NO</adequatelyNormalized>
<expectedVolumes>0</expectedVolumes>
<fwdEngineeringStrategyName>Single Table</fwdEngineeringStrategyName>
<growthPercent>0</growthPercent>
<growthType>Year</growthType>
<maxVolumes>9999999</maxVolumes>
<minVolumes>0</minVolumes>
<normalForm>Third</normalForm>
<attributes itemClass="oracle.dbtools.crest.model.design.logical.Attribute">
<Attribute name="id_comuna" id="DEF0AE18-D9DB-D201-B5FD-27E3AB77E29D">
<createdBy>santo</createdBy>
<createdTime>2025-09-08 10:33:11 UTC</createdTime>
<ownerDesignName>SEM4</ownerDesignName>
<engineerTo>
<item key="B530ADB9-3CD7-70C3-5781-FD7878C5F9BD" value="true"/>
</engineerTo>
<useDomainConstraints>false</useDomainConstraints>
<use>1</use>
<logicalDatatype>LOGDT011</logicalDatatype>
<ownDataTypeParameters>,,</ownDataTypeParameters>
</Attribute>
<Attribute name="nombre" id="420748F7-CDC2-3297-52AC-B94BD4B4B60A">
<createdBy>santo</createdBy>
<createdTime>2025-09-08 10:33:11 UTC</createdTime>
<ownerDesignName>SEM4</ownerDesignName>
<engineerTo>
<item key="B530ADB9-3CD7-70C3-5781-FD7878C5F9BD" value="true"/>
</engineerTo>
<useDomainConstraints>false</useDomainConstraints>
<use>1</use>
<logicalDatatype>LOGDT024</logicalDatatype>
<dataTypeSize>50 CHAR</dataTypeSize>
<ownDataTypeParameters>50 CHAR,,</ownDataTypeParameters>
</Attribute>
<Attribute name="id_ciudad" id="0EC29B50-5483-608E-9DD7-D1F36E3692AE">
<createdBy>santo</createdBy>
<createdTime>2025-09-08 11:22:24 UTC</createdTime>
<generatorID>E9E91D56-34FC-F8E1-F9F7-C695590F0FE6</generatorID>
<ownerDesignName>SEM4</ownerDesignName>
<engineerTo>
<item key="B530ADB9-3CD7-70C3-5781-FD7878C5F9BD" value="true"/>
</engineerTo>
<referedAttribute>D2720E3C-3F02-0340-638B-8F7A2BA76553</referedAttribute>
<useDomainConstraints>false</useDomainConstraints>
<use>1</use>
<logicalDatatype>LOGDT011</logicalDatatype>
<ownDataTypeParameters>,,</ownDataTypeParameters>
</Attribute>
</attributes>
<identifiers itemClass="oracle.dbtools.crest.model.design.logical.CandidateKey">
<identifier id="08F9AA05-D294-0173-9CFD-C95A07BAC9CC" name="COMUNA PK">
<createdBy>santo</createdBy>
<createdTime>2025-09-08 10:33:17 UTC</createdTime>
<ownerDesignName>SEM4</ownerDesignName>
<engineerTo>
<item key="B530ADB9-3CD7-70C3-5781-FD7878C5F9BD" value="true"/>
</engineerTo>
<pk>true</pk>
<usedAttributes>
<attributeRef>DEF0AE18-D9DB-D201-B5FD-27E3AB77E29D</attributeRef>
</usedAttributes>
</identifier>
</identifiers>
</Entity>