<?xml version = '1.0' encoding = 'UTF-8'?>
<Entity class="oracle.dbtools.crest.model.design.logical.Entity" directorySegmentName="seg_0" id="0CB20054-3AD7-0704-D131-03776F67D818" name="REGION">
<createdBy>santo</createdBy>
<createdTime>2025-09-08 10:31:22 UTC</createdTime>
<ownerDesignName>SEM4</ownerDesignName>
<engineerTo>
<item key="B530ADB9-3CD7-70C3-5781-FD7878C5F9BD" value="true"/>
</engineerTo>
<adequatelyNormalized>NO</adequatelyNormalized>
<expectedVolumes>0</expectedVolumes>
<fwdEngineeringStrategyName>Single Table</fwdEngineeringStrategyName>
<growthPercent>0</growthPercent>
<growthType>Year</growthType>
<maxVolumes>9999999</maxVolumes>
<minVolumes>0</minVolumes>
<normalForm>Third</normalForm>
<attributes itemClass="oracle.dbtools.crest.model.design.logical.Attribute">
<Attribute name="id_region" id="810A9552-69B0-C6B7-CC52-60A60F0A30DF">
<createdBy>santo</createdBy>
<createdTime>2025-09-08 10:32:25 UTC</createdTime>
<ownerDesignName>SEM4</ownerDesignName>
<engineerTo>
<item key="B530ADB9-3CD7-70C3-5781-FD7878C5F9BD" value="true"/>
</engineerTo>
<useDomainConstraints>false</useDomainConstraints>
<use>1</use>
<logicalDatatype>LOGDT011</logicalDatatype>
<ownDataTypeParameters>,,</ownDataTypeParameters>
</Attribute>
<Attribute name="nombre" id="45BBD903-CEEC-D134-F55E-29E2782EA0E5">
<createdBy>santo</createdBy>
<createdTime>2025-09-08 10:32:48 UTC</createdTime>
<ownerDesignName>SEM4</ownerDesignName>
<engineerTo>
<item key="B530ADB9-3CD7-70C3-5781-FD7878C5F9BD" value="true"/>
</engineerTo>
<useDomainConstraints>false</useDomainConstraints>
<use>1</use>
<logicalDatatype>LOGDT024</logicalDatatype>
<dataTypeSize>50 CHAR</dataTypeSize>
<ownDataTypeParameters>50 CHAR,,</ownDataTypeParameters>
</Attribute>
<Attribute name="pais_id" id="CB65B37C-774A-0F98-7B99-2E6B66E29B8F">
<createdBy>santo</createdBy>
<createdTime>2025-09-08 11:05:47 UTC</createdTime>
<generatorID>0392B5B5-5A93-F2B6-52BF-0CB65F5FA974</generatorID>
<ownerDesignName>SEM4</ownerDesignName>
<engineerTo>
<item key="B530ADB9-3CD7-70C3-5781-FD7878C5F9BD" value="true"/>
</engineerTo>
<referedAttribute>AEFD2FEF-A653-1850-8B87-23B98D3E264B</referedAttribute>
<useDomainConstraints>false</useDomainConstraints>
<use>1</use>
<logicalDatatype>LOGDT011</logicalDatatype>
<ownDataTypeParameters>,,</ownDataTypeParameters>
</Attribute>
</attributes>
<identifiers itemClass="oracle.dbtools.crest.model.design.logical.CandidateKey">
<identifier id="B0A25508-A0DC-065F-8F73-63DB6390671F" name="REGION PK">
<createdBy>santo</createdBy>
<createdTime>2025-09-08 10:32:38 UTC</createdTime>
<ownerDesignName>SEM4</ownerDesignName>
<engineerTo>
<item key="B530ADB9-3CD7-70C3-5781-FD7878C5F9BD" value="true"/>
</engineerTo>
<pk>true</pk>
<usedAttributes>
<attributeRef>810A9552-69B0-C6B7-CC52-60A60F0A30DF</attributeRef>
</usedAttributes>
</identifier>
</identifiers>
</Entity>