<?xml version = '1.0' encoding = 'UTF-8'?>
<Entity class="oracle.dbtools.crest.model.design.logical.Entity" directorySegmentName="seg_0" id="1414C2B1-0FB5-A673-4E3E-EC67EFC6C03B" name="POSTULANTE">
<createdBy>santo</createdBy>
<createdTime>2025-09-07 09:37:47 UTC</createdTime>
<ownerDesignName>SEM4</ownerDesignName>
<engineerTo>
<item key="B530ADB9-3CD7-70C3-5781-FD7878C5F9BD" value="true"/>
</engineerTo>
<adequatelyNormalized>NO</adequatelyNormalized>
<expectedVolumes>0</expectedVolumes>
<fwdEngineeringStrategyName>Single Table</fwdEngineeringStrategyName>
<growthPercent>0</growthPercent>
<growthType>Year</growthType>
<maxVolumes>9999999</maxVolumes>
<minVolumes>0</minVolumes>
<normalForm>Third</normalForm>
<attributes itemClass="oracle.dbtools.crest.model.design.logical.Attribute">
<Attribute name="id_postulante" id="2DF20829-D41D-AA1B-0646-DD957FC95D11">
<createdBy>santo</createdBy>
<createdTime>2025-09-07 09:37:55 UTC</createdTime>
<ownerDesignName>SEM4</ownerDesignName>
<engineerTo>
<item key="B530ADB9-3CD7-70C3-5781-FD7878C5F9BD" value="true"/>
</engineerTo>
<useDomainConstraints>false</useDomainConstraints>
<use>1</use>
<logicalDatatype>LOGDT011</logicalDatatype>
<ownDataTypeParameters>,,</ownDataTypeParameters>
</Attribute>
<Attribute name="nombre" id="88DD5942-1F86-9977-B083-20596586F510">
<createdBy>santo</createdBy>
<createdTime>2025-09-07 09:39:14 UTC</createdTime>
<ownerDesignName>SEM4</ownerDesignName>
<engineerTo>
<item key="B530ADB9-3CD7-70C3-5781-FD7878C5F9BD" value="true"/>
</engineerTo>
<useDomainConstraints>false</useDomainConstraints>
<use>1</use>
<logicalDatatype>LOGDT024</logicalDatatype>
<dataTypeSize>30 CHAR</dataTypeSize>
<ownDataTypeParameters>30 CHAR,,</ownDataTypeParameters>
</Attribute>
<Attribute name="primapellido" id="FD433BD7-B131-D082-E842-0436D6C85E06">
<createdBy>santo</createdBy>
<createdTime>2025-09-07 09:39:42 UTC</createdTime>
<ownerDesignName>SEM4</ownerDesignName>
<engineerTo>
<item key="B530ADB9-3CD7-70C3-5781-FD7878C5F9BD" value="true"/>
</engineerTo>
<useDomainConstraints>false</useDomainConstraints>
<use>1</use>
<logicalDatatype>LOGDT024</logicalDatatype>
<dataTypeSize>30 CHAR</dataTypeSize>
<ownDataTypeParameters>30 CHAR,,</ownDataTypeParameters>
</Attribute>
<Attribute name="segapellido" id="4D49B5CB-9DEA-1262-C93A-8DB2BA63D468">
<createdBy>santo</createdBy>
<createdTime>2025-09-07 09:39:47 UTC</createdTime>
<ownerDesignName>SEM4</ownerDesignName>
<engineerTo>
<item key="B530ADB9-3CD7-70C3-5781-FD7878C5F9BD" value="true"/>
</engineerTo>
<nullsAllowed>true</nullsAllowed>
<useDomainConstraints>false</useDomainConstraints>
<use>1</use>
<logicalDatatype>LOGDT024</logicalDatatype>
<dataTypeSize>30 CHAR</dataTypeSize>
<ownDataTypeParameters>30 CHAR,,</ownDataTypeParameters>
</Attribute>
<Attribute name="email" id="A6315768-D258-35CC-B1E1-FD75155CCFD2">
<createdBy>santo</createdBy>
<createdTime>2025-09-07 09:41:22 UTC</createdTime>
<ownerDesignName>SEM4</ownerDesignName>
<engineerTo>
<item key="B530ADB9-3CD7-70C3-5781-FD7878C5F9BD" value="true"/>
</engineerTo>
<useDomainConstraints>false</useDomainConstraints>
<use>1</use>
<logicalDatatype>LOGDT024</logicalDatatype>
<dataTypeSize>50 CHAR</dataTypeSize>
<ownDataTypeParameters>50 CHAR,,</ownDataTypeParameters>
</Attribute>
<Attribute name="direccion_chilena" id="28645679-FF25-4150-FE96-1D2512C75071">
<createdBy>santo</createdBy>
<createdTime>2025-09-08 11:43:10 UTC</createdTime>
<ownerDesignName>SEM4</ownerDesignName>
<engineerTo>
<item key="B530ADB9-3CD7-70C3-5781-FD7878C5F9BD" value="true"/>
</engineerTo>
<useDomainConstraints>false</useDomainConstraints>
<use>1</use>
<logicalDatatype>LOGDT024</logicalDatatype>
<dataTypeSize>100 CHAR</dataTypeSize>
<ownDataTypeParameters>100 CHAR,,</ownDataTypeParameters>
</Attribute>
<Attribute name="renta_actual" id="2A1C1F73-63DB-0167-1040-4EC5ECBFC75A">
<createdBy>santo</createdBy>
<createdTime>2025-09-07 09:42:49 UTC</createdTime>
<ownerDesignName>SEM4</ownerDesignName>
<engineerTo>
<item key="B530ADB9-3CD7-70C3-5781-FD7878C5F9BD" value="true"/>
</engineerTo>
<useDomainConstraints>false</useDomainConstraints>
<use>1</use>
<logicalDatatype>LOGDT019</logicalDatatype>
<ownDataTypeParameters>,,</ownDataTypeParameters>
</Attribute>
<Attribute name="fecha_nacimiento" id="54BD0AD1-E2B0-13E1-E33A-61079DC42569">
<createdBy>santo</createdBy>
<createdTime>2025-09-07 09:44:18 UTC</createdTime>
<ownerDesignName>SEM4</ownerDesignName>
<engineerTo>
<item key="B530ADB9-3CD7-70C3-5781-FD7878C5F9BD" value="true"/>
</engineerTo>
<useDomainConstraints>false</useDomainConstraints>
<use>1</use>
<logicalDatatype>LOGDT007</logicalDatatype>
<ownDataTypeParameters>,,</ownDataTypeParameters>
</Attribute>
<Attribute name="website" id="4A533DE5-23F2-3FAD-7809-4E1A88EBAEFA">
<createdBy>santo</createdBy>
<createdTime>2025-09-07 09:44:39 UTC</createdTime>
<ownerDesignName>SEM4</ownerDesignName>
<engineerTo>
<item key="B530ADB9-3CD7-70C3-5781-FD7878C5F9BD" value="true"/>
</engineerTo>
<nullsAllowed>true</nullsAllowed>
<useDomainConstraints>false</useDomainConstraints>
<use>1</use>
<logicalDatatype>LOGDT024</logicalDatatype>
<dataTypeSize>100 CHAR</dataTypeSize>
<ownDataTypeParameters>100 CHAR,,</ownDataTypeParameters>
</Attribute>
<Attribute name="estcivil_id" id="C51A4A72-5561-2D94-96E6-D6DDECCF6D23">
<createdBy>santo</createdBy>
<createdTime>2025-09-08 11:31:49 UTC</createdTime>
<generatorID>2AF13D92-2B37-0896-0D72-0EE5588A8FFF</generatorID>
<ownerDesignName>SEM4</ownerDesignName>
<engineerTo>
<item key="B530ADB9-3CD7-70C3-5781-FD7878C5F9BD" value="true"/>
</engineerTo>
<referedAttribute>287350B1-74BD-1CC2-12BD-BC393738C248</referedAttribute>
<useDomainConstraints>false</useDomainConstraints>
<use>1</use>
<logicalDatatype>LOGDT011</logicalDatatype>
<ownDataTypeParameters>,,</ownDataTypeParameters>
</Attribute>
<Attribute name="titulo_id" id="367849AD-CBA5-4827-5CDB-C41A49FB79D3">
<createdBy>santo</createdBy>
<createdTime>2025-09-08 11:33:33 UTC</createdTime>
<generatorID>A53B6C3A-0266-B78C-2845-E763C69206CB</generatorID>
<ownerDesignName>SEM4</ownerDesignName>
<engineerTo>
<item key="B530ADB9-3CD7-70C3-5781-FD7878C5F9BD" value="true"/>
</engineerTo>
<referedAttribute>FC825254-FFC1-4D17-F96A-54FD0F19CC73</referedAttribute>
<useDomainConstraints>false</useDomainConstraints>
<use>1</use>
<logicalDatatype>LOGDT011</logicalDatatype>
<ownDataTypeParameters>,,</ownDataTypeParameters>
</Attribute>
<Attribute name="grado_id" id="ED48BAEE-DC89-82D5-D04F-049B0524258C">
<createdBy>santo</createdBy>
<createdTime>2025-09-08 11:41:26 UTC</createdTime>
<generatorID>062C4174-F30C-5FC6-4651-ED8366890E16</generatorID>
<ownerDesignName>SEM4</ownerDesignName>
<engineerTo>
<item key="B530ADB9-3CD7-70C3-5781-FD7878C5F9BD" value="true"/>
</engineerTo>
<referedAttribute>54A93409-E88A-BA06-E0D5-AC5D08FA1FFA</referedAttribute>
<useDomainConstraints>false</useDomainConstraints>
<use>1</use>
<logicalDatatype>LOGDT025</logicalDatatype>
<dataTypeSize>1 CHAR</dataTypeSize>
<ownDataTypeParameters>,,</ownDataTypeParameters>
</Attribute>
<Attribute name="gen_id" id="5D7BD0EE-71BD-2327-8416-295EADD4FEC2">
<createdBy>santo</createdBy>
<createdTime>2025-09-08 11:41:58 UTC</createdTime>
<generatorID>F06C4544-9E9D-2CF9-D34B-0A0046AD942D</generatorID>
<ownerDesignName>SEM4</ownerDesignName>
<engineerTo>
<item key="B530ADB9-3CD7-70C3-5781-FD7878C5F9BD" value="true"/>
</engineerTo>
<referedAttribute>11FD2680-4A97-1C16-2080-11C6F61D31E0</referedAttribute>
<useDomainConstraints>false</useDomainConstraints>
<use>1</use>
<logicalDatatype>LOGDT011</logicalDatatype>
<ownDataTypeParameters>,,</ownDataTypeParameters>
</Attribute>
<Attribute name="comu_id" id="20C2DA2F-49A8-7356-4DE2-2C3BEDFAE43C">
<createdBy>santo</createdBy>
<createdTime>2025-09-08 11:46:02 UTC</createdTime>
<generatorID>75515072-9762-7EEF-9A73-2872AF9F7AE3</generatorID>
<ownerDesignName>SEM4</ownerDesignName>
<engineerTo>
<item key="B530ADB9-3CD7-70C3-5781-FD7878C5F9BD" value="true"/>
</engineerTo>
<referedAttribute>DEF0AE18-D9DB-D201-B5FD-27E3AB77E29D</referedAttribute>
<useDomainConstraints>false</useDomainConstraints>
<use>1</use>
<logicalDatatype>LOGDT011</logicalDatatype>
<ownDataTypeParameters>,,</ownDataTypeParameters>
</Attribute>
<Attribute name="folio_id" id="B5AF2098-3842-9779-9167-36FE191AE723">
<createdBy>santo</createdBy>
<createdTime>2025-09-08 11:50:09 UTC</createdTime>
<generatorID>3873A333-A46A-3365-4647-E2A6030C5FB0</generatorID>
<ownerDesignName>SEM4</ownerDesignName>
<engineerTo>
<item key="B530ADB9-3CD7-70C3-5781-FD7878C5F9BD" value="true"/>
</engineerTo>
<referedAttribute>2A1440B5-31F0-3A32-04F8-D20F88D1B59F</referedAttribute>
<useDomainConstraints>false</useDomainConstraints>
<use>1</use>
<logicalDatatype>LOGDT011</logicalDatatype>
<ownDataTypeParameters>,,</ownDataTypeParameters>
</Attribute>
</attributes>
<identifiers itemClass="oracle.dbtools.crest.model.design.logical.CandidateKey">
<identifier id="4487BA13-F6EA-03B3-BC1D-70A6A515AF45" name="POSTULANTE PK">
<createdBy>santo</createdBy>
<createdTime>2025-09-07 09:38:06 UTC</createdTime>
<ownerDesignName>SEM4</ownerDesignName>
<engineerTo>
<item key="B530ADB9-3CD7-70C3-5781-FD7878C5F9BD" value="true"/>
</engineerTo>
<pk>true</pk>
<usedAttributes>
<attributeRef>2DF20829-D41D-AA1B-0646-DD957FC95D11</attributeRef>
</usedAttributes>
</identifier>
</identifiers>
</Entity>