<?xml version = '1.0' encoding = 'UTF-8'?>
<Entity class="oracle.dbtools.crest.model.design.logical.Entity" directorySegmentName="seg_0" id="21B66534-B62F-36EC-0852-5D9F096E1DF2" name="PAIS">
<createdBy>santo</createdBy>
<createdTime>2025-09-08 10:25:52 UTC</createdTime>
<ownerDesignName>SEM4</ownerDesignName>
<engineerTo>
<item key="B530ADB9-3CD7-70C3-5781-FD7878C5F9BD" value="true"/>
</engineerTo>
<adequatelyNormalized>NO</adequatelyNormalized>
<expectedVolumes>0</expectedVolumes>
<fwdEngineeringStrategyName>Single Table</fwdEngineeringStrategyName>
<growthPercent>0</growthPercent>
<growthType>Year</growthType>
<maxVolumes>9999999</maxVolumes>
<minVolumes>0</minVolumes>
<normalForm>Third</normalForm>
<attributes itemClass="oracle.dbtools.crest.model.design.logical.Attribute">
<Attribute name="id_pais" id="AEFD2FEF-A653-1850-8B87-23B98D3E264B">
<createdBy>santo</createdBy>
<createdTime>2025-09-08 10:28:04 UTC</createdTime>
<ownerDesignName>SEM4</ownerDesignName>
<engineerTo>
<item key="B530ADB9-3CD7-70C3-5781-FD7878C5F9BD" value="true"/>
</engineerTo>
<useDomainConstraints>false</useDomainConstraints>
<use>1</use>
<logicalDatatype>LOGDT011</logicalDatatype>
<ownDataTypeParameters>,,</ownDataTypeParameters>
</Attribute>
<Attribute name="nombre" id="3341A553-46B9-0C1A-05C3-6E271BBA5F86">
<createdBy>santo</createdBy>
<createdTime>2025-09-08 10:28:21 UTC</createdTime>
<ownerDesignName>SEM4</ownerDesignName>
<engineerTo>
<item key="B530ADB9-3CD7-70C3-5781-FD7878C5F9BD" value="true"/>
</engineerTo>
<useDomainConstraints>false</useDomainConstraints>
<use>1</use>
<logicalDatatype>LOGDT024</logicalDatatype>
<dataTypeSize>50 CHAR</dataTypeSize>
<ownDataTypeParameters>50 CHAR,,</ownDataTypeParameters>
</Attribute>
</attributes>
<identifiers itemClass="oracle.dbtools.crest.model.design.logical.CandidateKey">
<identifier id="F034C38B-A83D-56F9-5CDF-800E34A0032F" name="PAIS PK">
<createdBy>santo</createdBy>
<createdTime>2025-09-08 10:28:19 UTC</createdTime>
<ownerDesignName>SEM4</ownerDesignName>
<engineerTo>
<item key="B530ADB9-3CD7-70C3-5781-FD7878C5F9BD" value="true"/>
</engineerTo>
<pk>true</pk>
<usedAttributes>
<attributeRef>AEFD2FEF-A653-1850-8B87-23B98D3E264B</attributeRef>
</usedAttributes>
</identifier>
</identifiers>
</Entity>