<?xml version = '1.0' encoding = 'UTF-8'?>
<Entity class="oracle.dbtools.crest.model.design.logical.Entity" directorySegmentName="seg_0" id="39D929CE-7F58-E032-844A-2C3AB44F631E" name="FOLIO">
<createdBy>santo</createdBy>
<createdTime>2025-09-07 09:33:55 UTC</createdTime>
<ownerDesignName>SEM4</ownerDesignName>
<engineerTo>
<item key="B530ADB9-3CD7-70C3-5781-FD7878C5F9BD" value="true"/>
</engineerTo>
<adequatelyNormalized>NO</adequatelyNormalized>
<expectedVolumes>0</expectedVolumes>
<fwdEngineeringStrategyName>Single Table</fwdEngineeringStrategyName>
<growthPercent>0</growthPercent>
<growthType>Year</growthType>
<maxVolumes>9999999</maxVolumes>
<minVolumes>0</minVolumes>
<normalForm>Third</normalForm>
<attributes itemClass="oracle.dbtools.crest.model.design.logical.Attribute">
<Attribute name="id_folio" id="2A1440B5-31F0-3A32-04F8-D20F88D1B59F">
<createdBy>santo</createdBy>
<createdTime>2025-09-07 09:34:03 UTC</createdTime>
<ownerDesignName>SEM4</ownerDesignName>
<engineerTo>
<item key="B530ADB9-3CD7-70C3-5781-FD7878C5F9BD" value="true"/>
</engineerTo>
<useDomainConstraints>false</useDomainConstraints>
<use>1</use>
<logicalDatatype>LOGDT011</logicalDatatype>
<ownDataTypeParameters>,,</ownDataTypeParameters>
</Attribute>
<Attribute name="fecha_postulacion" id="3D5D7B2A-AADF-B55E-242D-1E07E6B66E04">
<createdBy>santo</createdBy>
<createdTime>2025-09-07 09:36:49 UTC</createdTime>
<ownerDesignName>SEM4</ownerDesignName>
<engineerTo>
<item key="B530ADB9-3CD7-70C3-5781-FD7878C5F9BD" value="true"/>
</engineerTo>
<useDomainConstraints>false</useDomainConstraints>
<use>1</use>
<logicalDatatype>LOGDT007</logicalDatatype>
<ownDataTypeParameters>,,</ownDataTypeParameters>
</Attribute>
<Attribute name="post_id" id="351500AD-8EB2-6867-9D14-CE05D86AF12F">
<createdBy>santo</createdBy>
<createdTime>2025-09-08 11:50:09 UTC</createdTime>
<generatorID>3873A333-A46A-3365-4647-E2A6030C5FB0</generatorID>
<ownerDesignName>SEM4</ownerDesignName>
<engineerTo>
<item key="B530ADB9-3CD7-70C3-5781-FD7878C5F9BD" value="true"/>
</engineerTo>
<referedAttribute>2DF20829-D41D-AA1B-0646-DD957FC95D11</referedAttribute>
<useDomainConstraints>false</useDomainConstraints>
<use>1</use>
<logicalDatatype>LOGDT011</logicalDatatype>
<ownDataTypeParameters>,,</ownDataTypeParameters>
</Attribute>
<Attribute name="id_empresa" id="E39C72B0-728E-9294-ACB5-275E82A8B099">
<createdBy>santo</createdBy>
<createdTime>2025-09-08 11:51:47 UTC</createdTime>
<generatorID>D24928D3-FB15-B144-0650-B5B9964178CF</generatorID>
<ownerDesignName>SEM4</ownerDesignName>
<engineerTo>
<item key="B530ADB9-3CD7-70C3-5781-FD7878C5F9BD" value="true"/>
</engineerTo>
<referedAttribute>A468537D-66D5-C1DA-0519-24104F05DA2B</referedAttribute>
<useDomainConstraints>false</useDomainConstraints>
<use>1</use>
<logicalDatatype>LOGDT024</logicalDatatype>
<dataTypeSize>10 CHAR</dataTypeSize>
<ownDataTypeParameters>,,</ownDataTypeParameters>
</Attribute>
</attributes>
<identifiers itemClass="oracle.dbtools.crest.model.design.logical.CandidateKey">
<identifier id="7115EB00-FE81-52D2-BA90-8CF657DE7783" name="FOLIO PK">
<createdBy>santo</createdBy>
<createdTime>2025-09-07 09:36:32 UTC</createdTime>
<ownerDesignName>SEM4</ownerDesignName>
<engineerTo>
<item key="B530ADB9-3CD7-70C3-5781-FD7878C5F9BD" value="true"/>
</engineerTo>
<pk>true</pk>
<usedAttributes>
<attributeRef>2A1440B5-31F0-3A32-04F8-D20F88D1B59F</attributeRef>
</usedAttributes>
</identifier>
</identifiers>
</Entity>