<?xml version = '1.0' encoding = 'UTF-8'?>
<Entity class="oracle.dbtools.crest.model.design.logical.Entity" directorySegmentName="seg_0" id="5F257893-92D5-8A17-88B4-68409FD60451" name="POSTULANTE_IDIOMA">
<createdBy>santo</createdBy>
<createdTime>2025-09-08 11:36:58 UTC</createdTime>
<ownerDesignName>SEM4</ownerDesignName>
<engineerTo>
<item key="B530ADB9-3CD7-70C3-5781-FD7878C5F9BD" value="true"/>
</engineerTo>
<adequatelyNormalized>NO</adequatelyNormalized>
<expectedVolumes>0</expectedVolumes>
<fwdEngineeringStrategyName>Single Table</fwdEngineeringStrategyName>
<growthPercent>0</growthPercent>
<growthType>Year</growthType>
<maxVolumes>9999999</maxVolumes>
<minVolumes>0</minVolumes>
<normalForm>Third</normalForm>
<attributes itemClass="oracle.dbtools.crest.model.design.logical.Attribute">
<Attribute name="postulante_id" id="73D6C1C5-BC7B-6FA7-DF5F-4B54930562C3">
<createdBy>santo</createdBy>
<createdTime>2025-09-08 11:38:52 UTC</createdTime>
<generatorID>77BE2645-2C62-E6CD-7D05-37F07FBB60C4</generatorID>
<ownerDesignName>SEM4</ownerDesignName>
<engineerTo>
<item key="B530ADB9-3CD7-70C3-5781-FD7878C5F9BD" value="true"/>
</engineerTo>
<referedAttribute>2DF20829-D41D-AA1B-0646-DD957FC95D11</referedAttribute>
<useDomainConstraints>false</useDomainConstraints>
<use>1</use>
<logicalDatatype>LOGDT011</logicalDatatype>
<ownDataTypeParameters>,,</ownDataTypeParameters>
</Attribute>
<Attribute name="idioma_id" id="F8C2126F-C1B6-A58D-8ABD-B813501B0CB6">
<createdBy>santo</createdBy>
<createdTime>2025-09-08 11:39:51 UTC</createdTime>
<generatorID>476FA4CA-50F3-4CE6-2DE1-3C47F66F2B21</generatorID>
<ownerDesignName>SEM4</ownerDesignName>
<engineerTo>
<item key="B530ADB9-3CD7-70C3-5781-FD7878C5F9BD" value="true"/>
</engineerTo>
<referedAttribute>8BF523A5-134E-7E46-FD31-A1E919B9BA16</referedAttribute>
<useDomainConstraints>false</useDomainConstraints>
<use>1</use>
<logicalDatatype>LOGDT011</logicalDatatype>
<ownDataTypeParameters>,,</ownDataTypeParameters>
</Attribute>
</attributes>
<identifiers itemClass="oracle.dbtools.crest.model.design.logical.CandidateKey">
<identifier id="9C59D481-D5B8-C12A-BF39-F55783924D27" name="POSTULANTE_IDIOMA PK">
<createdBy>santo</createdBy>
<createdTime>2025-09-08 11:59:17 UTC</createdTime>
<ownerDesignName>SEM4</ownerDesignName>
<engineerTo>
<item key="B530ADB9-3CD7-70C3-5781-FD7878C5F9BD" value="true"/>
</engineerTo>
<pk>true</pk>
<usedAttributes>
<attributeRef>73D6C1C5-BC7B-6FA7-DF5F-4B54930562C3</attributeRef>
<attributeRef>F8C2126F-C1B6-A58D-8ABD-B813501B0CB6</attributeRef>
</usedAttributes>
</identifier>
</identifiers>
</Entity>