<?xml version = '1.0' encoding = 'UTF-8'?>
<Entity class="oracle.dbtools.crest.model.design.logical.Entity" directorySegmentName="seg_0" id="AA8BE2A3-559E-C0F0-DC6F-370D2D5C7EA3" name="POSTULANTE_CL">
<createdBy>santo</createdBy>
<createdTime>2025-09-07 10:36:06 UTC</createdTime>
<ownerDesignName>SEM4</ownerDesignName>
<engineerTo>
<item key="B530ADB9-3CD7-70C3-5781-FD7878C5F9BD" value="true"/>
</engineerTo>
<adequatelyNormalized>NO</adequatelyNormalized>
<expectedVolumes>0</expectedVolumes>
<fwdEngineeringStrategyName>Single Table</fwdEngineeringStrategyName>
<growthPercent>0</growthPercent>
<growthType>Year</growthType>
<hierarchicalParent>1414C2B1-0FB5-A673-4E3E-EC67EFC6C03B</hierarchicalParent>
<maxVolumes>9999999</maxVolumes>
<minVolumes>0</minVolumes>
<normalForm>Third</normalForm>
<attributes itemClass="oracle.dbtools.crest.model.design.logical.Attribute">
<Attribute name="rut" id="4E6C91E5-20D5-C959-6ADF-F006FD56A48C">
<createdBy>santo</createdBy>
<createdTime>2025-09-07 10:43:07 UTC</createdTime>
<ownerDesignName>SEM4</ownerDesignName>
<engineerTo>
<item key="B530ADB9-3CD7-70C3-5781-FD7878C5F9BD" value="true"/>
</engineerTo>
<useDomainConstraints>false</useDomainConstraints>
<use>1</use>
<logicalDatatype>LOGDT024</logicalDatatype>
<dataTypeSize>9 CHAR</dataTypeSize>
<ownDataTypeParameters>9 CHAR,,</ownDataTypeParameters>
</Attribute>
</attributes>
<identifiers itemClass="oracle.dbtools.crest.model.design.logical.CandidateKey">
<identifier id="F887AA0E-9DC5-8737-D1A0-4A086A5C0ACB" name="POSTULANTE_CL PK">
<createdBy>santo</createdBy>
<createdTime>2025-09-08 09:29:58 UTC</createdTime>
<ownerDesignName>SEM4</ownerDesignName>
<engineerTo>
<item key="B530ADB9-3CD7-70C3-5781-FD7878C5F9BD" value="true"/>
</engineerTo>
<pk>true</pk>
<usedAttributes>
<attributeRef>4E6C91E5-20D5-C959-6ADF-F006FD56A48C</attributeRef>
</usedAttributes>
</identifier>
</identifiers>
</Entity>