<?xml version = '1.0' encoding = 'UTF-8'?>
<Relation class="oracle.dbtools.crest.model.design.logical.Relation" name="pais_region" directorySegmentName="seg_0" id="0392B5B5-5A93-F2B6-52BF-0CB65F5FA974">
<createdBy>santo</createdBy>
<createdTime>2025-09-08 11:05:14 UTC</createdTime>
<ownerDesignName>SEM4</ownerDesignName>
<engineerTo>
<item key="B530ADB9-3CD7-70C3-5781-FD7878C5F9BD" value="true"/>
</engineerTo>
<sourcePk>F034C38B-A83D-56F9-5CDF-800E34A0032F</sourcePk>
<identifying>false</identifying>
<nameOnSource>tiene</nameOnSource>
<nameOnTarget>pertenece </nameOnTarget>
<optionalSource>false</optionalSource>
<optionalTarget>false</optionalTarget>
<sourceCardinality>1</sourceCardinality>
<sourceEntity>21B66534-B62F-36EC-0852-5D9F096E1DF2</sourceEntity>
<targetCardinalityString>*</targetCardinalityString>
<targetEntity>0CB20054-3AD7-0704-D131-03776F67D818</targetEntity>
<transferable>true</transferable>
<deleteRule>NO ACTION</deleteRule>
</Relation>