<?xml version = '1.0' encoding = 'UTF-8'?>
<Relation class="oracle.dbtools.crest.model.design.logical.Relation" name="Relation_18" directorySegmentName="seg_0" id="062C4174-F30C-5FC6-4651-ED8366890E16">
<createdBy>santo</createdBy>
<createdTime>2025-09-08 11:41:02 UTC</createdTime>
<ownerDesignName>SEM4</ownerDesignName>
<engineerTo>
<item key="B530ADB9-3CD7-70C3-5781-FD7878C5F9BD" value="true"/>
</engineerTo>
<sourcePk>5FA4F57E-16CC-51DE-5BAA-44E1AA56AEF6</sourcePk>
<targetPk>4487BA13-F6EA-03B3-BC1D-70A6A515AF45</targetPk>
<identifying>false</identifying>
<nameOnSource>pertenece</nameOnSource>
<nameOnTarget>tiene</nameOnTarget>
<optionalSource>false</optionalSource>
<optionalTarget>false</optionalTarget>
<sourceCardinality>1</sourceCardinality>
<sourceEntity>1C567956-6A1F-3759-A33A-9195A53DCC0C</sourceEntity>
<targetCardinalityString>1</targetCardinalityString>
<targetEntity>1414C2B1-0FB5-A673-4E3E-EC67EFC6C03B</targetEntity>
<transferable>true</transferable>
<deleteRule>NO ACTION</deleteRule>
</Relation>