<?xml version = '1.0' encoding = 'UTF-8'?>
<Relation class="oracle.dbtools.crest.model.design.logical.Relation" name="Relation_8" directorySegmentName="seg_0" id="0C7BD624-7850-6148-849E-C1F2809B3884">
<createdBy>santo</createdBy>
<createdTime>2025-09-08 11:28:58 UTC</createdTime>
<ownerDesignName>SEM4</ownerDesignName>
<engineerTo>
<item key="B530ADB9-3CD7-70C3-5781-FD7878C5F9BD" value="true"/>
</engineerTo>
<sourcePk>C7CB3DFB-625A-0287-1A6E-D6EC6D6EB3C8</sourcePk>
<targetPk>ED3AE239-6AC8-590D-4A70-CFC6BCA552D5</targetPk>
<identifying>false</identifying>
<nameOnSource>tiene</nameOnSource>
<nameOnTarget>pertenece</nameOnTarget>
<optionalSource>false</optionalSource>
<optionalTarget>false</optionalTarget>
<sourceCardinality>1</sourceCardinality>
<sourceEntity>470DE744-BDE9-1152-8311-C74AA61E1BB7</sourceEntity>
<targetCardinalityString>1</targetCardinalityString>
<targetEntity>AFDA44EF-6307-4669-379C-A27BB80D99E4</targetEntity>
<transferable>true</transferable>
<deleteRule>NO ACTION</deleteRule>
</Relation>