<?xml version = '1.0' encoding = 'UTF-8'?>
<Relation class="oracle.dbtools.crest.model.design.logical.Relation" name="Relation_12" directorySegmentName="seg_0" id="2AF13D92-2B37-0896-0D72-0EE5588A8FFF">
<createdBy>santo</createdBy>
<createdTime>2025-09-08 11:31:12 UTC</createdTime>
<ownerDesignName>SEM4</ownerDesignName>
<engineerTo>
<item key="B530ADB9-3CD7-70C3-5781-FD7878C5F9BD" value="true"/>
</engineerTo>
<sourcePk>94B9EFC7-ACAE-47DE-6E51-978FEB27E7C9</sourcePk>
<identifying>false</identifying>
<nameOnSource> pertenece</nameOnSource>
<nameOnTarget>tiene</nameOnTarget>
<optionalSource>false</optionalSource>
<optionalTarget>false</optionalTarget>
<sourceCardinality>1</sourceCardinality>
<sourceEntity>F1DCB8F6-20F1-6D81-B8B0-26CEA4CFF3EA</sourceEntity>
<targetCardinalityString>*</targetCardinalityString>
<targetEntity>1414C2B1-0FB5-A673-4E3E-EC67EFC6C03B</targetEntity>
<transferable>true</transferable>
<deleteRule>NO ACTION</deleteRule>
</Relation>