<?xml version = '1.0' encoding = 'UTF-8'?>
<Relation class="oracle.dbtools.crest.model.design.logical.Relation" name="Relation_22" directorySegmentName="seg_0" id="3873A333-A46A-3365-4647-E2A6030C5FB0">
<createdBy>santo</createdBy>
<createdTime>2025-09-08 11:49:49 UTC</createdTime>
<ownerDesignName>SEM4</ownerDesignName>
<engineerTo>
<item key="B530ADB9-3CD7-70C3-5781-FD7878C5F9BD" value="true"/>
</engineerTo>
<sourcePk>4487BA13-F6EA-03B3-BC1D-70A6A515AF45</sourcePk>
<targetPk>7115EB00-FE81-52D2-BA90-8CF657DE7783</targetPk>
<identifying>false</identifying>
<nameOnSource>tiene</nameOnSource>
<nameOnTarget>tiene</nameOnTarget>
<optionalSource>false</optionalSource>
<optionalTarget>false</optionalTarget>
<sourceCardinality>1</sourceCardinality>
<sourceEntity>1414C2B1-0FB5-A673-4E3E-EC67EFC6C03B</sourceEntity>
<targetCardinalityString>1</targetCardinalityString>
<targetEntity>39D929CE-7F58-E032-844A-2C3AB44F631E</targetEntity>
<transferable>true</transferable>
<deleteRule>NO ACTION</deleteRule>
</Relation>