<?xml version = '1.0' encoding = 'UTF-8'?>
<Relation class="oracle.dbtools.crest.model.design.logical.Relation" name="empresa_pais" directorySegmentName="seg_0" id="416812AC-50F1-8253-D54F-2F91B8DA3D7E">
<createdBy>santo</createdBy>
<createdTime>2025-09-08 11:22:52 UTC</createdTime>
<ownerDesignName>SEM4</ownerDesignName>
<engineerTo>
<item key="B530ADB9-3CD7-70C3-5781-FD7878C5F9BD" value="true"/>
</engineerTo>
<targetPk>08F9AA05-D294-0173-9CFD-C95A07BAC9CC</targetPk>
<identifying>false</identifying>
<nameOnSource>pertenece</nameOnSource>
<nameOnTarget>puede tener</nameOnTarget>
<optionalSource>false</optionalSource>
<optionalTarget>true</optionalTarget>
<sourceCardinality>*</sourceCardinality>
<sourceEntity>3A4CD51E-26F1-85AB-F8C0-FC45AE63804A</sourceEntity>
<targetCardinalityString>1</targetCardinalityString>
<targetEntity>05EF39A0-A261-1A90-756C-2F2B7CC14886</targetEntity>
<transferable>true</transferable>
<deleteRule>NO ACTION</deleteRule>
</Relation>