<?xml version = '1.0' encoding = 'UTF-8'?>
<Relation class="oracle.dbtools.crest.model.design.logical.Relation" name="Relation_16" directorySegmentName="seg_0" id="476FA4CA-50F3-4CE6-2DE1-3C47F66F2B21">
<createdBy>santo</createdBy>
<createdTime>2025-09-08 11:38:59 UTC</createdTime>
<ownerDesignName>SEM4</ownerDesignName>
<engineerTo>
<item key="B530ADB9-3CD7-70C3-5781-FD7878C5F9BD" value="true"/>
</engineerTo>
<sourcePk>98D977E4-8BBD-6A38-3E4C-1A47573E1F2B</sourcePk>
<identifying>true</identifying>
<nameOnSource>puede tener</nameOnSource>
<nameOnTarget>pertenece</nameOnTarget>
<optionalSource>true</optionalSource>
<optionalTarget>false</optionalTarget>
<sourceCardinality>1</sourceCardinality>
<sourceEntity>DDEDE20B-2193-6386-2D97-13DDDFFAC66E</sourceEntity>
<targetCardinalityString>*</targetCardinalityString>
<targetEntity>5F257893-92D5-8A17-88B4-68409FD60451</targetEntity>
<transferable>true</transferable>
<deleteRule>NO ACTION</deleteRule>
</Relation>