<?xml version = '1.0' encoding = 'UTF-8'?>
<Relation class="oracle.dbtools.crest.model.design.logical.Relation" name="Relation_20" directorySegmentName="seg_0" id="75515072-9762-7EEF-9A73-2872AF9F7AE3">
<createdBy>santo</createdBy>
<createdTime>2025-09-08 11:43:56 UTC</createdTime>
<ownerDesignName>SEM4</ownerDesignName>
<engineerTo>
<item key="B530ADB9-3CD7-70C3-5781-FD7878C5F9BD" value="true"/>
</engineerTo>
<sourcePk>08F9AA05-D294-0173-9CFD-C95A07BAC9CC</sourcePk>
<identifying>false</identifying>
<nameOnSource>puede tener</nameOnSource>
<nameOnTarget>pertenece</nameOnTarget>
<optionalSource>true</optionalSource>
<optionalTarget>false</optionalTarget>
<sourceCardinality>1</sourceCardinality>
<sourceEntity>05EF39A0-A261-1A90-756C-2F2B7CC14886</sourceEntity>
<targetCardinalityString>*</targetCardinalityString>
<targetEntity>1414C2B1-0FB5-A673-4E3E-EC67EFC6C03B</targetEntity>
<transferable>true</transferable>
<deleteRule>NO ACTION</deleteRule>
</Relation>