<?xml version = '1.0' encoding = 'UTF-8'?>
<Relation class="oracle.dbtools.crest.model.design.logical.Relation" name="detalle_idioma" directorySegmentName="seg_0" id="77BE2645-2C62-E6CD-7D05-37F07FBB60C4">
<createdBy>santo</createdBy>
<createdTime>2025-09-08 11:38:02 UTC</createdTime>
<ownerDesignName>SEM4</ownerDesignName>
<engineerTo>
<item key="B530ADB9-3CD7-70C3-5781-FD7878C5F9BD" value="true"/>
</engineerTo>
<sourcePk>4487BA13-F6EA-03B3-BC1D-70A6A515AF45</sourcePk>
<identifying>true</identifying>
<nameOnSource>puede tener</nameOnSource>
<nameOnTarget>pertenece</nameOnTarget>
<optionalSource>true</optionalSource>
<optionalTarget>false</optionalTarget>
<sourceCardinality>1</sourceCardinality>
<sourceEntity>1414C2B1-0FB5-A673-4E3E-EC67EFC6C03B</sourceEntity>
<targetCardinalityString>*</targetCardinalityString>
<targetEntity>5F257893-92D5-8A17-88B4-68409FD60451</targetEntity>
<transferable>true</transferable>
<deleteRule>NO ACTION</deleteRule>
</Relation>