<?xml version = '1.0' encoding = 'UTF-8'?>
<Relation class="oracle.dbtools.crest.model.design.logical.Relation" name="Relation_13" directorySegmentName="seg_0" id="A53B6C3A-0266-B78C-2845-E763C69206CB">
<createdBy>santo</createdBy>
<createdTime>2025-09-08 11:33:14 UTC</createdTime>
<ownerDesignName>SEM4</ownerDesignName>
<engineerTo>
<item key="B530ADB9-3CD7-70C3-5781-FD7878C5F9BD" value="true"/>
</engineerTo>
<sourcePk>ED3AE239-6AC8-590D-4A70-CFC6BCA552D5</sourcePk>
<identifying>false</identifying>
<nameOnSource>puede tener</nameOnSource>
<nameOnTarget>tiene</nameOnTarget>
<optionalSource>false</optionalSource>
<optionalTarget>false</optionalTarget>
<sourceCardinality>1</sourceCardinality>
<sourceEntity>AFDA44EF-6307-4669-379C-A27BB80D99E4</sourceEntity>
<targetCardinalityString>*</targetCardinalityString>
<targetEntity>1414C2B1-0FB5-A673-4E3E-EC67EFC6C03B</targetEntity>
<transferable>true</transferable>
<deleteRule>NO ACTION</deleteRule>
</Relation>