<?xml version = '1.0' encoding = 'UTF-8'?>
<Relation class="oracle.dbtools.crest.model.design.logical.Relation" name="region_ciudad" directorySegmentName="seg_0" id="AA29ACE8-094E-EBC0-609F-1492A362F37A">
<createdBy>santo</createdBy>
<createdTime>2025-09-08 11:21:03 UTC</createdTime>
<ownerDesignName>SEM4</ownerDesignName>
<engineerTo>
<item key="B530ADB9-3CD7-70C3-5781-FD7878C5F9BD" value="true"/>
</engineerTo>
<sourcePk>B0A25508-A0DC-065F-8F73-63DB6390671F</sourcePk>
<identifying>false</identifying>
<nameOnSource>tiene</nameOnSource>
<nameOnTarget>pertenece</nameOnTarget>
<optionalSource>false</optionalSource>
<optionalTarget>false</optionalTarget>
<sourceCardinality>1</sourceCardinality>
<sourceEntity>0CB20054-3AD7-0704-D131-03776F67D818</sourceEntity>
<targetCardinalityString>*</targetCardinalityString>
<targetEntity>497BF437-83C6-006C-3633-E794FF8AA12A</targetEntity>
<transferable>true</transferable>
<deleteRule>NO ACTION</deleteRule>
</Relation>