<?xml version = '1.0' encoding = 'UTF-8'?>
<Relation class="oracle.dbtools.crest.model.design.logical.Relation" name="Relation_23" directorySegmentName="seg_0" id="D24928D3-FB15-B144-0650-B5B9964178CF">
<createdBy>santo</createdBy>
<createdTime>2025-09-08 11:51:29 UTC</createdTime>
<ownerDesignName>SEM4</ownerDesignName>
<engineerTo>
<item key="B530ADB9-3CD7-70C3-5781-FD7878C5F9BD" value="true"/>
</engineerTo>
<targetPk>25BB4F7C-9B1A-F0B9-EBD4-7D7E4850715D</targetPk>
<identifying>false</identifying>
<nameOnSource>pertenece</nameOnSource>
<nameOnTarget>puede tener</nameOnTarget>
<optionalSource>false</optionalSource>
<optionalTarget>false</optionalTarget>
<sourceCardinality>*</sourceCardinality>
<sourceEntity>39D929CE-7F58-E032-844A-2C3AB44F631E</sourceEntity>
<targetCardinalityString>1</targetCardinalityString>
<targetEntity>3A4CD51E-26F1-85AB-F8C0-FC45AE63804A</targetEntity>
<transferable>true</transferable>
<deleteRule>NO ACTION</deleteRule>
</Relation>