<?xml version = '1.0' encoding = 'UTF-8'?>
<Relation class="oracle.dbtools.crest.model.design.logical.Relation" name="ciudad_comuna" directorySegmentName="seg_0" id="E9E91D56-34FC-F8E1-F9F7-C695590F0FE6">
<createdBy>santo</createdBy>
<createdTime>2025-09-08 11:21:57 UTC</createdTime>
<ownerDesignName>SEM4</ownerDesignName>
<engineerTo>
<item key="B530ADB9-3CD7-70C3-5781-FD7878C5F9BD" value="true"/>
</engineerTo>
<sourcePk>16CECD3D-4C51-2C5E-3830-A8FF25DD64C6</sourcePk>
<identifying>false</identifying>
<nameOnSource>tiene</nameOnSource>
<nameOnTarget>pertenece</nameOnTarget>
<optionalSource>false</optionalSource>
<optionalTarget>false</optionalTarget>
<sourceCardinality>1</sourceCardinality>
<sourceEntity>497BF437-83C6-006C-3633-E794FF8AA12A</sourceEntity>
<targetCardinalityString>*</targetCardinalityString>
<targetEntity>05EF39A0-A261-1A90-756C-2F2B7CC14886</targetEntity>
<transferable>true</transferable>
<deleteRule>NO ACTION</deleteRule>
</Relation>