<?xml version = '1.0' encoding = 'UTF-8'?>
<Relation class="oracle.dbtools.crest.model.design.logical.Relation" name="Relation_19" directorySegmentName="seg_0" id="F06C4544-9E9D-2CF9-D34B-0A0046AD942D">
<createdBy>santo</createdBy>
<createdTime>2025-09-08 11:41:37 UTC</createdTime>
<ownerDesignName>SEM4</ownerDesignName>
<engineerTo>
<item key="B530ADB9-3CD7-70C3-5781-FD7878C5F9BD" value="true"/>
</engineerTo>
<sourcePk>6DA99A18-5167-DFCB-F4CE-687043E96869</sourcePk>
<targetPk>4487BA13-F6EA-03B3-BC1D-70A6A515AF45</targetPk>
<identifying>false</identifying>
<nameOnSource>pertenece</nameOnSource>
<nameOnTarget>tiene</nameOnTarget>
<optionalSource>false</optionalSource>
<optionalTarget>false</optionalTarget>
<sourceCardinality>1</sourceCardinality>
<sourceEntity>831E5C75-60E2-27AE-24C2-753A4D2B0B4B</sourceEntity>
<targetCardinalityString>1</targetCardinalityString>
<targetEntity>1414C2B1-0FB5-A673-4E3E-EC67EFC6C03B</targetEntity>
<transferable>true</transferable>
<deleteRule>NO ACTION</deleteRule>
</Relation>