<?xml version = '1.0' encoding = 'UTF-8'?>
<Entity class="oracle.dbtools.crest.model.design.logical.Entity" directorySegmentName="seg_0" id="1383441D-993E-051B-91E5-A88D2CEADB2B" name="Vuelo">
<createdBy>santo</createdBy>
<createdTime>2025-08-25 09:43:50 UTC</createdTime>
<ownerDesignName>modelo_base</ownerDesignName>
<engineerTo>
<item key="6729FFC0-8408-4A16-08E3-460B893140FA" value="true"/>
</engineerTo>
<adequatelyNormalized>NO</adequatelyNormalized>
<expectedVolumes>0</expectedVolumes>
<fwdEngineeringStrategyName>Single Table</fwdEngineeringStrategyName>
<growthPercent>0</growthPercent>
<growthType>Year</growthType>
<maxVolumes>9999999</maxVolumes>
<minVolumes>0</minVolumes>
<normalForm>Third</normalForm>
<attributes itemClass="oracle.dbtools.crest.model.design.logical.Attribute">
<Attribute name="num_vuelo" id="72EB0F78-50F3-E64F-140C-418CCB2BECDA">
<createdBy>santo</createdBy>
<createdTime>2025-08-25 10:18:46 UTC</createdTime>
<ownerDesignName>modelo_base</ownerDesignName>
<engineerTo>
<item key="6729FFC0-8408-4A16-08E3-460B893140FA" value="true"/>
</engineerTo>
<useDomainConstraints>false</useDomainConstraints>
<use>1</use>
<logicalDatatype>LOGDT019</logicalDatatype>
<ownDataTypeParameters>,,</ownDataTypeParameters>
</Attribute>
<Attribute name="fecha_despegue" id="491A794D-4525-1FB1-4D5A-A2B6C0297AC8">
<createdBy>santo</createdBy>
<createdTime>2025-08-25 10:19:57 UTC</createdTime>
<ownerDesignName>modelo_base</ownerDesignName>
<engineerTo>
<item key="6729FFC0-8408-4A16-08E3-460B893140FA" value="true"/>
</engineerTo>
<useDomainConstraints>false</useDomainConstraints>
<use>1</use>
<logicalDatatype>LOGDT007</logicalDatatype>
<ownDataTypeParameters>,,</ownDataTypeParameters>
</Attribute>
<Attribute name="fecha_llegada" id="E87BF777-976C-B329-D76A-631754F271E1">
<createdBy>santo</createdBy>
<createdTime>2025-08-25 10:21:03 UTC</createdTime>
<ownerDesignName>modelo_base</ownerDesignName>
<engineerTo>
<item key="6729FFC0-8408-4A16-08E3-460B893140FA" value="true"/>
</engineerTo>
<useDomainConstraints>false</useDomainConstraints>
<use>1</use>
<logicalDatatype>LOGDT007</logicalDatatype>
<ownDataTypeParameters>,,</ownDataTypeParameters>
</Attribute>
<Attribute name="hora_salida" id="0FBC4FC5-807D-0A1F-1957-467940AA22C9">
<createdBy>santo</createdBy>
<createdTime>2025-08-25 10:22:24 UTC</createdTime>
<ownerDesignName>modelo_base</ownerDesignName>
<engineerTo>
<item key="6729FFC0-8408-4A16-08E3-460B893140FA" value="true"/>
</engineerTo>
<useDomainConstraints>false</useDomainConstraints>
<use>1</use>
<logicalDatatype>LOGDT007</logicalDatatype>
<ownDataTypeParameters>,,</ownDataTypeParameters>
</Attribute>
<Attribute name="ciudad_origen" id="DE135CE8-F254-40A3-7781-EEF82219FDFC">
<createdBy>santo</createdBy>
<createdTime>2025-08-25 10:22:53 UTC</createdTime>
<ownerDesignName>modelo_base</ownerDesignName>
<engineerTo>
<item key="6729FFC0-8408-4A16-08E3-460B893140FA" value="true"/>
</engineerTo>
<useDomainConstraints>false</useDomainConstraints>
<use>1</use>
<logicalDatatype>LOGDT024</logicalDatatype>
<dataTypeSize>50</dataTypeSize>
<ownDataTypeParameters>50,,</ownDataTypeParameters>
</Attribute>
<Attribute name="ciudad_destino" id="8D4ADF26-DE54-61D2-854F-ABE57F051D4A">
<createdBy>santo</createdBy>
<createdTime>2025-08-25 10:23:30 UTC</createdTime>
<ownerDesignName>modelo_base</ownerDesignName>
<engineerTo>
<item key="6729FFC0-8408-4A16-08E3-460B893140FA" value="true"/>
</engineerTo>
<useDomainConstraints>false</useDomainConstraints>
<use>1</use>
<logicalDatatype>LOGDT024</logicalDatatype>
<ownDataTypeParameters>,,</ownDataTypeParameters>
</Attribute>
<Attribute name="matricula" id="0712A5E9-F878-847E-B8A1-B738ADFF95B1">
<createdBy>santo</createdBy>
<createdTime>2025-08-25 11:09:19 UTC</createdTime>
<generatorID>8D6DA392-37EE-BA09-57A9-B2213AC990D7</generatorID>
<ownerDesignName>modelo_base</ownerDesignName>
<engineerTo>
<item key="6729FFC0-8408-4A16-08E3-460B893140FA" value="true"/>
</engineerTo>
<referedAttribute>47516739-943E-9EBE-ABF3-8E56048710F7</referedAttribute>
<useDomainConstraints>false</useDomainConstraints>
<use>1</use>
<logicalDatatype>LOGDT019</logicalDatatype>
<ownDataTypeParameters>,,</ownDataTypeParameters>
</Attribute>
<Attribute name="rut" id="CA21F430-1B7F-7AB5-43A5-B82777AC6FF2">
<createdBy>santo</createdBy>
<createdTime>2025-08-25 11:16:38 UTC</createdTime>
<generatorID>AE33CE21-C69F-7225-5AC6-80B5B3A1A9A4</generatorID>
<ownerDesignName>modelo_base</ownerDesignName>
<engineerTo>
<item key="6729FFC0-8408-4A16-08E3-460B893140FA" value="true"/>
</engineerTo>
<referedAttribute>0707B2F0-7CAD-0EA1-2B3C-2F57E091D91F</referedAttribute>
<useDomainConstraints>false</useDomainConstraints>
<use>1</use>
<logicalDatatype>LOGDT024</logicalDatatype>
<ownDataTypeParameters>,,</ownDataTypeParameters>
</Attribute>
</attributes>
<identifiers itemClass="oracle.dbtools.crest.model.design.logical.CandidateKey">
<identifier id="BFC372C2-FFA5-1142-C952-5A464E5FA56F" name="Vuelo PK">
<createdBy>santo</createdBy>
<createdTime>2025-08-25 10:19:30 UTC</createdTime>
<ownerDesignName>modelo_base</ownerDesignName>
<engineerTo>
<item key="6729FFC0-8408-4A16-08E3-460B893140FA" value="true"/>
</engineerTo>
<pk>true</pk>
<usedAttributes>
<attributeRef>72EB0F78-50F3-E64F-140C-418CCB2BECDA</attributeRef>
</usedAttributes>
</identifier>
</identifiers>
</Entity>