<?xml version = '1.0' encoding = 'UTF-8'?>
<Entity class="oracle.dbtools.crest.model.design.logical.Entity" directorySegmentName="seg_0" id="13EEDD17-DC34-BCE9-064E-00BE3A67CFEA" name="Pasajero">
<createdBy>santo</createdBy>
<createdTime>2025-08-25 09:45:23 UTC</createdTime>
<ownerDesignName>modelo_base</ownerDesignName>
<engineerTo>
<item key="6729FFC0-8408-4A16-08E3-460B893140FA" value="true"/>
</engineerTo>
<adequatelyNormalized>NO</adequatelyNormalized>
<expectedVolumes>0</expectedVolumes>
<fwdEngineeringStrategyName>Single Table</fwdEngineeringStrategyName>
<growthPercent>0</growthPercent>
<growthType>Year</growthType>
<maxVolumes>9999999</maxVolumes>
<minVolumes>0</minVolumes>
<normalForm>Third</normalForm>
<attributes itemClass="oracle.dbtools.crest.model.design.logical.Attribute">
<Attribute name="id_pasajero" id="B9F85F8F-A19F-6DA6-A227-8AF6BC6D4EC1">
<createdBy>santo</createdBy>
<createdTime>2025-08-25 10:28:31 UTC</createdTime>
<ownerDesignName>modelo_base</ownerDesignName>
<engineerTo>
<item key="6729FFC0-8408-4A16-08E3-460B893140FA" value="true"/>
</engineerTo>
<useDomainConstraints>false</useDomainConstraints>
<use>1</use>
<logicalDatatype>LOGDT024</logicalDatatype>
<dataTypeSize>20</dataTypeSize>
<ownDataTypeParameters>20,,</ownDataTypeParameters>
</Attribute>
<Attribute name="nombre" id="38233043-185C-7F64-56FF-AAF22A2E4501">
<createdBy>santo</createdBy>
<createdTime>2025-08-25 10:29:03 UTC</createdTime>
<ownerDesignName>modelo_base</ownerDesignName>
<engineerTo>
<item key="6729FFC0-8408-4A16-08E3-460B893140FA" value="true"/>
</engineerTo>
<useDomainConstraints>false</useDomainConstraints>
<use>1</use>
<logicalDatatype>LOGDT024</logicalDatatype>
<dataTypeSize>20</dataTypeSize>
<ownDataTypeParameters>20,,</ownDataTypeParameters>
</Attribute>
<Attribute name="fecha_nacimiento" id="C870280B-942E-5D73-8EF6-564A694104B0">
<createdBy>santo</createdBy>
<createdTime>2025-08-25 10:29:28 UTC</createdTime>
<ownerDesignName>modelo_base</ownerDesignName>
<engineerTo>
<item key="6729FFC0-8408-4A16-08E3-460B893140FA" value="true"/>
</engineerTo>
<useDomainConstraints>false</useDomainConstraints>
<use>1</use>
<logicalDatatype>LOGDT007</logicalDatatype>
<ownDataTypeParameters>,,</ownDataTypeParameters>
</Attribute>
<Attribute name="nacionalidad" id="51CF6FCC-7164-BC80-CF94-551BDB2392A1">
<createdBy>santo</createdBy>
<createdTime>2025-08-25 10:30:16 UTC</createdTime>
<ownerDesignName>modelo_base</ownerDesignName>
<engineerTo>
<item key="6729FFC0-8408-4A16-08E3-460B893140FA" value="true"/>
</engineerTo>
<useDomainConstraints>false</useDomainConstraints>
<use>1</use>
<logicalDatatype>LOGDT024</logicalDatatype>
<dataTypeSize>50</dataTypeSize>
<ownDataTypeParameters>50,,</ownDataTypeParameters>
</Attribute>
<Attribute name="contacto" id="60C81295-3CD4-077C-F08D-F4EE29BEB8DC">
<createdBy>santo</createdBy>
<createdTime>2025-08-25 10:31:02 UTC</createdTime>
<ownerDesignName>modelo_base</ownerDesignName>
<engineerTo>
<item key="6729FFC0-8408-4A16-08E3-460B893140FA" value="true"/>
</engineerTo>
<useDomainConstraints>false</useDomainConstraints>
<use>1</use>
<logicalDatatype>LOGDT024</logicalDatatype>
<dataTypeSize>100</dataTypeSize>
<ownDataTypeParameters>100,,</ownDataTypeParameters>
</Attribute>
</attributes>
<identifiers itemClass="oracle.dbtools.crest.model.design.logical.CandidateKey">
<identifier id="E0A116DD-44B5-9F1D-608C-C42F36D0C98F" name="Pasajero PK">
<createdBy>santo</createdBy>
<createdTime>2025-08-25 10:28:51 UTC</createdTime>
<ownerDesignName>modelo_base</ownerDesignName>
<engineerTo>
<item key="6729FFC0-8408-4A16-08E3-460B893140FA" value="true"/>
</engineerTo>
<pk>true</pk>
<usedAttributes>
<attributeRef>B9F85F8F-A19F-6DA6-A227-8AF6BC6D4EC1</attributeRef>
</usedAttributes>
</identifier>
</identifiers>
</Entity>