<?xml version = '1.0' encoding = 'UTF-8'?>
<Entity class="oracle.dbtools.crest.model.design.logical.Entity" directorySegmentName="seg_0" id="9AE2DCFE-D0A2-57D4-EB4D-8DA8A084D769" name="Reserva">
<createdBy>santo</createdBy>
<createdTime>2025-08-25 09:44:53 UTC</createdTime>
<ownerDesignName>modelo_base</ownerDesignName>
<engineerTo>
<item key="6729FFC0-8408-4A16-08E3-460B893140FA" value="true"/>
</engineerTo>
<adequatelyNormalized>NO</adequatelyNormalized>
<expectedVolumes>0</expectedVolumes>
<fwdEngineeringStrategyName>Single Table</fwdEngineeringStrategyName>
<growthPercent>0</growthPercent>
<growthType>Year</growthType>
<maxVolumes>9999999</maxVolumes>
<minVolumes>0</minVolumes>
<normalForm>Third</normalForm>
<attributes itemClass="oracle.dbtools.crest.model.design.logical.Attribute">
<Attribute name="num_reserva" id="C15E0937-ADE8-C1CA-6165-FC05A3470E22">
<createdBy>santo</createdBy>
<createdTime>2025-08-25 10:24:17 UTC</createdTime>
<ownerDesignName>modelo_base</ownerDesignName>
<engineerTo>
<item key="6729FFC0-8408-4A16-08E3-460B893140FA" value="true"/>
</engineerTo>
<useDomainConstraints>false</useDomainConstraints>
<use>1</use>
<logicalDatatype>LOGDT019</logicalDatatype>
<ownDataTypeParameters>,,</ownDataTypeParameters>
</Attribute>
<Attribute name="fecha_reserva" id="A2006551-9B7E-2CDB-33BC-D05A65283EF3">
<createdBy>santo</createdBy>
<createdTime>2025-08-25 10:25:37 UTC</createdTime>
<ownerDesignName>modelo_base</ownerDesignName>
<engineerTo>
<item key="6729FFC0-8408-4A16-08E3-460B893140FA" value="true"/>
</engineerTo>
<useDomainConstraints>false</useDomainConstraints>
<use>1</use>
<logicalDatatype>LOGDT007</logicalDatatype>
<ownDataTypeParameters>,,</ownDataTypeParameters>
</Attribute>
<Attribute name="fecha_viaje" id="29E86A45-9DA7-60A0-DF28-32C97C9D310A">
<createdBy>santo</createdBy>
<createdTime>2025-08-25 10:25:57 UTC</createdTime>
<ownerDesignName>modelo_base</ownerDesignName>
<engineerTo>
<item key="6729FFC0-8408-4A16-08E3-460B893140FA" value="true"/>
</engineerTo>
<useDomainConstraints>false</useDomainConstraints>
<use>1</use>
<logicalDatatype>LOGDT007</logicalDatatype>
<ownDataTypeParameters>,,</ownDataTypeParameters>
</Attribute>
<Attribute name="estado" id="16720C59-E716-35F2-ABFB-B1A8CD7A83E2">
<createdBy>santo</createdBy>
<createdTime>2025-08-25 10:26:33 UTC</createdTime>
<ownerDesignName>modelo_base</ownerDesignName>
<engineerTo>
<item key="6729FFC0-8408-4A16-08E3-460B893140FA" value="true"/>
</engineerTo>
<useDomainConstraints>false</useDomainConstraints>
<use>1</use>
<logicalDatatype>LOGDT024</logicalDatatype>
<dataTypeSize>15</dataTypeSize>
<ownDataTypeParameters>15,,</ownDataTypeParameters>
</Attribute>
<Attribute name="num_vuelo" id="B41D2EB0-E48F-F1DA-8BBD-67FEDC65D802">
<createdBy>santo</createdBy>
<createdTime>2025-08-25 11:11:50 UTC</createdTime>
<generatorID>DAA4CC66-B591-7823-4F3D-26F4C229A771</generatorID>
<ownerDesignName>modelo_base</ownerDesignName>
<engineerTo>
<item key="6729FFC0-8408-4A16-08E3-460B893140FA" value="true"/>
</engineerTo>
<referedAttribute>72EB0F78-50F3-E64F-140C-418CCB2BECDA</referedAttribute>
<useDomainConstraints>false</useDomainConstraints>
<use>1</use>
<logicalDatatype>LOGDT019</logicalDatatype>
<ownDataTypeParameters>,,</ownDataTypeParameters>
</Attribute>
<Attribute name="id_pasajero" id="E285EB78-18BF-3898-0572-89E01ECFE517">
<createdBy>santo</createdBy>
<createdTime>2025-08-25 11:12:26 UTC</createdTime>
<generatorID>C4CD1D16-E991-ECFE-E434-0F1E3ABC0472</generatorID>
<ownerDesignName>modelo_base</ownerDesignName>
<engineerTo>
<item key="6729FFC0-8408-4A16-08E3-460B893140FA" value="true"/>
</engineerTo>
<referedAttribute>B9F85F8F-A19F-6DA6-A227-8AF6BC6D4EC1</referedAttribute>
<useDomainConstraints>false</useDomainConstraints>
<use>1</use>
<logicalDatatype>LOGDT024</logicalDatatype>
<dataTypeSize>20</dataTypeSize>
<ownDataTypeParameters>,,</ownDataTypeParameters>
</Attribute>
</attributes>
<identifiers itemClass="oracle.dbtools.crest.model.design.logical.CandidateKey">
<identifier id="BA46FE67-0DAA-5B24-0971-398DBFB6807B" name="Reserva PK">
<createdBy>santo</createdBy>
<createdTime>2025-08-25 10:25:13 UTC</createdTime>
<ownerDesignName>modelo_base</ownerDesignName>
<engineerTo>
<item key="6729FFC0-8408-4A16-08E3-460B893140FA" value="true"/>
</engineerTo>
<pk>true</pk>
<usedAttributes>
<attributeRef>C15E0937-ADE8-C1CA-6165-FC05A3470E22</attributeRef>
</usedAttributes>
</identifier>
</identifiers>
</Entity>