<?xml version = '1.0' encoding = 'UTF-8'?>
<Entity class="oracle.dbtools.crest.model.design.logical.Entity" directorySegmentName="seg_0" id="FCACFB13-515D-2C8F-986F-C22C8679272C" name="Avión">
<createdBy>santo</createdBy>
<createdTime>2025-08-25 09:43:12 UTC</createdTime>
<ownerDesignName>modelo_base</ownerDesignName>
<engineerTo>
<item key="6729FFC0-8408-4A16-08E3-460B893140FA" value="true"/>
</engineerTo>
<adequatelyNormalized>NO</adequatelyNormalized>
<expectedVolumes>0</expectedVolumes>
<fwdEngineeringStrategyName>Single Table</fwdEngineeringStrategyName>
<growthPercent>0</growthPercent>
<growthType>Year</growthType>
<maxVolumes>9999999</maxVolumes>
<minVolumes>0</minVolumes>
<normalForm>Third</normalForm>
<attributes itemClass="oracle.dbtools.crest.model.design.logical.Attribute">
<Attribute name="matricula" id="47516739-943E-9EBE-ABF3-8E56048710F7">
<createdBy>santo</createdBy>
<createdTime>2025-08-25 10:12:58 UTC</createdTime>
<ownerDesignName>modelo_base</ownerDesignName>
<engineerTo>
<item key="6729FFC0-8408-4A16-08E3-460B893140FA" value="true"/>
</engineerTo>
<useDomainConstraints>false</useDomainConstraints>
<use>1</use>
<logicalDatatype>LOGDT019</logicalDatatype>
<ownDataTypeParameters>,,</ownDataTypeParameters>
</Attribute>
<Attribute name="marca" id="CBDA13D0-8D44-22A6-DBA1-855182B192B6">
<createdBy>santo</createdBy>
<createdTime>2025-08-25 10:13:42 UTC</createdTime>
<ownerDesignName>modelo_base</ownerDesignName>
<engineerTo>
<item key="6729FFC0-8408-4A16-08E3-460B893140FA" value="true"/>
</engineerTo>
<useDomainConstraints>false</useDomainConstraints>
<use>1</use>
<logicalDatatype>LOGDT024</logicalDatatype>
<dataTypeSize>50</dataTypeSize>
<ownDataTypeParameters>50,,</ownDataTypeParameters>
</Attribute>
<Attribute name="modelo" id="93F584F4-F196-A5DB-464A-7E772F69DE20">
<createdBy>santo</createdBy>
<createdTime>2025-08-25 10:17:02 UTC</createdTime>
<ownerDesignName>modelo_base</ownerDesignName>
<engineerTo>
<item key="6729FFC0-8408-4A16-08E3-460B893140FA" value="true"/>
</engineerTo>
<useDomainConstraints>false</useDomainConstraints>
<use>1</use>
<logicalDatatype>LOGDT024</logicalDatatype>
<dataTypeSize>50</dataTypeSize>
<ownDataTypeParameters>50,,</ownDataTypeParameters>
</Attribute>
<Attribute name="capacidad" id="015119C5-632A-8EC3-B83C-A55ED3A26B94">
<createdBy>santo</createdBy>
<createdTime>2025-08-25 10:17:44 UTC</createdTime>
<ownerDesignName>modelo_base</ownerDesignName>
<engineerTo>
<item key="6729FFC0-8408-4A16-08E3-460B893140FA" value="true"/>
</engineerTo>
<useDomainConstraints>false</useDomainConstraints>
<use>1</use>
<logicalDatatype>LOGDT019</logicalDatatype>
<ownDataTypeParameters>,,</ownDataTypeParameters>
</Attribute>
</attributes>
<identifiers itemClass="oracle.dbtools.crest.model.design.logical.CandidateKey">
<identifier id="06D25307-3DA0-18F5-3785-1AAA525C4E51" name="Avión PK">
<createdBy>santo</createdBy>
<createdTime>2025-08-25 10:13:11 UTC</createdTime>
<ownerDesignName>modelo_base</ownerDesignName>
<engineerTo>
<item key="6729FFC0-8408-4A16-08E3-460B893140FA" value="true"/>
</engineerTo>
<pk>true</pk>
<usedAttributes>
<attributeRef>47516739-943E-9EBE-ABF3-8E56048710F7</attributeRef>
</usedAttributes>
</identifier>
</identifiers>
</Entity>