<?xml version = '1.0' encoding = 'UTF-8'?>
<Diagram class="oracle.dbtools.crest.swingui.logical.DPVLogical" name="Logical" id="903AD66F-46CD-2911-0103-51464018B961">
<createdBy>santo</createdBy>
<modifiedBy>santo</modifiedBy>
<createdTime>2025-09-14 03:49:43 UTC</createdTime>
<autoRoute>false</autoRoute>
<boxInbox>true</boxInbox>
<showLegend>false</showLegend>
<showLabels>true</showLabels>
<showRelAttributes>false</showRelAttributes>
<gridEnabled>false</gridEnabled>
<showGrid>false</showGrid>
<diagramColor>-1</diagramColor>
<display>false</display>
<notation>1</notation>
<objectViews>
<OView class="oracle.dbtools.crest.swingui.logical.TVEntity" oid="032E789C-6D18-8C13-2066-EA6C6774BBD3" otype="Entity" vid="D3AB739A-5438-53DE-168C-231D9A44C945">
<hideElementsInCurrentOnly>false</hideElementsInCurrentOnly>
<bounds x="1211" y="191" width="188" height="110"/>
</OView>
<OView class="oracle.dbtools.crest.swingui.logical.TVEntity" oid="0CAC083D-753C-9F03-1B4F-E283086273D3" otype="Entity" vid="86C8D550-FB0A-C496-43BE-1F8EDC5F3C3A">
<hideElementsInCurrentOnly>false</hideElementsInCurrentOnly>
<bounds x="713" y="462" width="209" height="87"/>
</OView>
<OView class="oracle.dbtools.crest.swingui.logical.TVEntity" oid="1E13A4C9-2041-1A34-3A81-94C5E7D68632" otype="Entity" vid="72A5C284-D9A9-213B-F1CD-B19DCDA740BD">
<hideElementsInCurrentOnly>false</hideElementsInCurrentOnly>
<bounds x="1123" y="490" width="190" height="111"/>
</OView>
<OView class="oracle.dbtools.crest.swingui.logical.TVEntity" oid="257245D5-5BB2-D2B9-8ADB-DEB0D0790330" otype="Entity" vid="7AF1DF82-16AA-423F-016B-58326FECFFB4">
<hideElementsInCurrentOnly>false</hideElementsInCurrentOnly>
<bounds x="922" y="188" width="204" height="110"/>
</OView>
<OView class="oracle.dbtools.crest.swingui.logical.TVEntity" oid="2935A590-7345-FE69-5CAF-A22040BBDCE0" otype="Entity" vid="9FE5C36E-90A7-8914-4D14-260DD482E575">
<hideElementsInCurrentOnly>false</hideElementsInCurrentOnly>
<bounds x="583" y="4" width="210" height="184"/>
</OView>
<OView class="oracle.dbtools.crest.swingui.logical.TVEntity" oid="59773A50-6CE7-E4C2-AD0D-3506B418C374" otype="Entity" vid="5848E316-C28E-24A3-C870-A861F44D523F">
<hideElementsInCurrentOnly>false</hideElementsInCurrentOnly>
<bounds x="441" y="377" width="213" height="177"/>
</OView>
<OView class="oracle.dbtools.crest.swingui.logical.TVEntity" oid="72607D94-1C5B-E80D-6B0C-199018148F39" otype="Entity" vid="E4A43BE3-D72E-4B88-4A7B-0CCFE3BFDE9D">
<hideElementsInCurrentOnly>false</hideElementsInCurrentOnly>
<bounds x="1239" y="16" width="180" height="95"/>
</OView>
<OView class="oracle.dbtools.crest.swingui.logical.TVEntity" oid="9233E25B-3FBC-8376-C9B3-7839E53AFC54" otype="Entity" vid="917F40CF-7298-302C-CA62-467830B57AC9">
<hideElementsInCurrentOnly>false</hideElementsInCurrentOnly>
<bounds x="394" y="237" width="170" height="87"/>
</OView>
<OView class="oracle.dbtools.crest.swingui.logical.TVEntity" oid="A7E62989-F0E7-3DA1-E0D5-A213411A9FF2" otype="Entity" vid="23A2484B-D03F-E953-3042-FA21EF9B8C8C">
<hideElementsInCurrentOnly>false</hideElementsInCurrentOnly>
<bounds x="80" y="28" width="227" height="138"/>
</OView>
<OView class="oracle.dbtools.crest.swingui.logical.TVEntity" oid="AD0CFDFA-AC43-8B50-0880-27CB089406C5" otype="Entity" vid="017C7A3B-6ACF-9219-A961-80CF8C7B282E">
<hideElementsInCurrentOnly>false</hideElementsInCurrentOnly>
<bounds x="136" y="223" width="204" height="122"/>
</OView>
<OView class="oracle.dbtools.crest.swingui.logical.TVEntity" oid="D83D5A29-38F5-4839-536F-8B93C686C18E" otype="Entity" vid="B872C926-8C16-8264-62A6-3A1382C4E33F">
<hideElementsInCurrentOnly>false</hideElementsInCurrentOnly>
<bounds x="1025" y="9" width="192" height="110"/>
</OView>
<OView class="oracle.dbtools.crest.swingui.logical.TVEntity" oid="DD1982DB-43A6-72FB-A76B-97BC6DCD24BD" otype="Entity" vid="8A61E2CD-8981-5300-3584-17F7668710F6">
<hideElementsInCurrentOnly>false</hideElementsInCurrentOnly>
<bounds x="83" y="403" width="227" height="170"/>
</OView>
<OView class="oracle.dbtools.crest.swingui.logical.TVEntity" oid="E210184A-1946-1DDE-1545-F259D7F4DFEA" otype="Entity" vid="E0A046F4-63CD-7195-A109-7A6EDB150563">
<hideElementsInCurrentOnly>false</hideElementsInCurrentOnly>
<bounds x="954" y="352" width="279" height="110"/>
</OView>
</objectViews>
<connectors>
<Connector class="oracle.dbtools.crest.swingui.logical.TVRelation" oid="0798752D-DCD0-32AE-D8EE-47C80ACAA380" otype="Relation" vid_source="E4A43BE3-D72E-4B88-4A7B-0CCFE3BFDE9D" vid_target="D3AB739A-5438-53DE-168C-231D9A44C945">
<hideElementsInCurrentOnly>false</hideElementsInCurrentOnly>
<backgroundColor>-16777216</backgroundColor>
<lineWidth>1</lineWidth>
<sourceLabel class="oracle.dbtools.crest.model.design.Label">
<site>0</site>
<labelBounds x="1319" y="147" width="57" height="30"/>
<noBackgroundColor>true</noBackgroundColor>
<noForegroundColor>true</noForegroundColor>
</sourceLabel>
<targetLabel class="oracle.dbtools.crest.model.design.Label">
<site>2</site>
<labelBounds x="1319" y="155" width="63" height="30"/>
<noBackgroundColor>true</noBackgroundColor>
<noForegroundColor>true</noForegroundColor>
</targetLabel>
<points>
<point x="1319" y="111"/>
<point x="1319" y="191"/>
</points>
</Connector>
<Connector class="oracle.dbtools.crest.swingui.logical.TVRelation" oid="15E042B7-01C6-F364-FF18-0735E8A617CA" otype="Relation" vid_source="72A5C284-D9A9-213B-F1CD-B19DCDA740BD" vid_target="8A61E2CD-8981-5300-3584-17F7668710F6">
<hideElementsInCurrentOnly>false</hideElementsInCurrentOnly>
<backgroundColor>-16777216</backgroundColor>
<lineWidth>1</lineWidth>
<sourceLabel class="oracle.dbtools.crest.model.design.Label">
<site>0</site>
<labelBounds x="1054" y="501" width="63" height="30"/>
<noBackgroundColor>true</noBackgroundColor>
<noForegroundColor>true</noForegroundColor>
</sourceLabel>
<targetLabel class="oracle.dbtools.crest.model.design.Label">
<site>2</site>
<labelBounds x="320" y="534" width="63" height="30"/>
<noBackgroundColor>true</noBackgroundColor>
<noForegroundColor>true</noForegroundColor>
</targetLabel>
<points>
<point x="1123" y="531"/>
<point x="310" y="531"/>
</points>
</Connector>
<Connector class="oracle.dbtools.crest.swingui.logical.TVRelation" oid="25827ED9-126D-A8C4-7D84-2824B051AC02" otype="Relation" vid_source="8A61E2CD-8981-5300-3584-17F7668710F6" vid_target="5848E316-C28E-24A3-C870-A861F44D523F">
<hideElementsInCurrentOnly>false</hideElementsInCurrentOnly>
<backgroundColor>-16777216</backgroundColor>
<lineWidth>1</lineWidth>
<sourceLabel class="oracle.dbtools.crest.model.design.Label">
<site>0</site>
<labelBounds x="320" y="448" width="45" height="30"/>
<noBackgroundColor>true</noBackgroundColor>
<noForegroundColor>true</noForegroundColor>
</sourceLabel>
<targetLabel class="oracle.dbtools.crest.model.design.Label">
<site>2</site>
<labelBounds x="384" y="481" width="51" height="30"/>
<noBackgroundColor>true</noBackgroundColor>
<noForegroundColor>true</noForegroundColor>
</targetLabel>
<points>
<point x="310" y="478"/>
<point x="441" y="478"/>
</points>
</Connector>
<Connector class="oracle.dbtools.crest.swingui.logical.TVRelation" oid="2A760102-E9B5-8037-956C-B69824DBA5D0" otype="Relation" vid_source="5848E316-C28E-24A3-C870-A861F44D523F" vid_target="017C7A3B-6ACF-9219-A961-80CF8C7B282E">
<hideElementsInCurrentOnly>false</hideElementsInCurrentOnly>
<backgroundColor>-16777216</backgroundColor>
<lineWidth>1</lineWidth>
<sourceLabel class="oracle.dbtools.crest.model.design.Label">
<site>0</site>
<labelBounds x="393" y="395" width="42" height="30"/>
<noBackgroundColor>true</noBackgroundColor>
<noForegroundColor>true</noForegroundColor>
</sourceLabel>
<targetLabel class="oracle.dbtools.crest.model.design.Label">
<site>2</site>
<labelBounds x="350" y="343" width="39" height="30"/>
<noBackgroundColor>true</noBackgroundColor>
<noForegroundColor>true</noForegroundColor>
</targetLabel>
<points>
<point x="441" y="403"/>
<point x="340" y="343"/>
</points>
</Connector>
<Connector class="oracle.dbtools.crest.swingui.logical.TVRelation" oid="39C47007-0AC1-993A-FF71-F6FEF9373A7E" otype="Relation" vid_source="9FE5C36E-90A7-8914-4D14-260DD482E575" vid_target="5848E316-C28E-24A3-C870-A861F44D523F">
<hideElementsInCurrentOnly>false</hideElementsInCurrentOnly>
<backgroundColor>-16777216</backgroundColor>
<lineWidth>1</lineWidth>
<sourceLabel class="oracle.dbtools.crest.model.design.Label">
<site>0</site>
<labelBounds x="618" y="224" width="47" height="30"/>
<noBackgroundColor>true</noBackgroundColor>
<noForegroundColor>true</noForegroundColor>
</sourceLabel>
<targetLabel class="oracle.dbtools.crest.model.design.Label">
<site>2</site>
<labelBounds x="618" y="325" width="72" height="30"/>
<noBackgroundColor>true</noBackgroundColor>
<noForegroundColor>true</noForegroundColor>
</targetLabel>
<points>
<point x="618" y="188"/>
<point x="618" y="377"/>
</points>
</Connector>
<Connector class="oracle.dbtools.crest.swingui.logical.TVRelation" oid="50B9AC32-EBED-A8D5-DA33-7281CFB8B7E5" otype="Relation" vid_source="23A2484B-D03F-E953-3042-FA21EF9B8C8C" vid_target="017C7A3B-6ACF-9219-A961-80CF8C7B282E">
<hideElementsInCurrentOnly>false</hideElementsInCurrentOnly>
<backgroundColor>-16777216</backgroundColor>
<lineWidth>1</lineWidth>
<sourceLabel class="oracle.dbtools.crest.model.design.Label">
<site>0</site>
<labelBounds x="221" y="202" width="73" height="30"/>
<noBackgroundColor>true</noBackgroundColor>
<noForegroundColor>true</noForegroundColor>
</sourceLabel>
<targetLabel class="oracle.dbtools.crest.model.design.Label">
<site>2</site>
<labelBounds x="221" y="179" width="57" height="30"/>
<noBackgroundColor>true</noBackgroundColor>
<noForegroundColor>true</noForegroundColor>
</targetLabel>
<points>
<point x="221" y="166"/>
<point x="221" y="223"/>
</points>
</Connector>
<Connector class="oracle.dbtools.crest.swingui.logical.TVRelation" oid="7C67DCE6-41C0-28E7-0298-77D4F688565D" otype="Relation" vid_source="9FE5C36E-90A7-8914-4D14-260DD482E575" vid_target="9FE5C36E-90A7-8914-4D14-260DD482E575">
<hideElementsInCurrentOnly>false</hideElementsInCurrentOnly>
<backgroundColor>-16777216</backgroundColor>
<lineWidth>1</lineWidth>
<sourceLabel class="oracle.dbtools.crest.model.design.Label">
<site>0</site>
<labelBounds x="869" y="82" width="57" height="33"/>
<noBackgroundColor>true</noBackgroundColor>
<noForegroundColor>true</noForegroundColor>
</sourceLabel>
<targetLabel class="oracle.dbtools.crest.model.design.Label">
<site>2</site>
<labelBounds x="651" y="235" width="86" height="30"/>
<noBackgroundColor>true</noBackgroundColor>
<noForegroundColor>true</noForegroundColor>
</targetLabel>
<points>
<point x="793" y="100"/>
<point x="869" y="100"/>
<point x="869" y="248"/>
<point x="651" y="248"/>
<point x="651" y="188"/>
</points>
</Connector>
<Connector class="oracle.dbtools.crest.swingui.logical.TVRelation" oid="9E5AD13C-E4E7-2931-3349-5440C1783BC6" otype="Relation" vid_source="5848E316-C28E-24A3-C870-A861F44D523F" vid_target="E0A046F4-63CD-7195-A109-7A6EDB150563">
<hideElementsInCurrentOnly>false</hideElementsInCurrentOnly>
<backgroundColor>-16777216</backgroundColor>
<lineWidth>1</lineWidth>
<sourceLabel class="oracle.dbtools.crest.model.design.Label">
<site>0</site>
<labelBounds x="664" y="389" width="49" height="30"/>
<noBackgroundColor>true</noBackgroundColor>
<noForegroundColor>true</noForegroundColor>
</sourceLabel>
<targetLabel class="oracle.dbtools.crest.model.design.Label">
<site>2</site>
<labelBounds x="897" y="422" width="51" height="30"/>
<noBackgroundColor>true</noBackgroundColor>
<noForegroundColor>true</noForegroundColor>
</targetLabel>
<points>
<point x="654" y="419"/>
<point x="954" y="419"/>
</points>
</Connector>
<Connector class="oracle.dbtools.crest.swingui.logical.TVRelation" oid="AA57016F-CD71-988A-B355-DE694DE9F0EF" otype="Relation" vid_source="B872C926-8C16-8264-62A6-3A1382C4E33F" vid_target="E0A046F4-63CD-7195-A109-7A6EDB150563">
<hideElementsInCurrentOnly>false</hideElementsInCurrentOnly>
<backgroundColor>-16777216</backgroundColor>
<lineWidth>1</lineWidth>
<sourceLabel class="oracle.dbtools.crest.model.design.Label">
<site>0</site>
<labelBounds x="1155" y="155" width="51" height="30"/>
<noBackgroundColor>true</noBackgroundColor>
<noForegroundColor>true</noForegroundColor>
</sourceLabel>
<targetLabel class="oracle.dbtools.crest.model.design.Label">
<site>2</site>
<labelBounds x="1157" y="314" width="49" height="32"/>
<noBackgroundColor>true</noBackgroundColor>
<noForegroundColor>true</noForegroundColor>
</targetLabel>
<points>
<point x="1155" y="119"/>
<point x="1157" y="352"/>
</points>
</Connector>
<Connector class="oracle.dbtools.crest.swingui.logical.TVRelation" oid="C26CEF1C-658D-F8C4-622F-90BCCB96E2BA" otype="Relation" vid_source="86C8D550-FB0A-C496-43BE-1F8EDC5F3C3A" vid_target="9FE5C36E-90A7-8914-4D14-260DD482E575">
<hideElementsInCurrentOnly>false</hideElementsInCurrentOnly>
<backgroundColor>-16777216</backgroundColor>
<lineWidth>1</lineWidth>
<sourceLabel class="oracle.dbtools.crest.model.design.Label">
<site>0</site>
<labelBounds x="753" y="426" width="63" height="30"/>
<noBackgroundColor>true</noBackgroundColor>
<noForegroundColor>true</noForegroundColor>
</sourceLabel>
<targetLabel class="oracle.dbtools.crest.model.design.Label">
<site>2</site>
<labelBounds x="753" y="232" width="39" height="30"/>
<noBackgroundColor>true</noBackgroundColor>
<noForegroundColor>true</noForegroundColor>
</targetLabel>
<points>
<point x="753" y="462"/>
<point x="753" y="188"/>
</points>
</Connector>
<Connector class="oracle.dbtools.crest.swingui.logical.TVRelation" oid="D7C1316F-D1B2-073E-30A3-7AFD60A4E025" otype="Relation" vid_source="D3AB739A-5438-53DE-168C-231D9A44C945" vid_target="72A5C284-D9A9-213B-F1CD-B19DCDA740BD">
<hideElementsInCurrentOnly>false</hideElementsInCurrentOnly>
<backgroundColor>-16777216</backgroundColor>
<lineWidth>1</lineWidth>
<sourceLabel class="oracle.dbtools.crest.model.design.Label">
<site>0</site>
<labelBounds x="1262" y="343" width="59" height="28"/>
<noBackgroundColor>true</noBackgroundColor>
<noForegroundColor>true</noForegroundColor>
</sourceLabel>
<targetLabel class="oracle.dbtools.crest.model.design.Label">
<site>2</site>
<labelBounds x="1262" y="446" width="63" height="30"/>
<noBackgroundColor>true</noBackgroundColor>
<noForegroundColor>true</noForegroundColor>
</targetLabel>
<points>
<point x="1262" y="301"/>
<point x="1262" y="490"/>
</points>
</Connector>
<Connector class="oracle.dbtools.crest.swingui.logical.TVRelation" oid="EBCE728C-3B5F-02CB-E724-5F85706D99F2" otype="Relation" vid_source="7AF1DF82-16AA-423F-016B-58326FECFFB4" vid_target="9FE5C36E-90A7-8914-4D14-260DD482E575">
<hideElementsInCurrentOnly>false</hideElementsInCurrentOnly>
<backgroundColor>-16777216</backgroundColor>
<lineWidth>1</lineWidth>
<sourceLabel class="oracle.dbtools.crest.model.design.Label">
<site>0</site>
<labelBounds x="859" y="122" width="57" height="30"/>
<noBackgroundColor>true</noBackgroundColor>
<noForegroundColor>true</noForegroundColor>
</sourceLabel>
<targetLabel class="oracle.dbtools.crest.model.design.Label">
<site>2</site>
<labelBounds x="803" y="227" width="55" height="30"/>
<noBackgroundColor>true</noBackgroundColor>
<noForegroundColor>true</noForegroundColor>
</targetLabel>
<points>
<point x="922" y="188"/>
<point x="793" y="188"/>
</points>
</Connector>
<Connector class="oracle.dbtools.crest.swingui.logical.TVRelation" oid="EDC8DA31-D8EB-38D3-A85D-148DDA98F108" otype="Relation" vid_source="917F40CF-7298-302C-CA62-467830B57AC9" vid_target="9FE5C36E-90A7-8914-4D14-260DD482E575">
<hideElementsInCurrentOnly>false</hideElementsInCurrentOnly>
<backgroundColor>-16777216</backgroundColor>
<lineWidth>1</lineWidth>
<sourceLabel class="oracle.dbtools.crest.model.design.Label">
<site>0</site>
<labelBounds x="528" y="201" width="63" height="30"/>
<noBackgroundColor>true</noBackgroundColor>
<noForegroundColor>true</noForegroundColor>
</sourceLabel>
<targetLabel class="oracle.dbtools.crest.model.design.Label">
<site>2</site>
<labelBounds x="583" y="224" width="67" height="30"/>
<noBackgroundColor>true</noBackgroundColor>
<noForegroundColor>true</noForegroundColor>
</targetLabel>
<points>
<point x="528" y="237"/>
<point x="583" y="188"/>
</points>
</Connector>
</connectors>
</Diagram>