<?xml version = '1.0' encoding = 'UTF-8'?>
<Relation class="oracle.dbtools.crest.model.design.logical.Relation" name="fk_empleado_afp" directorySegmentName="seg_0" id="0B017700-CA88-F94A-AC6B-628E5F6E407F">
<createdBy>santo</createdBy>
<createdTime>2025-10-09 08:51:41 UTC</createdTime>
<generatorID>6FCF40EF-CA01-A3C9-C7F5-8BA39C66841B</generatorID>
<ownerDesignName>Cristaleria_Andina_s9</ownerDesignName>
<engineerTo>
<item key="57CE1847-679C-EAFE-C6E6-54E35FB871F0" value="true"/>
<item key="816F93DB-6CF5-3981-C85C-1CAD34F0876C" value="true"/>
</engineerTo>
<sourcePk>45639A01-D9CC-6EE7-CF44-F1CA58073591</sourcePk>
<identifying>false</identifying>
<optionalSource>true</optionalSource>
<optionalTarget>false</optionalTarget>
<sourceCardinality>1</sourceCardinality>
<sourceEntity>BF5F49B3-95A2-FC42-E644-7FBDE23F0608</sourceEntity>
<targetCardinalityString>*</targetCardinalityString>
<targetEntity>E99BB774-64E5-B7D3-3CA2-69A596F2DF04</targetEntity>
<transferable>true</transferable>
<deleteRule>NO ACTION</deleteRule>
</Relation>