<?xml version = '1.0' encoding = 'UTF-8'?>
<Relation class="oracle.dbtools.crest.model.design.logical.Relation" name="fk_jefe_empleado" directorySegmentName="seg_0" id="0B1F9170-0AB2-A323-B487-6277FDE13EDE">
<createdBy>santo</createdBy>
<createdTime>2025-10-09 08:51:41 UTC</createdTime>
<generatorID>100D4E2E-9A07-EF14-AB61-A865B09D6252</generatorID>
<ownerDesignName>Cristaleria_Andina_s9</ownerDesignName>
<engineerTo>
<item key="57CE1847-679C-EAFE-C6E6-54E35FB871F0" value="true"/>
<item key="816F93DB-6CF5-3981-C85C-1CAD34F0876C" value="true"/>
</engineerTo>
<sourcePk>2C0BF075-52FC-D2B4-A6BF-9A86037B8F56</sourcePk>
<dominantRole>E99BB774-64E5-B7D3-3CA2-69A596F2DF04</dominantRole>
<identifying>true</identifying>
<optionalSource>true</optionalSource>
<optionalTarget>false</optionalTarget>
<sourceCardinality>1</sourceCardinality>
<sourceEntity>E99BB774-64E5-B7D3-3CA2-69A596F2DF04</sourceEntity>
<targetCardinalityString>1</targetCardinalityString>
<targetEntity>28015BA8-6A57-03DB-D3E3-63E9B9CA8122</targetEntity>
<transferable>true</transferable>
<deleteRule>NO ACTION</deleteRule>
</Relation>