<?xml version = '1.0' encoding = 'UTF-8'?>
<Relation class="oracle.dbtools.crest.model.design.logical.Relation" name="fk_maquina_tipo" directorySegmentName="seg_0" id="0DC65C98-5288-BFA4-596C-E24DC46AA26B">
<createdBy>santo</createdBy>
<createdTime>2025-10-09 08:51:41 UTC</createdTime>
<generatorID>5A3239EB-DD26-344F-0478-26A944630B49</generatorID>
<ownerDesignName>Cristaleria_Andina_s9</ownerDesignName>
<engineerTo>
<item key="57CE1847-679C-EAFE-C6E6-54E35FB871F0" value="true"/>
<item key="816F93DB-6CF5-3981-C85C-1CAD34F0876C" value="true"/>
</engineerTo>
<sourcePk>CCBB93A9-5BE0-E276-EFBB-5119965B0815</sourcePk>
<identifying>false</identifying>
<optionalSource>true</optionalSource>
<optionalTarget>false</optionalTarget>
<sourceCardinality>1</sourceCardinality>
<sourceEntity>D7FF03D9-F1FE-59BC-FF77-515A1598589F</sourceEntity>
<targetCardinalityString>*</targetCardinalityString>
<targetEntity>9DAF6BCA-9AD4-5E70-0701-874C5A3243E8</targetEntity>
<transferable>true</transferable>
<deleteRule>NO ACTION</deleteRule>
</Relation>