<?xml version = '1.0' encoding = 'UTF-8'?>
<Relation class="oracle.dbtools.crest.model.design.logical.Relation" name="fk_empleado_salud" directorySegmentName="seg_0" id="14661B7F-2711-74CE-A38A-E2A4A0ABB0BE">
<createdBy>santo</createdBy>
<createdTime>2025-10-09 08:51:41 UTC</createdTime>
<generatorID>CA457674-18FF-9AE3-5A62-77DE0B192FBB</generatorID>
<ownerDesignName>Cristaleria_Andina_s9</ownerDesignName>
<engineerTo>
<item key="57CE1847-679C-EAFE-C6E6-54E35FB871F0" value="true"/>
<item key="816F93DB-6CF5-3981-C85C-1CAD34F0876C" value="true"/>
</engineerTo>
<sourcePk>05CA52E9-80B3-66F9-2A42-393476E92E86</sourcePk>
<identifying>false</identifying>
<optionalSource>true</optionalSource>
<optionalTarget>false</optionalTarget>
<sourceCardinality>1</sourceCardinality>
<sourceEntity>A7346E82-AD10-A097-03F5-E469F4CDD17F</sourceEntity>
<targetCardinalityString>*</targetCardinalityString>
<targetEntity>E99BB774-64E5-B7D3-3CA2-69A596F2DF04</targetEntity>
<transferable>true</transferable>
<deleteRule>NO ACTION</deleteRule>
</Relation>