<?xml version = '1.0' encoding = 'UTF-8'?>
<Relation class="oracle.dbtools.crest.model.design.logical.Relation" name="fk_asig_turno" directorySegmentName="seg_0" id="25751EFC-4B19-BF3A-EC97-BD9A28D3125E">
<createdBy>santo</createdBy>
<createdTime>2025-10-09 08:51:41 UTC</createdTime>
<generatorID>83F43EF0-4460-9315-85A8-422BAD511113</generatorID>
<ownerDesignName>Cristaleria_Andina_s9</ownerDesignName>
<engineerTo>
<item key="57CE1847-679C-EAFE-C6E6-54E35FB871F0" value="true"/>
<item key="816F93DB-6CF5-3981-C85C-1CAD34F0876C" value="true"/>
</engineerTo>
<sourcePk>53CDBA5D-7390-0872-AC2C-DDA740456C74</sourcePk>
<identifying>false</identifying>
<optionalSource>true</optionalSource>
<optionalTarget>false</optionalTarget>
<sourceCardinality>1</sourceCardinality>
<sourceEntity>0C62CE1C-18C1-9FBB-FC75-31D6D923F2AB</sourceEntity>
<targetCardinalityString>*</targetCardinalityString>
<targetEntity>906C8E3F-A3DB-B2FF-849A-EF007180569B</targetEntity>
<transferable>true</transferable>
<deleteRule>NO ACTION</deleteRule>
</Relation>