<?xml version = '1.0' encoding = 'UTF-8'?>
<Relation class="oracle.dbtools.crest.model.design.logical.Relation" name="fk_empleado_jefe" directorySegmentName="seg_0" id="2A832F89-75B1-5468-BCED-ED0951609BF0">
<createdBy>santo</createdBy>
<createdTime>2025-10-09 08:51:41 UTC</createdTime>
<generatorID>E942A83B-FB37-52FC-AB6C-5C4A686BC4B4</generatorID>
<ownerDesignName>Cristaleria_Andina_s9</ownerDesignName>
<engineerTo>
<item key="57CE1847-679C-EAFE-C6E6-54E35FB871F0" value="true"/>
<item key="816F93DB-6CF5-3981-C85C-1CAD34F0876C" value="true"/>
</engineerTo>
<targetPk>2C0BF075-52FC-D2B4-A6BF-9A86037B8F56</targetPk>
<identifying>false</identifying>
<optionalSource>true</optionalSource>
<optionalTarget>true</optionalTarget>
<sourceCardinality>1</sourceCardinality>
<sourceEntity>E99BB774-64E5-B7D3-3CA2-69A596F2DF04</sourceEntity>
<targetCardinalityString>*</targetCardinalityString>
<targetEntity>E99BB774-64E5-B7D3-3CA2-69A596F2DF04</targetEntity>
<transferable>true</transferable>
<deleteRule>NO ACTION</deleteRule>
</Relation>