<?xml version = '1.0' encoding = 'UTF-8'?>
<Relation class="oracle.dbtools.crest.model.design.logical.Relation" name="fk_empleado_planta" directorySegmentName="seg_0" id="4A2A8BB0-E61C-CB3B-9754-199E622D7060">
<createdBy>santo</createdBy>
<createdTime>2025-10-09 08:51:41 UTC</createdTime>
<generatorID>366FE5FC-29CE-A206-93D1-6B1FC1D7D488</generatorID>
<ownerDesignName>Cristaleria_Andina_s9</ownerDesignName>
<engineerTo>
<item key="57CE1847-679C-EAFE-C6E6-54E35FB871F0" value="true"/>
<item key="816F93DB-6CF5-3981-C85C-1CAD34F0876C" value="true"/>
</engineerTo>
<sourcePk>9A8571E4-F1D0-3D05-6F91-E8E25B52F738</sourcePk>
<identifying>false</identifying>
<optionalSource>true</optionalSource>
<optionalTarget>false</optionalTarget>
<sourceCardinality>1</sourceCardinality>
<sourceEntity>AF426474-6CA3-3A24-6674-183986CD0FF1</sourceEntity>
<targetCardinalityString>*</targetCardinalityString>
<targetEntity>E99BB774-64E5-B7D3-3CA2-69A596F2DF04</targetEntity>
<transferable>true</transferable>
<deleteRule>NO ACTION</deleteRule>
</Relation>