<?xml version = '1.0' encoding = 'UTF-8'?>
<Relation class="oracle.dbtools.crest.model.design.logical.Relation" name="fk_asig_maquina" directorySegmentName="seg_0" id="5F3539F5-07C2-B548-99A3-B076F5800666">
<createdBy>santo</createdBy>
<createdTime>2025-10-09 08:51:41 UTC</createdTime>
<generatorID>2501A605-B09C-79F6-B0E2-6BE9CDA77242</generatorID>
<ownerDesignName>Cristaleria_Andina_s9</ownerDesignName>
<engineerTo>
<item key="57CE1847-679C-EAFE-C6E6-54E35FB871F0" value="true"/>
<item key="816F93DB-6CF5-3981-C85C-1CAD34F0876C" value="true"/>
</engineerTo>
<sourcePk>29FC2C31-E4E8-320F-2EF1-F57E16112463</sourcePk>
<identifying>false</identifying>
<optionalSource>true</optionalSource>
<optionalTarget>false</optionalTarget>
<sourceCardinality>1</sourceCardinality>
<sourceEntity>9DAF6BCA-9AD4-5E70-0701-874C5A3243E8</sourceEntity>
<targetCardinalityString>*</targetCardinalityString>
<targetEntity>906C8E3F-A3DB-B2FF-849A-EF007180569B</targetEntity>
<transferable>true</transferable>
<deleteRule>NO ACTION</deleteRule>
</Relation>