<?xml version = '1.0' encoding = 'UTF-8'?>
<Relation class="oracle.dbtools.crest.model.design.logical.Relation" name="fk_asig_empleado" directorySegmentName="seg_0" id="60CB5610-E72F-6009-7D81-B9D9FE3918F5">
<createdBy>santo</createdBy>
<createdTime>2025-10-09 08:51:41 UTC</createdTime>
<generatorID>BBAF214E-FD87-0C03-59AC-921682603149</generatorID>
<ownerDesignName>Cristaleria_Andina_s9</ownerDesignName>
<engineerTo>
<item key="57CE1847-679C-EAFE-C6E6-54E35FB871F0" value="true"/>
<item key="816F93DB-6CF5-3981-C85C-1CAD34F0876C" value="true"/>
</engineerTo>
<sourcePk>2C0BF075-52FC-D2B4-A6BF-9A86037B8F56</sourcePk>
<identifying>false</identifying>
<optionalSource>true</optionalSource>
<optionalTarget>false</optionalTarget>
<sourceCardinality>1</sourceCardinality>
<sourceEntity>E99BB774-64E5-B7D3-3CA2-69A596F2DF04</sourceEntity>
<targetCardinalityString>*</targetCardinalityString>
<targetEntity>906C8E3F-A3DB-B2FF-849A-EF007180569B</targetEntity>
<transferable>true</transferable>
<deleteRule>NO ACTION</deleteRule>
</Relation>