<?xml version = '1.0' encoding = 'UTF-8'?>
<Relation class="oracle.dbtools.crest.model.design.logical.Relation" name="fk_tecnico_empleado" directorySegmentName="seg_0" id="7E2EA41D-9332-72A4-B063-65A52EA3F122">
<createdBy>santo</createdBy>
<createdTime>2025-10-09 08:51:41 UTC</createdTime>
<generatorID>9F0FFAEC-370D-DD3A-EF8F-D1F9F9BFF577</generatorID>
<ownerDesignName>Cristaleria_Andina_s9</ownerDesignName>
<engineerTo>
<item key="57CE1847-679C-EAFE-C6E6-54E35FB871F0" value="true"/>
<item key="816F93DB-6CF5-3981-C85C-1CAD34F0876C" value="true"/>
</engineerTo>
<sourcePk>2C0BF075-52FC-D2B4-A6BF-9A86037B8F56</sourcePk>
<dominantRole>E99BB774-64E5-B7D3-3CA2-69A596F2DF04</dominantRole>
<identifying>true</identifying>
<optionalSource>true</optionalSource>
<optionalTarget>false</optionalTarget>
<sourceCardinality>1</sourceCardinality>
<sourceEntity>E99BB774-64E5-B7D3-3CA2-69A596F2DF04</sourceEntity>
<targetCardinalityString>1</targetCardinalityString>
<targetEntity>778FA329-40B8-FF13-BFD4-BCE8D9C88CBF</targetEntity>
<transferable>true</transferable>
<deleteRule>NO ACTION</deleteRule>
</Relation>