<?xml version = '1.0' encoding = 'UTF-8'?>
<Relation class="oracle.dbtools.crest.model.design.logical.Relation" name="fk_maquina_planta" directorySegmentName="seg_0" id="91466601-FD56-0817-8107-79D137DE658A">
<createdBy>santo</createdBy>
<createdTime>2025-10-09 08:51:41 UTC</createdTime>
<generatorID>C11E26F8-924D-1CC5-3F4B-C6C5249EE5E0</generatorID>
<ownerDesignName>Cristaleria_Andina_s9</ownerDesignName>
<engineerTo>
<item key="57CE1847-679C-EAFE-C6E6-54E35FB871F0" value="true"/>
<item key="816F93DB-6CF5-3981-C85C-1CAD34F0876C" value="true"/>
</engineerTo>
<sourcePk>9A8571E4-F1D0-3D05-6F91-E8E25B52F738</sourcePk>
<identifying>true</identifying>
<optionalSource>true</optionalSource>
<optionalTarget>false</optionalTarget>
<sourceCardinality>1</sourceCardinality>
<sourceEntity>AF426474-6CA3-3A24-6674-183986CD0FF1</sourceEntity>
<targetCardinalityString>*</targetCardinalityString>
<targetEntity>9DAF6BCA-9AD4-5E70-0701-874C5A3243E8</targetEntity>
<transferable>true</transferable>
<deleteRule>NO ACTION</deleteRule>
</Relation>