<?xml version = '1.0' encoding = 'UTF-8'?>
<Relation class="oracle.dbtools.crest.model.design.logical.Relation" name="fk_planta_comuna" directorySegmentName="seg_0" id="BD3C1CC7-D80D-1861-787E-C1962F182304">
<createdBy>santo</createdBy>
<createdTime>2025-10-09 08:51:41 UTC</createdTime>
<generatorID>FA681F0E-5792-05A4-37D9-F86D0A15E6E6</generatorID>
<ownerDesignName>Cristaleria_Andina_s9</ownerDesignName>
<engineerTo>
<item key="57CE1847-679C-EAFE-C6E6-54E35FB871F0" value="true"/>
<item key="816F93DB-6CF5-3981-C85C-1CAD34F0876C" value="true"/>
</engineerTo>
<sourcePk>03A0F649-AE0D-6A85-A774-DA7E1C618EDB</sourcePk>
<identifying>false</identifying>
<optionalSource>true</optionalSource>
<optionalTarget>false</optionalTarget>
<sourceCardinality>1</sourceCardinality>
<sourceEntity>5FC93801-DB95-E44B-0E57-34FAF2CD5EF3</sourceEntity>
<targetCardinalityString>*</targetCardinalityString>
<targetEntity>AF426474-6CA3-3A24-6674-183986CD0FF1</targetEntity>
<transferable>true</transferable>
<deleteRule>NO ACTION</deleteRule>
</Relation>