<?xml version = '1.0' encoding = 'UTF-8'?>
<Relation class="oracle.dbtools.crest.model.design.logical.Relation" name="fk_orden_tecnico" directorySegmentName="seg_0" id="E6178D72-CFFD-64F0-CB9E-16627B28E41D">
<createdBy>santo</createdBy>
<createdTime>2025-10-09 08:51:41 UTC</createdTime>
<generatorID>9377BA7F-BC28-BB80-BCDC-3F037BC479ED</generatorID>
<ownerDesignName>Cristaleria_Andina_s9</ownerDesignName>
<engineerTo>
<item key="57CE1847-679C-EAFE-C6E6-54E35FB871F0" value="true"/>
<item key="816F93DB-6CF5-3981-C85C-1CAD34F0876C" value="true"/>
</engineerTo>
<sourcePk>CD7BCD52-CF36-1B39-8F50-AB1DDB26CA0B</sourcePk>
<identifying>false</identifying>
<optionalSource>true</optionalSource>
<optionalTarget>false</optionalTarget>
<sourceCardinality>1</sourceCardinality>
<sourceEntity>778FA329-40B8-FF13-BFD4-BCE8D9C88CBF</sourceEntity>
<targetCardinalityString>*</targetCardinalityString>
<targetEntity>75D3D156-57C5-0EEA-D4F1-63CD83090C78</targetEntity>
<transferable>true</transferable>
<deleteRule>NO ACTION</deleteRule>
</Relation>