<?xml version = '1.0' encoding = 'UTF-8'?>
<Entity class="oracle.dbtools.crest.model.design.logical.Entity" directorySegmentName="seg_0" id="0C62CE1C-18C1-9FBB-FC75-31D6D923F2AB" name="turno">
<createdBy>santo</createdBy>
<createdTime>2025-10-09 08:51:41 UTC</createdTime>
<generatorID>EA29FC13-5AC8-6BC4-3A2F-6FDC0609D57C</generatorID>
<ownerDesignName>Cristaleria_Andina_s9</ownerDesignName>
<engineerTo>
<item key="57CE1847-679C-EAFE-C6E6-54E35FB871F0" value="true"/>
<item key="816F93DB-6CF5-3981-C85C-1CAD34F0876C" value="true"/>
</engineerTo>
<adequatelyNormalized>NO</adequatelyNormalized>
<expectedVolumes>0</expectedVolumes>
<fwdEngineeringStrategyName>Single Table</fwdEngineeringStrategyName>
<growthPercent>0</growthPercent>
<growthType>Year</growthType>
<maxVolumes>9999999</maxVolumes>
<minVolumes>0</minVolumes>
<normalForm>Third</normalForm>
<attributes itemClass="oracle.dbtools.crest.model.design.logical.Attribute">
<Attribute name="id turno" id="CC87666C-B3F2-CCA6-3357-D500C2BE89D3">
<createdBy>santo</createdBy>
<createdTime>2025-10-09 08:51:41 UTC</createdTime>
<generatorID>6C53D0C3-573F-AD01-CE5E-563E079948D8</generatorID>
<ownerDesignName>Cristaleria_Andina_s9</ownerDesignName>
<engineerTo>
<item key="57CE1847-679C-EAFE-C6E6-54E35FB871F0" value="true"/>
<item key="816F93DB-6CF5-3981-C85C-1CAD34F0876C" value="true"/>
</engineerTo>
<use>0</use>
<logicalDatatype>LOGDT024</logicalDatatype>
<domain>CED78202-AABA-5EA3-8061-AA1DE3C7DD85</domain>
<ownDataTypeParameters>,,</ownDataTypeParameters>
</Attribute>
<Attribute name="nombre turno" id="56D58F85-4DE1-FF0E-5371-339231CD0233">
<createdBy>santo</createdBy>
<createdTime>2025-10-09 08:51:41 UTC</createdTime>
<generatorID>1E03C467-FE06-FE2A-FBB5-5ACCC80B2D0F</generatorID>
<ownerDesignName>Cristaleria_Andina_s9</ownerDesignName>
<engineerTo>
<item key="57CE1847-679C-EAFE-C6E6-54E35FB871F0" value="true"/>
<item key="816F93DB-6CF5-3981-C85C-1CAD34F0876C" value="true"/>
</engineerTo>
<use>0</use>
<logicalDatatype>LOGDT024</logicalDatatype>
<domain>F8EA88D7-EEA0-F04F-3F20-E328B3E43584</domain>
<ownDataTypeParameters>,,</ownDataTypeParameters>
</Attribute>
<Attribute name="hora inicio" id="6F621E2F-C8FD-2167-C876-56A88D1CCA5F">
<createdBy>santo</createdBy>
<createdTime>2025-10-09 08:51:41 UTC</createdTime>
<generatorID>58841973-C154-19A3-E74F-8F012339E265</generatorID>
<ownerDesignName>Cristaleria_Andina_s9</ownerDesignName>
<engineerTo>
<item key="57CE1847-679C-EAFE-C6E6-54E35FB871F0" value="true"/>
<item key="816F93DB-6CF5-3981-C85C-1CAD34F0876C" value="true"/>
</engineerTo>
<use>0</use>
<logicalDatatype>LOGDT025</logicalDatatype>
<domain>8389F9B9-61B4-B231-4A3A-4BB71301946C</domain>
<ownDataTypeParameters>,,</ownDataTypeParameters>
</Attribute>
<Attribute name="hora fin" id="4AA831D4-4E8B-48B4-D856-D4572C866670">
<createdBy>santo</createdBy>
<createdTime>2025-10-09 08:51:41 UTC</createdTime>
<generatorID>A021E23B-38CF-12C3-7B53-BCB3C80630AB</generatorID>
<ownerDesignName>Cristaleria_Andina_s9</ownerDesignName>
<engineerTo>
<item key="57CE1847-679C-EAFE-C6E6-54E35FB871F0" value="true"/>
<item key="816F93DB-6CF5-3981-C85C-1CAD34F0876C" value="true"/>
</engineerTo>
<use>0</use>
<logicalDatatype>LOGDT025</logicalDatatype>
<domain>8389F9B9-61B4-B231-4A3A-4BB71301946C</domain>
<ownDataTypeParameters>,,</ownDataTypeParameters>
</Attribute>
</attributes>
<identifiers itemClass="oracle.dbtools.crest.model.design.logical.CandidateKey">
<identifier id="53CDBA5D-7390-0872-AC2C-DDA740456C74" name="pk turno">
<createdBy>santo</createdBy>
<createdTime>2025-10-09 08:51:41 UTC</createdTime>
<generatorID>4AC6860A-4F1F-CB6D-93F8-EF3554FF41B8</generatorID>
<ownerDesignName>Cristaleria_Andina_s9</ownerDesignName>
<engineerTo>
<item key="57CE1847-679C-EAFE-C6E6-54E35FB871F0" value="true"/>
<item key="816F93DB-6CF5-3981-C85C-1CAD34F0876C" value="true"/>
</engineerTo>
<pk>true</pk>
<usedAttributes>
<attributeRef>CC87666C-B3F2-CCA6-3357-D500C2BE89D3</attributeRef>
</usedAttributes>
</identifier>
<identifier id="B9628816-F262-8660-85A9-1FF32D1D93E0" name="unq turno nombre">
<createdBy>santo</createdBy>
<createdTime>2025-10-09 08:51:41 UTC</createdTime>
<generatorID>D64E513A-20DC-DAB9-CD99-DEAFCDA6C693</generatorID>
<ownerDesignName>Cristaleria_Andina_s9</ownerDesignName>
<engineerTo>
<item key="57CE1847-679C-EAFE-C6E6-54E35FB871F0" value="true"/>
<item key="816F93DB-6CF5-3981-C85C-1CAD34F0876C" value="true"/>
</engineerTo>
<usedAttributes>
<attributeRef>56D58F85-4DE1-FF0E-5371-339231CD0233</attributeRef>
</usedAttributes>
</identifier>
</identifiers>
</Entity>