<?xml version = '1.0' encoding = 'UTF-8'?>
<Entity class="oracle.dbtools.crest.model.design.logical.Entity" directorySegmentName="seg_0" id="75D3D156-57C5-0EEA-D4F1-63CD83090C78" name="orden mantencion">
<createdBy>santo</createdBy>
<createdTime>2025-10-09 08:51:41 UTC</createdTime>
<generatorID>93D2CB78-4818-598D-80E4-1F15C254CD3D</generatorID>
<ownerDesignName>Cristaleria_Andina_s9</ownerDesignName>
<engineerTo>
<item key="57CE1847-679C-EAFE-C6E6-54E35FB871F0" value="true"/>
<item key="816F93DB-6CF5-3981-C85C-1CAD34F0876C" value="true"/>
</engineerTo>
<adequatelyNormalized>NO</adequatelyNormalized>
<expectedVolumes>0</expectedVolumes>
<fwdEngineeringStrategyName>Single Table</fwdEngineeringStrategyName>
<growthPercent>0</growthPercent>
<growthType>Year</growthType>
<maxVolumes>9999999</maxVolumes>
<minVolumes>0</minVolumes>
<normalForm>Third</normalForm>
<attributes itemClass="oracle.dbtools.crest.model.design.logical.Attribute">
<Attribute name="id orden" id="92AF4BAC-51DA-27C9-C9D4-E27FA1F5B55E">
<createdBy>santo</createdBy>
<createdTime>2025-10-09 08:51:41 UTC</createdTime>
<generatorID>5240E3E7-4D1D-DCCD-9B0B-E1725EE72041</generatorID>
<ownerDesignName>Cristaleria_Andina_s9</ownerDesignName>
<engineerTo>
<item key="57CE1847-679C-EAFE-C6E6-54E35FB871F0" value="true"/>
<item key="816F93DB-6CF5-3981-C85C-1CAD34F0876C" value="true"/>
</engineerTo>
<use>0</use>
<logicalDatatype>LOGDT011</logicalDatatype>
<domain>B3907C30-B875-E23C-307D-029E4D528119</domain>
<ownDataTypeParameters>,,</ownDataTypeParameters>
</Attribute>
<Attribute name="maquina id" id="9FC1437B-2919-44D2-8843-EA365F3109AD">
<createdBy>santo</createdBy>
<createdTime>2025-10-09 08:51:41 UTC</createdTime>
<generatorID>A3A42C4C-77EC-BDAA-11AD-C06DB40421CB</generatorID>
<ownerDesignName>Cristaleria_Andina_s9</ownerDesignName>
<engineerTo>
<item key="57CE1847-679C-EAFE-C6E6-54E35FB871F0" value="true"/>
<item key="816F93DB-6CF5-3981-C85C-1CAD34F0876C" value="true"/>
</engineerTo>
<referedAttribute>2B69F525-41D7-F71F-040B-83C3D270CA95</referedAttribute>
<use>0</use>
<logicalDatatype>LOGDT011</logicalDatatype>
<domain>B3907C30-B875-E23C-307D-029E4D528119</domain>
<ownDataTypeParameters>,,</ownDataTypeParameters>
</Attribute>
<Attribute name="planta id" id="9E9A5873-4D3B-2223-E8BD-245F467FAEFA">
<createdBy>santo</createdBy>
<createdTime>2025-10-09 08:51:41 UTC</createdTime>
<generatorID>A3A42C4C-77EC-BDAA-11AD-C06DB40421CB</generatorID>
<ownerDesignName>Cristaleria_Andina_s9</ownerDesignName>
<engineerTo>
<item key="57CE1847-679C-EAFE-C6E6-54E35FB871F0" value="true"/>
<item key="816F93DB-6CF5-3981-C85C-1CAD34F0876C" value="true"/>
</engineerTo>
<referedAttribute>23290605-681F-EBB1-19D7-5A6CCDB9392A</referedAttribute>
<use>0</use>
<logicalDatatype>LOGDT011</logicalDatatype>
<domain>B3907C30-B875-E23C-307D-029E4D528119</domain>
<ownDataTypeParameters>,,</ownDataTypeParameters>
</Attribute>
<Attribute name="tecnico id" id="D6D770AC-8508-F7BF-1A40-F701070C067E">
<createdBy>santo</createdBy>
<createdTime>2025-10-09 08:51:41 UTC</createdTime>
<generatorID>E6178D72-CFFD-64F0-CB9E-16627B28E41D</generatorID>
<ownerDesignName>Cristaleria_Andina_s9</ownerDesignName>
<engineerTo>
<item key="57CE1847-679C-EAFE-C6E6-54E35FB871F0" value="true"/>
<item key="816F93DB-6CF5-3981-C85C-1CAD34F0876C" value="true"/>
</engineerTo>
<referedAttribute>D8C8EC5D-3503-598D-28E3-9428179ABED6</referedAttribute>
<use>0</use>
<logicalDatatype>LOGDT011</logicalDatatype>
<domain>B3907C30-B875-E23C-307D-029E4D528119</domain>
<ownDataTypeParameters>,,</ownDataTypeParameters>
</Attribute>
<Attribute name="fecha programada" id="46118968-74FA-B02C-248D-A8779C2F2D12">
<createdBy>santo</createdBy>
<createdTime>2025-10-09 08:51:41 UTC</createdTime>
<generatorID>B2A63CCD-AFC1-4E03-A750-0DEDE23A3D23</generatorID>
<ownerDesignName>Cristaleria_Andina_s9</ownerDesignName>
<engineerTo>
<item key="57CE1847-679C-EAFE-C6E6-54E35FB871F0" value="true"/>
<item key="816F93DB-6CF5-3981-C85C-1CAD34F0876C" value="true"/>
</engineerTo>
<use>0</use>
<logicalDatatype>LOGDT007</logicalDatatype>
<domain>7E6C5754-1172-DD3C-40C8-8B3C04188234</domain>
<ownDataTypeParameters>,,</ownDataTypeParameters>
</Attribute>
<Attribute name="fecha ejecucion" id="2B81982F-D6A7-C675-5E78-0EB6C309A4D8">
<createdBy>santo</createdBy>
<createdTime>2025-10-09 08:51:41 UTC</createdTime>
<generatorID>2CC28592-4F8D-6DC1-139D-0F48855DF7B7</generatorID>
<ownerDesignName>Cristaleria_Andina_s9</ownerDesignName>
<engineerTo>
<item key="57CE1847-679C-EAFE-C6E6-54E35FB871F0" value="true"/>
<item key="816F93DB-6CF5-3981-C85C-1CAD34F0876C" value="true"/>
</engineerTo>
<nullsAllowed>true</nullsAllowed>
<use>0</use>
<logicalDatatype>LOGDT007</logicalDatatype>
<domain>7E6C5754-1172-DD3C-40C8-8B3C04188234</domain>
<ownDataTypeParameters>,,</ownDataTypeParameters>
</Attribute>
<Attribute name="descripcion" id="CE08A465-455E-7938-37F9-EE5178CDDE5A">
<createdBy>santo</createdBy>
<createdTime>2025-10-09 08:51:41 UTC</createdTime>
<generatorID>FFD92FB9-D626-FD9A-36C8-E6F1227E2E8A</generatorID>
<ownerDesignName>Cristaleria_Andina_s9</ownerDesignName>
<engineerTo>
<item key="57CE1847-679C-EAFE-C6E6-54E35FB871F0" value="true"/>
<item key="816F93DB-6CF5-3981-C85C-1CAD34F0876C" value="true"/>
</engineerTo>
<nullsAllowed>true</nullsAllowed>
<use>0</use>
<logicalDatatype>LOGDT024</logicalDatatype>
<domain>414602C5-67D4-FF4E-A879-92BD7F8508F6</domain>
<ownDataTypeParameters>,,</ownDataTypeParameters>
</Attribute>
</attributes>
<identifiers itemClass="oracle.dbtools.crest.model.design.logical.CandidateKey">
<identifier id="750253CC-2CAA-F523-A0C1-0922EB45A9BB" name="pk orden">
<createdBy>santo</createdBy>
<createdTime>2025-10-09 08:51:41 UTC</createdTime>
<generatorID>02320D63-B2C8-AE9A-C8CC-326EA4CD47AE</generatorID>
<ownerDesignName>Cristaleria_Andina_s9</ownerDesignName>
<engineerTo>
<item key="57CE1847-679C-EAFE-C6E6-54E35FB871F0" value="true"/>
<item key="816F93DB-6CF5-3981-C85C-1CAD34F0876C" value="true"/>
</engineerTo>
<pk>true</pk>
<usedAttributes>
<attributeRef>92AF4BAC-51DA-27C9-C9D4-E27FA1F5B55E</attributeRef>
</usedAttributes>
</identifier>
</identifiers>
</Entity>