<?xml version = '1.0' encoding = 'UTF-8'?>
<Entity class="oracle.dbtools.crest.model.design.logical.Entity" directorySegmentName="seg_0" id="AF426474-6CA3-3A24-6674-183986CD0FF1" name="planta">
<createdBy>santo</createdBy>
<createdTime>2025-10-09 08:51:41 UTC</createdTime>
<generatorID>0E94A929-89C6-E877-BA9A-847C0D9A898A</generatorID>
<ownerDesignName>Cristaleria_Andina_s9</ownerDesignName>
<engineerTo>
<item key="57CE1847-679C-EAFE-C6E6-54E35FB871F0" value="true"/>
<item key="816F93DB-6CF5-3981-C85C-1CAD34F0876C" value="true"/>
</engineerTo>
<adequatelyNormalized>NO</adequatelyNormalized>
<expectedVolumes>0</expectedVolumes>
<fwdEngineeringStrategyName>Single Table</fwdEngineeringStrategyName>
<growthPercent>0</growthPercent>
<growthType>Year</growthType>
<maxVolumes>9999999</maxVolumes>
<minVolumes>0</minVolumes>
<normalForm>Third</normalForm>
<attributes itemClass="oracle.dbtools.crest.model.design.logical.Attribute">
<Attribute name="id planta" id="B795DFEA-C837-3B1B-B705-09D79FDEE458">
<createdBy>santo</createdBy>
<createdTime>2025-10-09 08:51:41 UTC</createdTime>
<generatorID>9403E7A5-EF1B-267F-2F70-A6EF772B4BFD</generatorID>
<ownerDesignName>Cristaleria_Andina_s9</ownerDesignName>
<engineerTo>
<item key="57CE1847-679C-EAFE-C6E6-54E35FB871F0" value="true"/>
<item key="816F93DB-6CF5-3981-C85C-1CAD34F0876C" value="true"/>
</engineerTo>
<use>0</use>
<logicalDatatype>LOGDT011</logicalDatatype>
<domain>B3907C30-B875-E23C-307D-029E4D528119</domain>
<ownDataTypeParameters>,,</ownDataTypeParameters>
</Attribute>
<Attribute name="nombre planta" id="417F54CB-20C7-BCCA-B7EA-33B55A2F7EB2">
<createdBy>santo</createdBy>
<createdTime>2025-10-09 08:51:41 UTC</createdTime>
<generatorID>BFFDFBEF-0920-568F-0278-0269B9E4ECDD</generatorID>
<ownerDesignName>Cristaleria_Andina_s9</ownerDesignName>
<engineerTo>
<item key="57CE1847-679C-EAFE-C6E6-54E35FB871F0" value="true"/>
<item key="816F93DB-6CF5-3981-C85C-1CAD34F0876C" value="true"/>
</engineerTo>
<use>0</use>
<logicalDatatype>LOGDT024</logicalDatatype>
<domain>1BD1584E-2DFB-AA19-ADAF-79C4E8762717</domain>
<ownDataTypeParameters>,,</ownDataTypeParameters>
</Attribute>
<Attribute name="direccion" id="D69386B4-F9DD-3150-D98C-4256B356DFAD">
<createdBy>santo</createdBy>
<createdTime>2025-10-09 08:51:41 UTC</createdTime>
<generatorID>30CA3068-E14F-E9BD-B7D8-C329BD88B5A6</generatorID>
<ownerDesignName>Cristaleria_Andina_s9</ownerDesignName>
<engineerTo>
<item key="57CE1847-679C-EAFE-C6E6-54E35FB871F0" value="true"/>
<item key="816F93DB-6CF5-3981-C85C-1CAD34F0876C" value="true"/>
</engineerTo>
<use>0</use>
<logicalDatatype>LOGDT024</logicalDatatype>
<domain>776F79FF-A7BC-AD72-076C-C80931A8CAEA</domain>
<ownDataTypeParameters>,,</ownDataTypeParameters>
</Attribute>
<Attribute name="comuna id" id="32A5D3BB-FE86-187D-0498-A181F4317E67">
<createdBy>santo</createdBy>
<createdTime>2025-10-09 08:51:41 UTC</createdTime>
<generatorID>BD3C1CC7-D80D-1861-787E-C1962F182304</generatorID>
<ownerDesignName>Cristaleria_Andina_s9</ownerDesignName>
<engineerTo>
<item key="57CE1847-679C-EAFE-C6E6-54E35FB871F0" value="true"/>
<item key="816F93DB-6CF5-3981-C85C-1CAD34F0876C" value="true"/>
</engineerTo>
<referedAttribute>EAF2CB74-CD8C-2B98-EC6F-4BE7F7F8755A</referedAttribute>
<use>0</use>
<logicalDatatype>LOGDT011</logicalDatatype>
<domain>B3907C30-B875-E23C-307D-029E4D528119</domain>
<ownDataTypeParameters>,,</ownDataTypeParameters>
</Attribute>
</attributes>
<identifiers itemClass="oracle.dbtools.crest.model.design.logical.CandidateKey">
<identifier id="9A8571E4-F1D0-3D05-6F91-E8E25B52F738" name="pk planta">
<createdBy>santo</createdBy>
<createdTime>2025-10-09 08:51:41 UTC</createdTime>
<generatorID>4C9879F7-87CC-7DBE-AAC2-B4B2A281648E</generatorID>
<ownerDesignName>Cristaleria_Andina_s9</ownerDesignName>
<engineerTo>
<item key="57CE1847-679C-EAFE-C6E6-54E35FB871F0" value="true"/>
<item key="816F93DB-6CF5-3981-C85C-1CAD34F0876C" value="true"/>
</engineerTo>
<pk>true</pk>
<usedAttributes>
<attributeRef>B795DFEA-C837-3B1B-B705-09D79FDEE458</attributeRef>
</usedAttributes>
</identifier>
</identifiers>
</Entity>