<?xml version = '1.0' encoding = 'UTF-8'?>
<Entity class="oracle.dbtools.crest.model.design.logical.Entity" directorySegmentName="seg_0" id="032E789C-6D18-8C13-2066-EA6C6774BBD3" name="CIUDAD">
<createdBy>santo</createdBy>
<createdTime>2025-09-14 05:33:46 UTC</createdTime>
<ownerDesignName>semana5</ownerDesignName>
<engineerTo>
<item key="9810ADA8-575E-0F3C-3ABB-2A2043C5466F" value="true"/>
</engineerTo>
<adequatelyNormalized>NO</adequatelyNormalized>
<expectedVolumes>0</expectedVolumes>
<fwdEngineeringStrategyName>Single Table</fwdEngineeringStrategyName>
<growthPercent>0</growthPercent>
<growthType>Year</growthType>
<maxVolumes>9999999</maxVolumes>
<minVolumes>0</minVolumes>
<normalForm>Third</normalForm>
<attributes itemClass="oracle.dbtools.crest.model.design.logical.Attribute">
<Attribute name="id_ciudad" id="DC9689F8-98DD-DE77-6628-B54CD7062F5F">
<createdBy>santo</createdBy>
<createdTime>2025-09-14 05:34:02 UTC</createdTime>
<ownerDesignName>semana5</ownerDesignName>
<engineerTo>
<item key="9810ADA8-575E-0F3C-3ABB-2A2043C5466F" value="true"/>
</engineerTo>
<useDomainConstraints>false</useDomainConstraints>
<use>1</use>
<logicalDatatype>LOGDT011</logicalDatatype>
<ownDataTypeParameters>,,</ownDataTypeParameters>
</Attribute>
<Attribute name="nombre" id="2ABC16E0-9FE3-DE85-8580-C66B1C4D8313">
<createdBy>santo</createdBy>
<createdTime>2025-09-14 05:34:44 UTC</createdTime>
<ownerDesignName>semana5</ownerDesignName>
<engineerTo>
<item key="9810ADA8-575E-0F3C-3ABB-2A2043C5466F" value="true"/>
</engineerTo>
<useDomainConstraints>false</useDomainConstraints>
<use>1</use>
<logicalDatatype>LOGDT024</logicalDatatype>
<dataTypeSize>100 CHAR</dataTypeSize>
<ownDataTypeParameters>100 CHAR,,</ownDataTypeParameters>
</Attribute>
<Attribute name="id_region" id="EDFF3037-2202-CF16-343B-EB9E456DD3BD">
<createdBy>santo</createdBy>
<createdTime>2025-09-14 06:55:36 UTC</createdTime>
<generatorID>0798752D-DCD0-32AE-D8EE-47C80ACAA380</generatorID>
<ownerDesignName>semana5</ownerDesignName>
<engineerTo>
<item key="9810ADA8-575E-0F3C-3ABB-2A2043C5466F" value="true"/>
</engineerTo>
<referedAttribute>B0BD7FD2-89EB-0D37-646C-1EE722B6EFF0</referedAttribute>
<useDomainConstraints>false</useDomainConstraints>
<use>1</use>
<logicalDatatype>LOGDT011</logicalDatatype>
<ownDataTypeParameters>,,</ownDataTypeParameters>
</Attribute>
</attributes>
<identifiers itemClass="oracle.dbtools.crest.model.design.logical.CandidateKey">
<identifier id="C7F5C1DE-EF49-5746-8B98-F1DE73C1B1E6" name="CIUDAD PK">
<createdBy>santo</createdBy>
<createdTime>2025-09-14 05:34:24 UTC</createdTime>
<ownerDesignName>semana5</ownerDesignName>
<engineerTo>
<item key="9810ADA8-575E-0F3C-3ABB-2A2043C5466F" value="true"/>
</engineerTo>
<pk>true</pk>
<usedAttributes>
<attributeRef>DC9689F8-98DD-DE77-6628-B54CD7062F5F</attributeRef>
</usedAttributes>
</identifier>
</identifiers>
</Entity>