<?xml version = '1.0' encoding = 'UTF-8'?>
<Entity class="oracle.dbtools.crest.model.design.logical.Entity" directorySegmentName="seg_0" id="1E13A4C9-2041-1A34-3A81-94C5E7D68632" name="COMUNA">
<createdBy>santo</createdBy>
<createdTime>2025-09-14 05:40:47 UTC</createdTime>
<ownerDesignName>semana5</ownerDesignName>
<engineerTo>
<item key="9810ADA8-575E-0F3C-3ABB-2A2043C5466F" value="true"/>
</engineerTo>
<adequatelyNormalized>NO</adequatelyNormalized>
<expectedVolumes>0</expectedVolumes>
<fwdEngineeringStrategyName>Single Table</fwdEngineeringStrategyName>
<growthPercent>0</growthPercent>
<growthType>Year</growthType>
<maxVolumes>9999999</maxVolumes>
<minVolumes>0</minVolumes>
<normalForm>Third</normalForm>
<attributes itemClass="oracle.dbtools.crest.model.design.logical.Attribute">
<Attribute name="id_comuna" id="59488364-F5FA-B1C5-CB9D-8733303586D4">
<createdBy>santo</createdBy>
<createdTime>2025-09-14 05:41:19 UTC</createdTime>
<ownerDesignName>semana5</ownerDesignName>
<engineerTo>
<item key="9810ADA8-575E-0F3C-3ABB-2A2043C5466F" value="true"/>
</engineerTo>
<useDomainConstraints>false</useDomainConstraints>
<use>1</use>
<logicalDatatype>LOGDT011</logicalDatatype>
<ownDataTypeParameters>,,</ownDataTypeParameters>
</Attribute>
<Attribute name="nombre" id="01B42B09-6E81-CDFD-C773-132BA7885F09">
<createdBy>santo</createdBy>
<createdTime>2025-09-14 05:41:32 UTC</createdTime>
<ownerDesignName>semana5</ownerDesignName>
<engineerTo>
<item key="9810ADA8-575E-0F3C-3ABB-2A2043C5466F" value="true"/>
</engineerTo>
<useDomainConstraints>false</useDomainConstraints>
<use>1</use>
<logicalDatatype>LOGDT024</logicalDatatype>
<dataTypeSize>100 CHAR</dataTypeSize>
<ownDataTypeParameters>100 CHAR,,</ownDataTypeParameters>
</Attribute>
<Attribute name="id_ciudad" id="F37D06AC-5086-60D1-8E8B-76365F985560">
<createdBy>santo</createdBy>
<createdTime>2025-09-14 06:57:17 UTC</createdTime>
<generatorID>D7C1316F-D1B2-073E-30A3-7AFD60A4E025</generatorID>
<ownerDesignName>semana5</ownerDesignName>
<engineerTo>
<item key="9810ADA8-575E-0F3C-3ABB-2A2043C5466F" value="true"/>
</engineerTo>
<referedAttribute>DC9689F8-98DD-DE77-6628-B54CD7062F5F</referedAttribute>
<useDomainConstraints>false</useDomainConstraints>
<use>1</use>
<logicalDatatype>LOGDT011</logicalDatatype>
<ownDataTypeParameters>,,</ownDataTypeParameters>
</Attribute>
<Attribute name="rut_paciente" id="8289F14B-5BC2-B85E-7FBF-9684325D428C">
<createdBy>santo</createdBy>
<createdTime>2025-09-14 07:01:28 UTC</createdTime>
<generatorID>15E042B7-01C6-F364-FF18-0735E8A617CA</generatorID>
<ownerDesignName>semana5</ownerDesignName>
<engineerTo>
<item key="9810ADA8-575E-0F3C-3ABB-2A2043C5466F" value="true"/>
</engineerTo>
<referedAttribute>02CE7829-BF61-8D2E-952C-158B4E861FDF</referedAttribute>
<useDomainConstraints>false</useDomainConstraints>
<use>1</use>
<logicalDatatype>LOGDT011</logicalDatatype>
<ownDataTypeParameters>,,</ownDataTypeParameters>
</Attribute>
</attributes>
<identifiers itemClass="oracle.dbtools.crest.model.design.logical.CandidateKey">
<identifier id="BDF4C132-92A0-9715-CF07-F8CB01C35CD8" name="COMUNA PK">
<createdBy>santo</createdBy>
<createdTime>2025-09-14 05:41:30 UTC</createdTime>
<ownerDesignName>semana5</ownerDesignName>
<engineerTo>
<item key="9810ADA8-575E-0F3C-3ABB-2A2043C5466F" value="true"/>
</engineerTo>
<pk>true</pk>
<usedAttributes>
<attributeRef>59488364-F5FA-B1C5-CB9D-8733303586D4</attributeRef>
</usedAttributes>
</identifier>
</identifiers>
</Entity>