<?xml version = '1.0' encoding = 'UTF-8'?>
<Entity class="oracle.dbtools.crest.model.design.logical.Entity" directorySegmentName="seg_0" id="2935A590-7345-FE69-5CAF-A22040BBDCE0" name="MEDICO">
<createdBy>santo</createdBy>
<createdTime>2025-09-14 03:50:21 UTC</createdTime>
<ownerDesignName>semana5</ownerDesignName>
<engineerTo>
<item key="9810ADA8-575E-0F3C-3ABB-2A2043C5466F" value="true"/>
</engineerTo>
<adequatelyNormalized>NO</adequatelyNormalized>
<expectedVolumes>0</expectedVolumes>
<fwdEngineeringStrategyName>Single Table</fwdEngineeringStrategyName>
<growthPercent>0</growthPercent>
<growthType>Year</growthType>
<maxVolumes>9999999</maxVolumes>
<minVolumes>0</minVolumes>
<normalForm>Third</normalForm>
<attributes itemClass="oracle.dbtools.crest.model.design.logical.Attribute">
<Attribute name="rut_medico" id="B1F8DC91-83DB-ACBC-0F0F-A5A4081C6952">
<createdBy>santo</createdBy>
<createdTime>2025-09-14 04:19:42 UTC</createdTime>
<ownerDesignName>semana5</ownerDesignName>
<engineerTo>
<item key="9810ADA8-575E-0F3C-3ABB-2A2043C5466F" value="true"/>
</engineerTo>
<useDomainConstraints>false</useDomainConstraints>
<use>1</use>
<logicalDatatype>LOGDT011</logicalDatatype>
<ownDataTypeParameters>,,</ownDataTypeParameters>
</Attribute>
<Attribute name="dv_rut" id="111B07F7-6EEB-ABCD-4423-C944E968FA5D">
<createdBy>santo</createdBy>
<createdTime>2025-09-14 04:20:24 UTC</createdTime>
<ownerDesignName>semana5</ownerDesignName>
<engineerTo>
<item key="9810ADA8-575E-0F3C-3ABB-2A2043C5466F" value="true"/>
</engineerTo>
<useDomainConstraints>false</useDomainConstraints>
<use>1</use>
<logicalDatatype>LOGDT025</logicalDatatype>
<dataTypeSize>1 CHAR</dataTypeSize>
<ownDataTypeParameters>1 CHAR,,</ownDataTypeParameters>
</Attribute>
<Attribute name="nombre" id="119A0489-762B-2DB2-846C-BF562EA7F97E">
<createdBy>santo</createdBy>
<createdTime>2025-09-14 12:16:26 UTC</createdTime>
<ownerDesignName>semana5</ownerDesignName>
<engineerTo>
<item key="9810ADA8-575E-0F3C-3ABB-2A2043C5466F" value="true"/>
</engineerTo>
<useDomainConstraints>false</useDomainConstraints>
<use>1</use>
<logicalDatatype>LOGDT024</logicalDatatype>
<dataTypeSize>50 CHAR</dataTypeSize>
<ownDataTypeParameters>50 CHAR,,</ownDataTypeParameters>
</Attribute>
<Attribute name="prim_apellido" id="F3D14215-A2D9-9305-F1FB-30E6B32F1A14">
<createdBy>santo</createdBy>
<createdTime>2025-09-14 12:17:05 UTC</createdTime>
<ownerDesignName>semana5</ownerDesignName>
<engineerTo>
<item key="9810ADA8-575E-0F3C-3ABB-2A2043C5466F" value="true"/>
</engineerTo>
<useDomainConstraints>false</useDomainConstraints>
<use>1</use>
<logicalDatatype>LOGDT024</logicalDatatype>
<dataTypeSize>50 CHAR</dataTypeSize>
<ownDataTypeParameters>50 CHAR,,</ownDataTypeParameters>
</Attribute>
<Attribute name="seg_apellido" id="0111E840-2C7E-E38B-D27A-D64840B7CC87">
<createdBy>santo</createdBy>
<createdTime>2025-09-14 12:17:30 UTC</createdTime>
<ownerDesignName>semana5</ownerDesignName>
<engineerTo>
<item key="9810ADA8-575E-0F3C-3ABB-2A2043C5466F" value="true"/>
</engineerTo>
<nullsAllowed>true</nullsAllowed>
<useDomainConstraints>false</useDomainConstraints>
<use>1</use>
<logicalDatatype>LOGDT024</logicalDatatype>
<dataTypeSize>50 CHAR</dataTypeSize>
<ownDataTypeParameters>50 CHAR,,</ownDataTypeParameters>
</Attribute>
<Attribute name="fecha_ingreso" id="2B03FF0B-DCA3-5893-73D8-F28B7798A1FE">
<createdBy>santo</createdBy>
<createdTime>2025-09-14 04:21:11 UTC</createdTime>
<ownerDesignName>semana5</ownerDesignName>
<engineerTo>
<item key="9810ADA8-575E-0F3C-3ABB-2A2043C5466F" value="true"/>
</engineerTo>
<useDomainConstraints>false</useDomainConstraints>
<use>1</use>
<logicalDatatype>LOGDT007</logicalDatatype>
<ownDataTypeParameters>,,</ownDataTypeParameters>
</Attribute>
<Attribute name="id_instituto" id="EEE270A4-20FE-BE65-A5A0-4E553CC2B98E">
<createdBy>santo</createdBy>
<createdTime>2025-09-14 07:07:25 UTC</createdTime>
<generatorID>EBCE728C-3B5F-02CB-E724-5F85706D99F2</generatorID>
<ownerDesignName>semana5</ownerDesignName>
<engineerTo>
<item key="9810ADA8-575E-0F3C-3ABB-2A2043C5466F" value="true"/>
</engineerTo>
<referedAttribute>D3A30F5C-9665-EBE6-68B3-05E10955C527</referedAttribute>
<useDomainConstraints>false</useDomainConstraints>
<use>1</use>
<logicalDatatype>LOGDT011</logicalDatatype>
<ownDataTypeParameters>,,</ownDataTypeParameters>
</Attribute>
<Attribute name="id_afp" id="28D803FE-E988-76B9-9E00-97A4610C1A88">
<createdBy>santo</createdBy>
<createdTime>2025-09-14 11:48:55 UTC</createdTime>
<generatorID>EDC8DA31-D8EB-38D3-A85D-148DDA98F108</generatorID>
<ownerDesignName>semana5</ownerDesignName>
<engineerTo>
<item key="9810ADA8-575E-0F3C-3ABB-2A2043C5466F" value="true"/>
</engineerTo>
<referedAttribute>8C584879-9F00-5687-B287-15402DF65806</referedAttribute>
<useDomainConstraints>false</useDomainConstraints>
<use>1</use>
<logicalDatatype>LOGDT011</logicalDatatype>
<ownDataTypeParameters>,,</ownDataTypeParameters>
</Attribute>
<Attribute name="id_especialidad" id="D8866908-F965-BD85-8640-4EE5D0CFE51D">
<createdBy>santo</createdBy>
<createdTime>2025-09-14 11:50:22 UTC</createdTime>
<generatorID>C26CEF1C-658D-F8C4-622F-90BCCB96E2BA</generatorID>
<ownerDesignName>semana5</ownerDesignName>
<engineerTo>
<item key="9810ADA8-575E-0F3C-3ABB-2A2043C5466F" value="true"/>
</engineerTo>
<referedAttribute>E396B9D9-A73A-CDD0-66AF-6BEC030F2352</referedAttribute>
<useDomainConstraints>false</useDomainConstraints>
<use>1</use>
<logicalDatatype>LOGDT011</logicalDatatype>
<ownDataTypeParameters>,,</ownDataTypeParameters>
</Attribute>
<Attribute name="rut_medico1" id="1154020F-3A3C-FE09-3F5F-33D8776804D5">
<createdBy>santo</createdBy>
<createdTime>2025-09-15 03:35:27 UTC</createdTime>
<generatorID>7C67DCE6-41C0-28E7-0298-77D4F688565D</generatorID>
<ownerDesignName>semana5</ownerDesignName>
<engineerTo>
<item key="9810ADA8-575E-0F3C-3ABB-2A2043C5466F" value="true"/>
</engineerTo>
<nullsAllowed>true</nullsAllowed>
<referedAttribute>B1F8DC91-83DB-ACBC-0F0F-A5A4081C6952</referedAttribute>
<useDomainConstraints>false</useDomainConstraints>
<use>1</use>
<logicalDatatype>LOGDT011</logicalDatatype>
<ownDataTypeParameters>,,</ownDataTypeParameters>
</Attribute>
</attributes>
<identifiers itemClass="oracle.dbtools.crest.model.design.logical.CandidateKey">
<identifier id="E2A31DE3-001A-2B04-05D7-1396E080722D" name="MEDICO PK">
<createdBy>santo</createdBy>
<createdTime>2025-09-14 04:20:17 UTC</createdTime>
<ownerDesignName>semana5</ownerDesignName>
<engineerTo>
<item key="9810ADA8-575E-0F3C-3ABB-2A2043C5466F" value="true"/>
</engineerTo>
<pk>true</pk>
<usedAttributes>
<attributeRef>B1F8DC91-83DB-ACBC-0F0F-A5A4081C6952</attributeRef>
</usedAttributes>
</identifier>
</identifiers>
</Entity>