<?xml version = '1.0' encoding = 'UTF-8'?>
<Entity class="oracle.dbtools.crest.model.design.logical.Entity" directorySegmentName="seg_0" id="59773A50-6CE7-E4C2-AD0D-3506B418C374" name="ATENCION_MEDICA">
<createdBy>santo</createdBy>
<createdTime>2025-09-14 03:49:43 UTC</createdTime>
<ownerDesignName>semana5</ownerDesignName>
<engineerTo>
<item key="9810ADA8-575E-0F3C-3ABB-2A2043C5466F" value="true"/>
</engineerTo>
<adequatelyNormalized>NO</adequatelyNormalized>
<expectedVolumes>0</expectedVolumes>
<fwdEngineeringStrategyName>Single Table</fwdEngineeringStrategyName>
<growthPercent>0</growthPercent>
<growthType>Year</growthType>
<maxVolumes>9999999</maxVolumes>
<minVolumes>0</minVolumes>
<normalForm>Third</normalForm>
<attributes itemClass="oracle.dbtools.crest.model.design.logical.Attribute">
<Attribute name="id_atencion" id="B21ACCE1-8CBC-8FBC-F5CC-2A199CE552D7">
<createdBy>santo</createdBy>
<createdTime>2025-09-14 03:50:37 UTC</createdTime>
<ownerDesignName>semana5</ownerDesignName>
<engineerTo>
<item key="9810ADA8-575E-0F3C-3ABB-2A2043C5466F" value="true"/>
</engineerTo>
<useDomainConstraints>false</useDomainConstraints>
<use>1</use>
<logicalDatatype>LOGDT011</logicalDatatype>
<ownDataTypeParameters>,,</ownDataTypeParameters>
</Attribute>
<Attribute name="fecha_atencion" id="2CAE9177-1C1E-36BC-3FBE-E005B46EDD20">
<createdBy>santo</createdBy>
<createdTime>2025-09-14 03:51:13 UTC</createdTime>
<ownerDesignName>semana5</ownerDesignName>
<engineerTo>
<item key="9810ADA8-575E-0F3C-3ABB-2A2043C5466F" value="true"/>
</engineerTo>
<useDomainConstraints>false</useDomainConstraints>
<use>1</use>
<logicalDatatype>LOGDT007</logicalDatatype>
<ownDataTypeParameters>,,</ownDataTypeParameters>
</Attribute>
<Attribute name="tipo" id="509EA102-ADD5-5BC4-489A-4439FDF8275F">
<createdBy>santo</createdBy>
<createdTime>2025-09-14 03:51:42 UTC</createdTime>
<ownerDesignName>semana5</ownerDesignName>
<engineerTo>
<item key="9810ADA8-575E-0F3C-3ABB-2A2043C5466F" value="true"/>
</engineerTo>
<useDomainConstraints>false</useDomainConstraints>
<use>1</use>
<logicalDatatype>LOGDT024</logicalDatatype>
<dataTypeSize>25 CHAR</dataTypeSize>
<ownDataTypeParameters>25 CHAR,,</ownDataTypeParameters>
</Attribute>
<Attribute name="diagnostico" id="11C27A56-EDEE-B4CC-8465-D42A47D537B7">
<createdBy>santo</createdBy>
<createdTime>2025-09-14 03:54:36 UTC</createdTime>
<ownerDesignName>semana5</ownerDesignName>
<engineerTo>
<item key="9810ADA8-575E-0F3C-3ABB-2A2043C5466F" value="true"/>
</engineerTo>
<useDomainConstraints>false</useDomainConstraints>
<use>1</use>
<logicalDatatype>LOGDT024</logicalDatatype>
<dataTypeSize>30 CHAR</dataTypeSize>
<ownDataTypeParameters>30 CHAR,,</ownDataTypeParameters>
</Attribute>
<Attribute name="medico" id="1F4FC482-35BA-2839-1190-72C14BB86CD3">
<createdBy>santo</createdBy>
<createdTime>2025-09-14 03:55:32 UTC</createdTime>
<ownerDesignName>semana5</ownerDesignName>
<engineerTo>
<item key="9810ADA8-575E-0F3C-3ABB-2A2043C5466F" value="true"/>
</engineerTo>
<useDomainConstraints>false</useDomainConstraints>
<use>1</use>
<logicalDatatype>LOGDT024</logicalDatatype>
<dataTypeSize>50 CHAR</dataTypeSize>
<ownDataTypeParameters>50 CHAR,,</ownDataTypeParameters>
</Attribute>
<Attribute name="paciente" id="602AA720-F0DE-344F-5124-72D9D1499F08">
<createdBy>santo</createdBy>
<createdTime>2025-09-14 03:56:14 UTC</createdTime>
<ownerDesignName>semana5</ownerDesignName>
<engineerTo>
<item key="9810ADA8-575E-0F3C-3ABB-2A2043C5466F" value="true"/>
</engineerTo>
<useDomainConstraints>false</useDomainConstraints>
<use>1</use>
<logicalDatatype>LOGDT024</logicalDatatype>
<dataTypeSize>50 CHAR</dataTypeSize>
<ownDataTypeParameters>50 CHAR,,</ownDataTypeParameters>
</Attribute>
<Attribute name="rut_medico" id="371CF040-A020-1F99-60AF-B610475C09EB">
<createdBy>santo</createdBy>
<createdTime>2025-09-14 11:52:24 UTC</createdTime>
<generatorID>39C47007-0AC1-993A-FF71-F6FEF9373A7E</generatorID>
<ownerDesignName>semana5</ownerDesignName>
<engineerTo>
<item key="9810ADA8-575E-0F3C-3ABB-2A2043C5466F" value="true"/>
</engineerTo>
<referedAttribute>B1F8DC91-83DB-ACBC-0F0F-A5A4081C6952</referedAttribute>
<useDomainConstraints>false</useDomainConstraints>
<use>1</use>
<logicalDatatype>LOGDT011</logicalDatatype>
<ownDataTypeParameters>,,</ownDataTypeParameters>
</Attribute>
<Attribute name="rut_paciente" id="6D334B47-9EFA-EB96-D550-C11A73B2A5A2">
<createdBy>santo</createdBy>
<createdTime>2025-09-14 11:57:04 UTC</createdTime>
<generatorID>25827ED9-126D-A8C4-7D84-2824B051AC02</generatorID>
<ownerDesignName>semana5</ownerDesignName>
<engineerTo>
<item key="9810ADA8-575E-0F3C-3ABB-2A2043C5466F" value="true"/>
</engineerTo>
<referedAttribute>02CE7829-BF61-8D2E-952C-158B4E861FDF</referedAttribute>
<useDomainConstraints>false</useDomainConstraints>
<use>1</use>
<logicalDatatype>LOGDT011</logicalDatatype>
<ownDataTypeParameters>,,</ownDataTypeParameters>
</Attribute>
<Attribute name="id_detalle" id="9F505DC8-F261-7D95-A6A0-9CCA1E19F593">
<createdBy>santo</createdBy>
<createdTime>2025-09-14 12:01:58 UTC</createdTime>
<generatorID>2A760102-E9B5-8037-956C-B69824DBA5D0</generatorID>
<ownerDesignName>semana5</ownerDesignName>
<engineerTo>
<item key="9810ADA8-575E-0F3C-3ABB-2A2043C5466F" value="true"/>
</engineerTo>
<referedAttribute>D0C4ED5E-B937-575F-6A26-E6A6C41C9F07</referedAttribute>
<useDomainConstraints>false</useDomainConstraints>
<use>1</use>
<logicalDatatype>LOGDT011</logicalDatatype>
<ownDataTypeParameters>,,</ownDataTypeParameters>
</Attribute>
</attributes>
<identifiers itemClass="oracle.dbtools.crest.model.design.logical.CandidateKey">
<identifier id="A7EA180E-0F34-19F2-90C9-E011911C6B07" name="ATENCION_MEDICA PK">
<createdBy>santo</createdBy>
<createdTime>2025-09-14 03:51:08 UTC</createdTime>
<ownerDesignName>semana5</ownerDesignName>
<engineerTo>
<item key="9810ADA8-575E-0F3C-3ABB-2A2043C5466F" value="true"/>
</engineerTo>
<pk>true</pk>
<usedAttributes>
<attributeRef>B21ACCE1-8CBC-8FBC-F5CC-2A199CE552D7</attributeRef>
</usedAttributes>
</identifier>
</identifiers>
</Entity>