<?xml version = '1.0' encoding = 'UTF-8'?>
<Entity class="oracle.dbtools.crest.model.design.logical.Entity" directorySegmentName="seg_0" id="9233E25B-3FBC-8376-C9B3-7839E53AFC54" name="AFP">
<createdBy>santo</createdBy>
<createdTime>2025-09-14 04:26:16 UTC</createdTime>
<ownerDesignName>semana5</ownerDesignName>
<engineerTo>
<item key="9810ADA8-575E-0F3C-3ABB-2A2043C5466F" value="true"/>
</engineerTo>
<adequatelyNormalized>NO</adequatelyNormalized>
<expectedVolumes>0</expectedVolumes>
<fwdEngineeringStrategyName>Single Table</fwdEngineeringStrategyName>
<growthPercent>0</growthPercent>
<growthType>Year</growthType>
<maxVolumes>9999999</maxVolumes>
<minVolumes>0</minVolumes>
<normalForm>Third</normalForm>
<attributes itemClass="oracle.dbtools.crest.model.design.logical.Attribute">
<Attribute name="id_afp" id="8C584879-9F00-5687-B287-15402DF65806">
<createdBy>santo</createdBy>
<createdTime>2025-09-14 04:26:39 UTC</createdTime>
<ownerDesignName>semana5</ownerDesignName>
<engineerTo>
<item key="9810ADA8-575E-0F3C-3ABB-2A2043C5466F" value="true"/>
</engineerTo>
<useDomainConstraints>false</useDomainConstraints>
<use>1</use>
<logicalDatatype>LOGDT011</logicalDatatype>
<ownDataTypeParameters>,,</ownDataTypeParameters>
</Attribute>
<Attribute name="nombre" id="51F352A5-35E7-45C3-A3C9-3087B2EADDB7">
<createdBy>santo</createdBy>
<createdTime>2025-09-14 04:26:53 UTC</createdTime>
<ownerDesignName>semana5</ownerDesignName>
<engineerTo>
<item key="9810ADA8-575E-0F3C-3ABB-2A2043C5466F" value="true"/>
</engineerTo>
<useDomainConstraints>false</useDomainConstraints>
<use>1</use>
<logicalDatatype>LOGDT024</logicalDatatype>
<dataTypeSize>50 CHAR</dataTypeSize>
<ownDataTypeParameters>50 CHAR,,</ownDataTypeParameters>
</Attribute>
</attributes>
<identifiers itemClass="oracle.dbtools.crest.model.design.logical.CandidateKey">
<identifier id="5BF50480-8B5D-B0AF-7BA0-B64FB255B510" name="AFP PK">
<createdBy>santo</createdBy>
<createdTime>2025-09-14 04:26:51 UTC</createdTime>
<ownerDesignName>semana5</ownerDesignName>
<engineerTo>
<item key="9810ADA8-575E-0F3C-3ABB-2A2043C5466F" value="true"/>
</engineerTo>
<pk>true</pk>
<usedAttributes>
<attributeRef>8C584879-9F00-5687-B287-15402DF65806</attributeRef>
</usedAttributes>
</identifier>
</identifiers>
</Entity>