<?xml version = '1.0' encoding = 'UTF-8'?>
<Entity class="oracle.dbtools.crest.model.design.logical.Entity" directorySegmentName="seg_0" id="AD0CFDFA-AC43-8B50-0880-27CB089406C5" name="DETALLE_PAGO">
<createdBy>santo</createdBy>
<createdTime>2025-09-14 05:58:06 UTC</createdTime>
<ownerDesignName>semana5</ownerDesignName>
<engineerTo>
<item key="9810ADA8-575E-0F3C-3ABB-2A2043C5466F" value="true"/>
</engineerTo>
<adequatelyNormalized>NO</adequatelyNormalized>
<expectedVolumes>0</expectedVolumes>
<fwdEngineeringStrategyName>Single Table</fwdEngineeringStrategyName>
<growthPercent>0</growthPercent>
<growthType>Year</growthType>
<maxVolumes>9999999</maxVolumes>
<minVolumes>0</minVolumes>
<normalForm>Third</normalForm>
<attributes itemClass="oracle.dbtools.crest.model.design.logical.Attribute">
<Attribute name="id_detalle" id="D0C4ED5E-B937-575F-6A26-E6A6C41C9F07">
<createdBy>santo</createdBy>
<createdTime>2025-09-14 05:58:17 UTC</createdTime>
<ownerDesignName>semana5</ownerDesignName>
<engineerTo>
<item key="9810ADA8-575E-0F3C-3ABB-2A2043C5466F" value="true"/>
</engineerTo>
<useDomainConstraints>false</useDomainConstraints>
<use>1</use>
<logicalDatatype>LOGDT011</logicalDatatype>
<ownDataTypeParameters>,,</ownDataTypeParameters>
</Attribute>
<Attribute name="id_atencion" id="90280A49-F08D-07AF-4BCD-89794713F041">
<createdBy>santo</createdBy>
<createdTime>2025-09-14 12:01:58 UTC</createdTime>
<generatorID>2A760102-E9B5-8037-956C-B69824DBA5D0</generatorID>
<ownerDesignName>semana5</ownerDesignName>
<engineerTo>
<item key="9810ADA8-575E-0F3C-3ABB-2A2043C5466F" value="true"/>
</engineerTo>
<referedAttribute>B21ACCE1-8CBC-8FBC-F5CC-2A199CE552D7</referedAttribute>
<useDomainConstraints>false</useDomainConstraints>
<use>1</use>
<logicalDatatype>LOGDT011</logicalDatatype>
<ownDataTypeParameters>,,</ownDataTypeParameters>
</Attribute>
<Attribute name="id_pago" id="2EA45764-8492-40E3-536C-1267878E2D70">
<createdBy>santo</createdBy>
<createdTime>2025-09-14 12:03:00 UTC</createdTime>
<generatorID>50B9AC32-EBED-A8D5-DA33-7281CFB8B7E5</generatorID>
<ownerDesignName>semana5</ownerDesignName>
<engineerTo>
<item key="9810ADA8-575E-0F3C-3ABB-2A2043C5466F" value="true"/>
</engineerTo>
<referedAttribute>F478E4B4-5D1C-C0A5-159B-F0634BD5583F</referedAttribute>
<useDomainConstraints>false</useDomainConstraints>
<use>1</use>
<logicalDatatype>LOGDT011</logicalDatatype>
<ownDataTypeParameters>,,</ownDataTypeParameters>
</Attribute>
</attributes>
<identifiers itemClass="oracle.dbtools.crest.model.design.logical.CandidateKey">
<identifier id="F82FFB8C-47A1-308B-83AD-AFD9C8320483" name="DETALLE_PAGO PK">
<createdBy>santo</createdBy>
<createdTime>2025-09-14 05:59:15 UTC</createdTime>
<ownerDesignName>semana5</ownerDesignName>
<engineerTo>
<item key="9810ADA8-575E-0F3C-3ABB-2A2043C5466F" value="true"/>
</engineerTo>
<pk>true</pk>
<usedAttributes>
<attributeRef>D0C4ED5E-B937-575F-6A26-E6A6C41C9F07</attributeRef>
</usedAttributes>
</identifier>
</identifiers>
</Entity>