<?xml version = '1.0' encoding = 'UTF-8'?>
<Entity class="oracle.dbtools.crest.model.design.logical.Entity" directorySegmentName="seg_0" id="E210184A-1946-1DDE-1545-F259D7F4DFEA" name="EXAMEN_SOLICITADO">
<createdBy>santo</createdBy>
<createdTime>2025-09-14 05:58:39 UTC</createdTime>
<ownerDesignName>semana5</ownerDesignName>
<engineerTo>
<item key="9810ADA8-575E-0F3C-3ABB-2A2043C5466F" value="true"/>
</engineerTo>
<adequatelyNormalized>NO</adequatelyNormalized>
<expectedVolumes>0</expectedVolumes>
<fwdEngineeringStrategyName>Single Table</fwdEngineeringStrategyName>
<growthPercent>0</growthPercent>
<growthType>Year</growthType>
<maxVolumes>9999999</maxVolumes>
<minVolumes>0</minVolumes>
<normalForm>Third</normalForm>
<attributes itemClass="oracle.dbtools.crest.model.design.logical.Attribute">
<Attribute name="id_examen_solicitado" id="9BECBB39-4100-E11A-4963-674F3E23C6F0">
<createdBy>santo</createdBy>
<createdTime>2025-09-14 05:58:49 UTC</createdTime>
<ownerDesignName>semana5</ownerDesignName>
<engineerTo>
<item key="9810ADA8-575E-0F3C-3ABB-2A2043C5466F" value="true"/>
</engineerTo>
<useDomainConstraints>false</useDomainConstraints>
<use>1</use>
<logicalDatatype>LOGDT011</logicalDatatype>
<ownDataTypeParameters>,,</ownDataTypeParameters>
</Attribute>
<Attribute name="id_atencion" id="DEFBB50D-47D2-FDFF-4183-01E0D0C2C2A6">
<createdBy>santo</createdBy>
<createdTime>2025-09-14 12:04:23 UTC</createdTime>
<generatorID>9E5AD13C-E4E7-2931-3349-5440C1783BC6</generatorID>
<ownerDesignName>semana5</ownerDesignName>
<engineerTo>
<item key="9810ADA8-575E-0F3C-3ABB-2A2043C5466F" value="true"/>
</engineerTo>
<referedAttribute>B21ACCE1-8CBC-8FBC-F5CC-2A199CE552D7</referedAttribute>
<useDomainConstraints>false</useDomainConstraints>
<use>1</use>
<logicalDatatype>LOGDT011</logicalDatatype>
<ownDataTypeParameters>,,</ownDataTypeParameters>
</Attribute>
<Attribute name="id_examen" id="285C373A-73A3-2007-2F01-97F09115CC2F">
<createdBy>santo</createdBy>
<createdTime>2025-09-14 12:07:35 UTC</createdTime>
<generatorID>AA57016F-CD71-988A-B355-DE694DE9F0EF</generatorID>
<ownerDesignName>semana5</ownerDesignName>
<engineerTo>
<item key="9810ADA8-575E-0F3C-3ABB-2A2043C5466F" value="true"/>
</engineerTo>
<referedAttribute>C8B3F1E4-A29D-B471-AC7A-D6FEF762EEC8</referedAttribute>
<useDomainConstraints>false</useDomainConstraints>
<use>1</use>
<logicalDatatype>LOGDT011</logicalDatatype>
<ownDataTypeParameters>,,</ownDataTypeParameters>
</Attribute>
<Attribute name="fecha_solicitud" id="44DCCBF5-1FCF-AFDD-1FF9-2B3C84016899">
<createdBy>santo</createdBy>
<createdTime>2025-09-14 12:10:51 UTC</createdTime>
<ownerDesignName>semana5</ownerDesignName>
<engineerTo>
<item key="9810ADA8-575E-0F3C-3ABB-2A2043C5466F" value="true"/>
</engineerTo>
<useDomainConstraints>false</useDomainConstraints>
<use>1</use>
<logicalDatatype>LOGDT007</logicalDatatype>
<ownDataTypeParameters>,,</ownDataTypeParameters>
</Attribute>
</attributes>
<identifiers itemClass="oracle.dbtools.crest.model.design.logical.CandidateKey">
<identifier id="AB7AC9F8-F284-EF86-F53B-DECE5D442BAA" name="EXAMEN_SOLICITADO PK">
<createdBy>santo</createdBy>
<createdTime>2025-09-14 05:59:02 UTC</createdTime>
<ownerDesignName>semana5</ownerDesignName>
<engineerTo>
<item key="9810ADA8-575E-0F3C-3ABB-2A2043C5466F" value="true"/>
</engineerTo>
<pk>true</pk>
<usedAttributes>
<attributeRef>9BECBB39-4100-E11A-4963-674F3E23C6F0</attributeRef>
</usedAttributes>
</identifier>
</identifiers>
</Entity>