<?xml version = '1.0' encoding = 'UTF-8'?>
<Diagram class="oracle.dbtools.crest.swingui.relational.DPVRelational" name="Relational_1" id="54534BFC-8ECC-8872-ECFD-7F96059C3260">
<createdBy>santo</createdBy>
<modifiedBy>santo</modifiedBy>
<createdTime>2025-09-14 07:06:58 UTC</createdTime>
<autoRoute>false</autoRoute>
<boxInbox>true</boxInbox>
<showLegend>false</showLegend>
<showLabels>false</showLabels>
<showRelAttributes>false</showRelAttributes>
<gridEnabled>false</gridEnabled>
<showGrid>false</showGrid>
<diagramColor>-1</diagramColor>
<display>false</display>
<notation>1</notation>
<objectViews>
<OView class="oracle.dbtools.crest.swingui.relational.TVTable" oid="06B25849-43AD-15BA-243B-860960B349F3" otype="Table" vid="5BCB6287-3327-2377-5368-587948A59249">
<hideElementsInCurrentOnly>false</hideElementsInCurrentOnly>
<bounds x="1276" y="24" width="216" height="94"/>
</OView>
<OView class="oracle.dbtools.crest.swingui.relational.TVTable" oid="2AF46CC4-4026-7455-363C-30C1737695A0" otype="Table" vid="93249E4C-E978-D6AA-A247-41550AE9FBBA">
<hideElementsInCurrentOnly>false</hideElementsInCurrentOnly>
<bounds x="463" y="280" width="383" height="249"/>
</OView>
<OView class="oracle.dbtools.crest.swingui.relational.TVTable" oid="340EA141-9D7F-4E9B-19FB-0E2A2E35C278" otype="Table" vid="836C88BE-626A-5B25-CC12-E6F6DDCCB716">
<hideElementsInCurrentOnly>false</hideElementsInCurrentOnly>
<bounds x="1253" y="205" width="263" height="110"/>
</OView>
<OView class="oracle.dbtools.crest.swingui.relational.TVTable" oid="58872CAD-E574-39E5-CEEE-D5436A531219" otype="Table" vid="3CDC2FAE-6F76-447B-58B0-3CB85181854A">
<hideElementsInCurrentOnly>false</hideElementsInCurrentOnly>
<bounds x="1159" y="484" width="328" height="145"/>
</OView>
<OView class="oracle.dbtools.crest.swingui.relational.TVTable" oid="60EAED1F-B9DB-762F-D614-0D1177F40566" otype="Table" vid="305FCB4D-7DD7-28A7-10DC-26DC5B9B412C">
<hideElementsInCurrentOnly>false</hideElementsInCurrentOnly>
<bounds x="15" y="11" width="305" height="129"/>
</OView>
<OView class="oracle.dbtools.crest.swingui.relational.TVTable" oid="65D30062-3118-2EB5-9E99-F8238E8AD1FE" otype="Table" vid="000F70C2-17FE-9D3C-2C5C-0D64D71C0A36">
<hideElementsInCurrentOnly>false</hideElementsInCurrentOnly>
<bounds x="17" y="183" width="403" height="163"/>
</OView>
<OView class="oracle.dbtools.crest.swingui.relational.TVTable" oid="797B7BC7-0AF7-1ADB-9B63-9744643A4CBD" otype="Table" vid="014D9EED-BB11-45FC-47E5-BE07C298FE39">
<hideElementsInCurrentOnly>false</hideElementsInCurrentOnly>
<bounds x="17" y="441" width="273" height="166"/>
</OView>
<OView class="oracle.dbtools.crest.swingui.relational.TVTable" oid="7AA56BB5-FB7E-750C-3276-E80EA15294D3" otype="Table" vid="F51ACFDA-5876-29C6-A844-30396BCC0069">
<hideElementsInCurrentOnly>false</hideElementsInCurrentOnly>
<bounds x="823" y="554" width="244" height="86"/>
</OView>
<OView class="oracle.dbtools.crest.swingui.relational.TVTable" oid="9CC494B6-BDAE-ED8E-DA53-139F075EB526" otype="Table" vid="3F722732-CB28-0278-9451-FE240EBDF5C6">
<hideElementsInCurrentOnly>false</hideElementsInCurrentOnly>
<bounds x="1020" y="11" width="231" height="110"/>
</OView>
<OView class="oracle.dbtools.crest.swingui.relational.TVTable" oid="ABECCCED-52C7-81A2-FC04-52C7E6AAE2A8" otype="Table" vid="21AAA7DE-3796-8FB4-B9FC-7B1279B79371">
<hideElementsInCurrentOnly>false</hideElementsInCurrentOnly>
<bounds x="1011" y="186" width="210" height="90"/>
</OView>
<OView class="oracle.dbtools.crest.swingui.relational.TVTable" oid="B512A8AD-0B79-C2C8-D8D4-7AD08C4250D2" otype="Table" vid="E2D9940B-F6D1-B344-2780-C642B8AAD23C">
<hideElementsInCurrentOnly>false</hideElementsInCurrentOnly>
<bounds x="916" y="336" width="449" height="135"/>
</OView>
<OView class="oracle.dbtools.crest.swingui.relational.TVTable" oid="D756ED2D-9CE4-59DB-6D2B-04551A312D15" otype="Table" vid="5D679115-6057-5CC6-A5AA-A8D0E503F0C4">
<hideElementsInCurrentOnly>false</hideElementsInCurrentOnly>
<bounds x="592" y="15" width="378" height="225"/>
</OView>
<OView class="oracle.dbtools.crest.swingui.relational.TVTable" oid="DE040BAA-174B-FCC6-71E3-41957752128F" otype="Table" vid="754504F9-CEA2-6A62-5555-DD172DA67FC6">
<hideElementsInCurrentOnly>false</hideElementsInCurrentOnly>
<bounds x="344" y="32" width="192" height="85"/>
</OView>
</objectViews>
<connectors>
<Connector class="oracle.dbtools.crest.swingui.relational.TVFKRelation" oid="07527D3F-F98E-B9F7-381B-683CCB73F1E9" otype="FKIndexAssociation" vid_source="836C88BE-626A-5B25-CC12-E6F6DDCCB716" vid_target="3CDC2FAE-6F76-447B-58B0-3CB85181854A">
<hideElementsInCurrentOnly>false</hideElementsInCurrentOnly>
<backgroundColor>-16777216</backgroundColor>
<lineWidth>1</lineWidth>
<points>
<point x="1370" y="315"/>
<point x="1370" y="484"/>
</points>
</Connector>
<Connector class="oracle.dbtools.crest.swingui.relational.TVFKRelation" oid="15143729-28A8-83FA-02F0-44743ABECEEE" otype="FKIndexAssociation" vid_source="014D9EED-BB11-45FC-47E5-BE07C298FE39" vid_target="3CDC2FAE-6F76-447B-58B0-3CB85181854A">
<hideElementsInCurrentOnly>false</hideElementsInCurrentOnly>
<backgroundColor>-16777216</backgroundColor>
<lineWidth>1</lineWidth>
<points>
<point x="290" y="545"/>
<point x="1159" y="545"/>
</points>
</Connector>
<Connector class="oracle.dbtools.crest.swingui.relational.TVFKRelation" oid="22A0E7BF-5DF6-82B7-803E-5BDDB1D0FC48" otype="FKIndexAssociation" vid_source="F51ACFDA-5876-29C6-A844-30396BCC0069" vid_target="5D679115-6057-5CC6-A5AA-A8D0E503F0C4">
<hideElementsInCurrentOnly>false</hideElementsInCurrentOnly>
<backgroundColor>-16777216</backgroundColor>
<lineWidth>1</lineWidth>
<points>
<point x="896" y="554"/>
<point x="896" y="240"/>
</points>
</Connector>
<Connector class="oracle.dbtools.crest.swingui.relational.TVFKRelation" oid="2B26A91C-4BEF-75C5-03BB-1447D9B993D1" otype="FKIndexAssociation" vid_source="305FCB4D-7DD7-28A7-10DC-26DC5B9B412C" vid_target="000F70C2-17FE-9D3C-2C5C-0D64D71C0A36">
<hideElementsInCurrentOnly>false</hideElementsInCurrentOnly>
<backgroundColor>-16777216</backgroundColor>
<lineWidth>1</lineWidth>
<points>
<point x="183" y="140"/>
<point x="183" y="183"/>
</points>
</Connector>
<Connector class="oracle.dbtools.crest.swingui.relational.TVFKRelation" oid="363B0F34-541D-C7BD-1E86-0FC3997FC5F6" otype="FKIndexAssociation" vid_source="5BCB6287-3327-2377-5368-587948A59249" vid_target="836C88BE-626A-5B25-CC12-E6F6DDCCB716">
<hideElementsInCurrentOnly>false</hideElementsInCurrentOnly>
<backgroundColor>-16777216</backgroundColor>
<lineWidth>1</lineWidth>
<points>
<point x="1399" y="118"/>
<point x="1399" y="205"/>
</points>
</Connector>
<Connector class="oracle.dbtools.crest.swingui.relational.TVFKRelation" oid="50207BE7-AB6F-C8BE-F47F-F24BFDC0DAF8" otype="FKIndexAssociation" vid_source="5D679115-6057-5CC6-A5AA-A8D0E503F0C4" vid_target="93249E4C-E978-D6AA-A247-41550AE9FBBA">
<hideElementsInCurrentOnly>false</hideElementsInCurrentOnly>
<backgroundColor>-16777216</backgroundColor>
<lineWidth>1</lineWidth>
<points>
<point x="719" y="240"/>
<point x="719" y="280"/>
</points>
</Connector>
<Connector class="oracle.dbtools.crest.swingui.relational.TVFKRelation" oid="5DEF3CF9-193C-453B-4DE6-FBB90B6018F2" otype="FKIndexAssociation" vid_source="93249E4C-E978-D6AA-A247-41550AE9FBBA" vid_target="000F70C2-17FE-9D3C-2C5C-0D64D71C0A36">
<hideElementsInCurrentOnly>false</hideElementsInCurrentOnly>
<backgroundColor>-16777216</backgroundColor>
<lineWidth>1</lineWidth>
<points>
<point x="463" y="313"/>
<point x="420" y="313"/>
</points>
</Connector>
<Connector class="oracle.dbtools.crest.swingui.relational.TVFKRelation" oid="72593822-8673-1C39-A57D-70ED3E69DD88" otype="FKIndexAssociation" vid_source="3F722732-CB28-0278-9451-FE240EBDF5C6" vid_target="E2D9940B-F6D1-B344-2780-C642B8AAD23C">
<hideElementsInCurrentOnly>false</hideElementsInCurrentOnly>
<backgroundColor>-16777216</backgroundColor>
<lineWidth>1</lineWidth>
<points>
<point x="1232" y="121"/>
<point x="1231" y="336"/>
</points>
</Connector>
<Connector class="oracle.dbtools.crest.swingui.relational.TVFKRelation" oid="9B6CC333-816C-181C-425C-E714DD215ED4" otype="FKIndexAssociation" vid_source="754504F9-CEA2-6A62-5555-DD172DA67FC6" vid_target="5D679115-6057-5CC6-A5AA-A8D0E503F0C4">
<hideElementsInCurrentOnly>false</hideElementsInCurrentOnly>
<backgroundColor>-16777216</backgroundColor>
<lineWidth>1</lineWidth>
<points>
<point x="536" y="74"/>
<point x="592" y="74"/>
</points>
</Connector>
<Connector class="oracle.dbtools.crest.swingui.relational.TVFKRelation" oid="BD68BA28-DE66-1F3C-23CA-E01B7D3FEC9D" otype="FKIndexAssociation" vid_source="21AAA7DE-3796-8FB4-B9FC-7B1279B79371" vid_target="5D679115-6057-5CC6-A5AA-A8D0E503F0C4">
<hideElementsInCurrentOnly>false</hideElementsInCurrentOnly>
<backgroundColor>-16777216</backgroundColor>
<lineWidth>1</lineWidth>
<points>
<point x="1011" y="213"/>
<point x="970" y="213"/>
</points>
</Connector>
<Connector class="oracle.dbtools.crest.swingui.relational.TVFKRelation" oid="C40A9A37-2926-C3EB-F11C-09C2FD883957" otype="FKIndexAssociation" vid_source="014D9EED-BB11-45FC-47E5-BE07C298FE39" vid_target="93249E4C-E978-D6AA-A247-41550AE9FBBA">
<hideElementsInCurrentOnly>false</hideElementsInCurrentOnly>
<backgroundColor>-16777216</backgroundColor>
<lineWidth>1</lineWidth>
<points>
<point x="290" y="485"/>
<point x="463" y="485"/>
</points>
</Connector>
<Connector class="oracle.dbtools.crest.swingui.relational.TVFKRelation" oid="D9F2485E-C662-2828-2EE7-44D4D95F0A9D" otype="FKIndexAssociation" vid_source="000F70C2-17FE-9D3C-2C5C-0D64D71C0A36" vid_target="305FCB4D-7DD7-28A7-10DC-26DC5B9B412C">
<hideElementsInCurrentOnly>false</hideElementsInCurrentOnly>
<backgroundColor>-16777216</backgroundColor>
<lineWidth>1</lineWidth>
<points>
<point x="168" y="183"/>
<point x="168" y="140"/>
</points>
</Connector>
<Connector class="oracle.dbtools.crest.swingui.relational.TVFKRelation" oid="DAB9BFB4-2253-5FDC-490E-EDB1AAD9A2FD" otype="FKIndexAssociation" vid_source="93249E4C-E978-D6AA-A247-41550AE9FBBA" vid_target="E2D9940B-F6D1-B344-2780-C642B8AAD23C">
<hideElementsInCurrentOnly>false</hideElementsInCurrentOnly>
<backgroundColor>-16777216</backgroundColor>
<lineWidth>1</lineWidth>
<points>
<point x="846" y="403"/>
<point x="916" y="403"/>
</points>
</Connector>
<Connector class="oracle.dbtools.crest.swingui.relational.TVFKRelation" oid="E4B8A41B-9E52-0E4E-4BBF-ED32DB6C4E10" otype="FKIndexAssociation" vid_source="000F70C2-17FE-9D3C-2C5C-0D64D71C0A36" vid_target="93249E4C-E978-D6AA-A247-41550AE9FBBA">
<hideElementsInCurrentOnly>false</hideElementsInCurrentOnly>
<backgroundColor>-16777216</backgroundColor>
<lineWidth>1</lineWidth>
<points>
<point x="420" y="328"/>
<point x="463" y="328"/>
</points>
</Connector>
</connectors>
</Diagram>