<?xml version = '1.0' encoding = 'UTF-8'?>
<relationalModel class="oracle.dbtools.crest.model.design.relational.RelationalDesign" name="conexión_PRY2204_s9" id="57CE1847-679C-EAFE-C6E6-54E35FB871F0" mainViewID="7EF29FF3-D02F-5113-2748-2C176CC8F48A">
<createdBy>santo</createdBy>
<createdTime>2025-10-09 08:35:43 UTC</createdTime>
<ownerDesignName>Cristaleria_Andina_s9</ownerDesignName>
<shouldBeOpen>false</shouldBeOpen>
<selectedRDBMSSite>01F6E6D1-21D0-CFBD-ABDD-3988D1813575</selectedRDBMSSite>
<importDDLFileStamps>
<importDDLFileStamp class="oracle.dbtools.crest.imports.DDLFileStamp">
<fileName>conexión_PRY2204_s9.sql</fileName>
<pathName>C:\Users\santo\OneDrive\Escritorio\DUOC UC\bimestre 3 - POO 2 &amp; MBD\modelamiento de bases de datos\semana 9</pathName>
<dbType>17</dbType>
</importDDLFileStamp>
</importDDLFileStamps>
</relationalModel>