<?xml version = '1.0' encoding = 'UTF-8'?>
<relationalModel class="oracle.dbtools.crest.model.design.relational.RelationalDesign" name="Relational_1" id="816F93DB-6CF5-3981-C85C-1CAD34F0876C" mainViewID="7FB6530C-A3AF-83C4-BDC4-625E50A6B46D">
<createdBy>santo</createdBy>
<createdTime>2025-10-09 08:34:24 UTC</createdTime>
<ownerDesignName>Cristaleria_Andina_s9</ownerDesignName>
<shouldBeOpen>false</shouldBeOpen>
<selectedRDBMSSite>32076570-2523-435C-2E92-BF29817DFF70</selectedRDBMSSite>
</relationalModel>