<?xml version = '1.0' encoding = 'UTF-8'?>
<Diagram class="oracle.dbtools.crest.swingui.logical.DPVLogical" name="Logical" id="3335CACF-606D-BB5F-1B49-0E025DB3B58B">
<createdBy>santo</createdBy>
<modifiedBy>santo</modifiedBy>
<createdTime>2025-08-28 06:10:29 UTC</createdTime>
<autoRoute>false</autoRoute>
<boxInbox>false</boxInbox>
<showLegend>false</showLegend>
<showLabels>true</showLabels>
<showRelAttributes>false</showRelAttributes>
<gridEnabled>false</gridEnabled>
<showGrid>false</showGrid>
<diagramColor>-1</diagramColor>
<display>false</display>
<notation>0</notation>
<objectViews>
<OView class="oracle.dbtools.crest.swingui.logical.TVEntity" oid="16C0FDD8-F715-0405-9F50-FA323DEA89EC" otype="Entity" vid="DF437148-9815-5387-FB31-F36B9FD79776">
<hideElementsInCurrentOnly>false</hideElementsInCurrentOnly>
<bounds x="1252" y="230" width="200" height="91"/>
</OView>
<OView class="oracle.dbtools.crest.swingui.logical.TVEntity" oid="265F2AE9-8C3C-1DB0-F3E9-C7EF601579C2" otype="Entity" vid="0F08980D-895F-E310-52A2-6B6B55F9D7D8">
<hideElementsInCurrentOnly>false</hideElementsInCurrentOnly>
<bounds x="25" y="409" width="235" height="77"/>
</OView>
<OView class="oracle.dbtools.crest.swingui.logical.TVEntity" oid="35868E61-421D-3968-E714-757ABAB2799C" otype="Entity" vid="42C393B5-4853-D9C1-BB89-6E11B9472359">
<hideElementsInCurrentOnly>false</hideElementsInCurrentOnly>
<bounds x="534" y="460" width="223" height="132"/>
</OView>
<OView class="oracle.dbtools.crest.swingui.logical.TVEntity" oid="52234B7D-6E5A-DDA1-6E98-67B99421F16F" otype="Entity" vid="80E7A592-D79D-0349-EA60-9E543FAA94B9">
<hideElementsInCurrentOnly>false</hideElementsInCurrentOnly>
<bounds x="333" y="268" width="230" height="68"/>
</OView>
<OView class="oracle.dbtools.crest.swingui.logical.TVEntity" oid="57382D58-5DE5-5C51-51D8-D405CFBA1D06" otype="Entity" vid="946FAA67-140B-7AC2-7B16-E4BC69E4B7E4">
<hideElementsInCurrentOnly>false</hideElementsInCurrentOnly>
<bounds x="844" y="72" width="204" height="71"/>
</OView>
<OView class="oracle.dbtools.crest.swingui.logical.TVEntity" oid="58A3C1F0-B289-5B1C-9E35-0DF96890D94D" otype="Entity" vid="913ECAFF-C1BE-C6B6-B457-7830A13B1367">
<hideElementsInCurrentOnly>false</hideElementsInCurrentOnly>
<bounds x="285" y="410" width="134" height="81"/>
</OView>
<OView class="oracle.dbtools.crest.swingui.logical.TVEntity" oid="622C7FCC-CC64-C900-0546-CB5118F8BBFD" otype="Entity" vid="E2E4F929-5EC2-B0E2-F422-51C4C3E45C44">
<hideElementsInCurrentOnly>false</hideElementsInCurrentOnly>
<bounds x="353" y="74" width="212" height="130"/>
</OView>
<OView class="oracle.dbtools.crest.swingui.logical.TVEntity" oid="6D39C6F9-BCAA-FDD5-9910-821332A5984E" otype="Entity" vid="8D4B1AA2-42BC-4533-ABF1-73DA854E798E">
<hideElementsInCurrentOnly>false</hideElementsInCurrentOnly>
<bounds x="868" y="462" width="237" height="116"/>
</OView>
<OView class="oracle.dbtools.crest.swingui.logical.TVEntity" oid="6D64A0F8-8A8A-21AB-42CF-2DAF743AF29E" otype="Entity" vid="1D919B65-B084-7C1E-75B6-587993CC2CD9">
<hideElementsInCurrentOnly>false</hideElementsInCurrentOnly>
<bounds x="886" y="227" width="218" height="110"/>
</OView>
<OView class="oracle.dbtools.crest.swingui.logical.TVEntity" oid="85F2B113-33C7-BC44-5CC5-248706E1F751" otype="Entity" vid="C8BB0D7D-F9D0-24A2-4126-7ECE1C47D607">
<hideElementsInCurrentOnly>false</hideElementsInCurrentOnly>
<bounds x="624" y="9" width="199" height="89"/>
</OView>
<OView class="oracle.dbtools.crest.swingui.logical.TVEntity" oid="D1BAEA08-F3A5-F607-5490-8F4173A5576D" otype="Entity" vid="AB0AFE0C-3759-1647-00BD-7EC04E2B849C">
<hideElementsInCurrentOnly>false</hideElementsInCurrentOnly>
<bounds x="41" y="14" width="275" height="236"/>
</OView>
<OView class="oracle.dbtools.crest.swingui.logical.TVEntity" oid="ED4327A0-BF5F-4833-93A6-C01194D72B2C" otype="Entity" vid="9D577D99-6DFD-6ABC-74DC-5B6EA8D53158">
<hideElementsInCurrentOnly>false</hideElementsInCurrentOnly>
<bounds x="1254" y="9" width="234" height="121"/>
</OView>
<OView class="oracle.dbtools.crest.swingui.logical.TVEntity" oid="FB9C59FF-48FC-A5AA-F3AA-75F231536854" otype="Entity" vid="49792C31-26DF-6951-AF99-1C714B9FC185">
<hideElementsInCurrentOnly>false</hideElementsInCurrentOnly>
<bounds x="55" y="282" width="170" height="52"/>
</OView>
</objectViews>
<connectors>
<Connector class="oracle.dbtools.crest.swingui.logical.TVRelation" oid="06D8867F-AD5F-6BF3-391F-DD0C0BDED41C" otype="Relation" vid_source="8D4B1AA2-42BC-4533-ABF1-73DA854E798E" vid_target="42C393B5-4853-D9C1-BB89-6E11B9472359">
<hideElementsInCurrentOnly>false</hideElementsInCurrentOnly>
<backgroundColor>-16777216</backgroundColor>
<lineWidth>1</lineWidth>
<points>
<point x="868" y="520"/>
<point x="757" y="516"/>
</points>
</Connector>
<Connector class="oracle.dbtools.crest.swingui.logical.TVRelation" oid="0C8AD71C-4B88-0DBC-21FD-36B4B4F76468" otype="Relation" vid_source="9D577D99-6DFD-6ABC-74DC-5B6EA8D53158" vid_target="DF437148-9815-5387-FB31-F36B9FD79776">
<hideElementsInCurrentOnly>false</hideElementsInCurrentOnly>
<backgroundColor>-16777216</backgroundColor>
<lineWidth>1</lineWidth>
<sourceLabel class="oracle.dbtools.crest.model.design.Label">
<site>0</site>
<labelBounds x="1368" y="174" width="39" height="30"/>
<noBackgroundColor>true</noBackgroundColor>
<noForegroundColor>true</noForegroundColor>
</sourceLabel>
<targetLabel class="oracle.dbtools.crest.model.design.Label">
<site>2</site>
<labelBounds x="1368" y="186" width="66" height="30"/>
<noBackgroundColor>true</noBackgroundColor>
<noForegroundColor>true</noForegroundColor>
</targetLabel>
<points>
<point x="1368" y="130"/>
<point x="1368" y="230"/>
</points>
</Connector>
<Connector class="oracle.dbtools.crest.swingui.logical.TVInheritanceRelation" oid="184D9B7C-6AC3-79C4-8CF9-3FCC5D4E0F4C" otype="Hierarchy relation" vid_source="9D577D99-6DFD-6ABC-74DC-5B6EA8D53158" vid_target="DF437148-9815-5387-FB31-F36B9FD79776">
<hideElementsInCurrentOnly>false</hideElementsInCurrentOnly>
<backgroundColor>-65536</backgroundColor>
<lineWidth>1</lineWidth>
<points>
<point x="1338" y="130"/>
<point x="1338" y="230"/>
</points>
</Connector>
<Connector class="oracle.dbtools.crest.swingui.logical.TVRelation" oid="3E76B122-7058-F52F-A098-DEBADB18C32C" otype="Relation" vid_source="8D4B1AA2-42BC-4533-ABF1-73DA854E798E" vid_target="E2E4F929-5EC2-B0E2-F422-51C4C3E45C44">
<hideElementsInCurrentOnly>false</hideElementsInCurrentOnly>
<backgroundColor>-16777216</backgroundColor>
<lineWidth>1</lineWidth>
<sourceLabel class="oracle.dbtools.crest.model.design.Label">
<site>0</site>
<labelBounds x="906" y="426" width="72" height="30"/>
<noBackgroundColor>true</noBackgroundColor>
<noForegroundColor>true</noForegroundColor>
</sourceLabel>
<targetLabel class="oracle.dbtools.crest.model.design.Label">
<site>2</site>
<labelBounds x="548" y="240" width="38" height="30"/>
<noBackgroundColor>true</noBackgroundColor>
<noForegroundColor>true</noForegroundColor>
</targetLabel>
<points>
<point x="906" y="462"/>
<point x="548" y="204"/>
</points>
</Connector>
<Connector class="oracle.dbtools.crest.swingui.logical.TVInheritanceRelation" oid="3EE17165-9B54-F471-C11D-1437B76DFDA1" otype="Hierarchy relation" vid_source="49792C31-26DF-6951-AF99-1C714B9FC185" vid_target="913ECAFF-C1BE-C6B6-B457-7830A13B1367">
<hideElementsInCurrentOnly>false</hideElementsInCurrentOnly>
<backgroundColor>-65536</backgroundColor>
<lineWidth>1</lineWidth>
<points>
<point x="178" y="334"/>
<point x="291" y="410"/>
</points>
</Connector>
<Connector class="oracle.dbtools.crest.swingui.logical.TVRelation" oid="424A4C56-0CA4-BD42-4718-C76C7FD40644" otype="Relation" vid_source="DF437148-9815-5387-FB31-F36B9FD79776" vid_target="1D919B65-B084-7C1E-75B6-587993CC2CD9">
<hideElementsInCurrentOnly>false</hideElementsInCurrentOnly>
<backgroundColor>-16777216</backgroundColor>
<lineWidth>1</lineWidth>
<sourceLabel class="oracle.dbtools.crest.model.design.Label">
<site>0</site>
<labelBounds x="1187" y="260" width="59" height="30"/>
<noBackgroundColor>true</noBackgroundColor>
<noForegroundColor>true</noForegroundColor>
</sourceLabel>
<targetLabel class="oracle.dbtools.crest.model.design.Label">
<site>2</site>
<labelBounds x="1114" y="293" width="58" height="30"/>
<noBackgroundColor>true</noBackgroundColor>
<noForegroundColor>true</noForegroundColor>
</targetLabel>
<points>
<point x="1252" y="298"/>
<point x="1104" y="290"/>
</points>
</Connector>
<Connector class="oracle.dbtools.crest.swingui.logical.TVRelation" oid="5478A2CE-DA37-C595-ADCE-772E7EB1EF43" otype="Relation" vid_source="80E7A592-D79D-0349-EA60-9E543FAA94B9" vid_target="42C393B5-4853-D9C1-BB89-6E11B9472359">
<hideElementsInCurrentOnly>false</hideElementsInCurrentOnly>
<backgroundColor>-16777216</backgroundColor>
<lineWidth>1</lineWidth>
<sourceLabel class="oracle.dbtools.crest.model.design.Label">
<site>0</site>
<labelBounds x="548" y="380" width="39" height="30"/>
<noBackgroundColor>true</noBackgroundColor>
<noForegroundColor>true</noForegroundColor>
</sourceLabel>
<targetLabel class="oracle.dbtools.crest.model.design.Label">
<site>2</site>
<labelBounds x="548" y="416" width="63" height="30"/>
<noBackgroundColor>true</noBackgroundColor>
<noForegroundColor>true</noForegroundColor>
</targetLabel>
<points>
<point x="548" y="336"/>
<point x="548" y="460"/>
</points>
</Connector>
<Connector class="oracle.dbtools.crest.swingui.logical.TVInheritanceRelation" oid="6241AFB8-B3A3-B88D-A4CE-D85FA9139FED" otype="Hierarchy relation" vid_source="AB0AFE0C-3759-1647-00BD-7EC04E2B849C" vid_target="80E7A592-D79D-0349-EA60-9E543FAA94B9">
<hideElementsInCurrentOnly>false</hideElementsInCurrentOnly>
<backgroundColor>-65536</backgroundColor>
<lineWidth>1</lineWidth>
<points>
<point x="316" y="250"/>
<point x="398" y="268"/>
</points>
</Connector>
<Connector class="oracle.dbtools.crest.swingui.logical.TVInheritanceRelation" oid="6C9E65B0-807E-B211-9625-95BB517596A2" otype="Hierarchy relation" vid_source="AB0AFE0C-3759-1647-00BD-7EC04E2B849C" vid_target="49792C31-26DF-6951-AF99-1C714B9FC185">
<hideElementsInCurrentOnly>false</hideElementsInCurrentOnly>
<backgroundColor>-65536</backgroundColor>
<lineWidth>1</lineWidth>
<points>
<point x="140" y="250"/>
<point x="140" y="282"/>
</points>
</Connector>
<Connector class="oracle.dbtools.crest.swingui.logical.TVInheritanceRelation" oid="7B460765-7D7A-5BA6-9A41-9E9DC88C8542" otype="Hierarchy relation" vid_source="AB0AFE0C-3759-1647-00BD-7EC04E2B849C" vid_target="E2E4F929-5EC2-B0E2-F422-51C4C3E45C44">
<hideElementsInCurrentOnly>false</hideElementsInCurrentOnly>
<backgroundColor>-65536</backgroundColor>
<lineWidth>1</lineWidth>
<points>
<point x="316" y="139"/>
<point x="353" y="139"/>
</points>
</Connector>
<Connector class="oracle.dbtools.crest.swingui.logical.TVInheritanceRelation" oid="8CF3B886-2D6F-6422-0626-1FA922C88201" otype="Hierarchy relation" vid_source="49792C31-26DF-6951-AF99-1C714B9FC185" vid_target="0F08980D-895F-E310-52A2-6B6B55F9D7D8">
<hideElementsInCurrentOnly>false</hideElementsInCurrentOnly>
<backgroundColor>-65536</backgroundColor>
<lineWidth>1</lineWidth>
<points>
<point x="140" y="334"/>
<point x="140" y="409"/>
</points>
</Connector>
<Connector class="oracle.dbtools.crest.swingui.logical.TVRelation" oid="90814F1C-152F-7C2C-769B-AF8BDCB3F764" otype="Relation" vid_source="0F08980D-895F-E310-52A2-6B6B55F9D7D8" vid_target="0F08980D-895F-E310-52A2-6B6B55F9D7D8">
<hideElementsInCurrentOnly>false</hideElementsInCurrentOnly>
<backgroundColor>-16777216</backgroundColor>
<lineWidth>1</lineWidth>
<sourceLabel class="oracle.dbtools.crest.model.design.Label">
<site>0</site>
<labelBounds x="175" y="574" width="39" height="30"/>
<noBackgroundColor>true</noBackgroundColor>
<noForegroundColor>true</noForegroundColor>
</sourceLabel>
<targetLabel class="oracle.dbtools.crest.model.design.Label">
<site>2</site>
<labelBounds x="59" y="611" width="61" height="30"/>
<noBackgroundColor>true</noBackgroundColor>
<noForegroundColor>true</noForegroundColor>
</targetLabel>
<points>
<point x="175" y="486"/>
<point x="175" y="559"/>
<point x="174" y="625"/>
<point x="59" y="624"/>
<point x="59" y="486"/>
</points>
</Connector>
<Connector class="oracle.dbtools.crest.swingui.logical.TVRelation" oid="D2D74335-0F0B-0ADB-17A3-6638281312D0" otype="Relation" vid_source="1D919B65-B084-7C1E-75B6-587993CC2CD9" vid_target="E2E4F929-5EC2-B0E2-F422-51C4C3E45C44">
<hideElementsInCurrentOnly>false</hideElementsInCurrentOnly>
<backgroundColor>-16777216</backgroundColor>
<lineWidth>1</lineWidth>
<sourceLabel class="oracle.dbtools.crest.model.design.Label">
<site>0</site>
<labelBounds x="788" y="252" width="92" height="30"/>
<noBackgroundColor>true</noBackgroundColor>
<noForegroundColor>true</noForegroundColor>
</sourceLabel>
<targetLabel class="oracle.dbtools.crest.model.design.Label">
<site>2</site>
<labelBounds x="575" y="167" width="71" height="30"/>
<noBackgroundColor>true</noBackgroundColor>
<noForegroundColor>true</noForegroundColor>
</targetLabel>
<points>
<point x="886" y="252"/>
<point x="565" y="167"/>
</points>
</Connector>
<Connector class="oracle.dbtools.crest.swingui.logical.TVInheritanceRelation" oid="DE56BCDE-A2CE-A8AC-9ADB-0005FA466AD2" otype="Hierarchy relation" vid_source="E2E4F929-5EC2-B0E2-F422-51C4C3E45C44" vid_target="946FAA67-140B-7AC2-7B16-E4BC69E4B7E4">
<hideElementsInCurrentOnly>false</hideElementsInCurrentOnly>
<backgroundColor>-65536</backgroundColor>
<lineWidth>1</lineWidth>
<points>
<point x="565" y="108"/>
<point x="844" y="108"/>
</points>
</Connector>
<Connector class="oracle.dbtools.crest.swingui.logical.TVInheritanceRelation" oid="E36BE282-78C9-1D96-D50B-E3B0E06F0087" otype="Hierarchy relation" vid_source="E2E4F929-5EC2-B0E2-F422-51C4C3E45C44" vid_target="C8BB0D7D-F9D0-24A2-4126-7ECE1C47D607">
<hideElementsInCurrentOnly>false</hideElementsInCurrentOnly>
<backgroundColor>-65536</backgroundColor>
<lineWidth>1</lineWidth>
<points>
<point x="565" y="86"/>
<point x="624" y="86"/>
</points>
</Connector>
</connectors>
</Diagram>