<?xml version = '1.0' encoding = 'UTF-8'?>
<Diagram class="oracle.dbtools.crest.swingui.logical.DPVLogical" name="Logical" id="B9F57258-09ED-6943-35CD-7F6BE3CB3772">
<createdBy>santo</createdBy>
<modifiedBy>santo</modifiedBy>
<createdTime>2025-09-07 09:33:55 UTC</createdTime>
<autoRoute>false</autoRoute>
<boxInbox>false</boxInbox>
<showLegend>false</showLegend>
<showLabels>false</showLabels>
<showRelAttributes>false</showRelAttributes>
<gridEnabled>false</gridEnabled>
<showGrid>false</showGrid>
<diagramColor>-1</diagramColor>
<display>false</display>
<notation>1</notation>
<objectViews>
<OView class="oracle.dbtools.crest.swingui.logical.TVEntity" oid="05EF39A0-A261-1A90-756C-2F2B7CC14886" otype="Entity" vid="27B0F62B-1568-253C-C9A8-1B450C058B41">
<hideElementsInCurrentOnly>false</hideElementsInCurrentOnly>
<bounds x="1026" y="352" width="183" height="110"/>
</OView>
<OView class="oracle.dbtools.crest.swingui.logical.TVEntity" oid="09539960-699E-9DFD-CA10-3B2362D13BCD" otype="Entity" vid="1CFCD4E3-94C4-4041-4DA8-2E650B2D96D3">
<hideElementsInCurrentOnly>false</hideElementsInCurrentOnly>
<bounds x="5" y="248" width="219" height="82"/>
</OView>
<OView class="oracle.dbtools.crest.swingui.logical.TVEntity" oid="0CB20054-3AD7-0704-D131-03776F67D818" otype="Entity" vid="FD4D514E-53ED-80BE-D7A6-4922B67E96B5">
<hideElementsInCurrentOnly>false</hideElementsInCurrentOnly>
<bounds x="1032" y="517" width="170" height="110"/>
</OView>
<OView class="oracle.dbtools.crest.swingui.logical.TVEntity" oid="1414C2B1-0FB5-A673-4E3E-EC67EFC6C03B" otype="Entity" vid="687BE59D-30BC-5932-6D10-7AB9DF62AF16">
<hideElementsInCurrentOnly>false</hideElementsInCurrentOnly>
<bounds x="260" y="212" width="255" height="263"/>
</OView>
<OView class="oracle.dbtools.crest.swingui.logical.TVEntity" oid="1C567956-6A1F-3759-A33A-9195A53DCC0C" otype="Entity" vid="4E99711A-EBC4-98FD-A675-FD38B85B95FA">
<hideElementsInCurrentOnly>false</hideElementsInCurrentOnly>
<bounds x="725" y="122" width="263" height="110"/>
</OView>
<OView class="oracle.dbtools.crest.swingui.logical.TVEntity" oid="21B66534-B62F-36EC-0852-5D9F096E1DF2" otype="Entity" vid="3D0D164A-D214-20D1-2ED1-402D769F14F8">
<hideElementsInCurrentOnly>false</hideElementsInCurrentOnly>
<bounds x="1293" y="512" width="170" height="110"/>
</OView>
<OView class="oracle.dbtools.crest.swingui.logical.TVEntity" oid="39D929CE-7F58-E032-844A-2C3AB44F631E" otype="Entity" vid="0BFC9171-E08B-7DBD-0E64-E554CE975C68">
<hideElementsInCurrentOnly>false</hideElementsInCurrentOnly>
<bounds x="233" y="15" width="217" height="110"/>
</OView>
<OView class="oracle.dbtools.crest.swingui.logical.TVEntity" oid="3A4CD51E-26F1-85AB-F8C0-FC45AE63804A" otype="Entity" vid="FE7073A0-3B13-7D85-EACA-6F28D674845E">
<hideElementsInCurrentOnly>false</hideElementsInCurrentOnly>
<bounds x="1019" y="12" width="227" height="134"/>
</OView>
<OView class="oracle.dbtools.crest.swingui.logical.TVEntity" oid="470DE744-BDE9-1152-8311-C74AA61E1BB7" otype="Entity" vid="46BE144F-706B-C4C2-F285-5B757609C42F">
<hideElementsInCurrentOnly>false</hideElementsInCurrentOnly>
<bounds x="340" y="504" width="183" height="97"/>
</OView>
<OView class="oracle.dbtools.crest.swingui.logical.TVEntity" oid="497BF437-83C6-006C-3633-E794FF8AA12A" otype="Entity" vid="64A70212-2202-00B2-D102-D959C66E9BCD">
<hideElementsInCurrentOnly>false</hideElementsInCurrentOnly>
<bounds x="1262" y="338" width="170" height="110"/>
</OView>
<OView class="oracle.dbtools.crest.swingui.logical.TVEntity" oid="5F257893-92D5-8A17-88B4-68409FD60451" otype="Entity" vid="0EFEBE06-5335-DECD-120A-0743F5F541E0">
<hideElementsInCurrentOnly>false</hideElementsInCurrentOnly>
<bounds x="563" y="259" width="283" height="74"/>
</OView>
<OView class="oracle.dbtools.crest.swingui.logical.TVEntity" oid="831E5C75-60E2-27AE-24C2-753A4D2B0B4B" otype="Entity" vid="5FF48154-CF61-9800-107A-7B3CD92CC560">
<hideElementsInCurrentOnly>false</hideElementsInCurrentOnly>
<bounds x="481" y="54" width="196" height="110"/>
</OView>
<OView class="oracle.dbtools.crest.swingui.logical.TVEntity" oid="8E49BDDB-2BF5-7C09-C756-C3659C4F9A80" otype="Entity" vid="0A235619-BC32-EFD7-3FD0-6910FD5ABE20">
<hideElementsInCurrentOnly>false</hideElementsInCurrentOnly>
<bounds x="1298" y="11" width="170" height="91"/>
</OView>
<OView class="oracle.dbtools.crest.swingui.logical.TVEntity" oid="AA8BE2A3-559E-C0F0-DC6F-370D2D5C7EA3" otype="Entity" vid="7360001F-BF5D-CE0B-12FA-AF4429E4C472">
<hideElementsInCurrentOnly>false</hideElementsInCurrentOnly>
<bounds x="14" y="61" width="158" height="79"/>
</OView>
<OView class="oracle.dbtools.crest.swingui.logical.TVEntity" oid="AFDA44EF-6307-4669-379C-A27BB80D99E4" otype="Entity" vid="C13F1473-1EDF-DFEF-DB39-30C5368035DA">
<hideElementsInCurrentOnly>false</hideElementsInCurrentOnly>
<bounds x="32" y="517" width="208" height="110"/>
</OView>
<OView class="oracle.dbtools.crest.swingui.logical.TVEntity" oid="DDEDE20B-2193-6386-2D97-13DDDFFAC66E" otype="Entity" vid="E2FDD22D-B54F-1EA1-264A-B4CE56E9C9F7">
<hideElementsInCurrentOnly>false</hideElementsInCurrentOnly>
<bounds x="907" y="249" width="170" height="85"/>
</OView>
<OView class="oracle.dbtools.crest.swingui.logical.TVEntity" oid="EF1CC081-A7CA-3387-FCFE-2A8DAEFD2C9B" otype="Entity" vid="916A08A6-1FDC-05FA-7579-8C827019918D">
<hideElementsInCurrentOnly>false</hideElementsInCurrentOnly>
<bounds x="1300" y="171" width="192" height="76"/>
</OView>
<OView class="oracle.dbtools.crest.swingui.logical.TVEntity" oid="F1DCB8F6-20F1-6D81-B8B0-26CEA4CFF3EA" otype="Entity" vid="C07C5969-FD2B-8280-0454-5E7C1C7703E0">
<hideElementsInCurrentOnly>false</hideElementsInCurrentOnly>
<bounds x="553" y="498" width="206" height="86"/>
</OView>
</objectViews>
<connectors>
<Connector class="oracle.dbtools.crest.swingui.logical.TVRelation" oid="0392B5B5-5A93-F2B6-52BF-0CB65F5FA974" otype="Relation" vid_source="3D0D164A-D214-20D1-2ED1-402D769F14F8" vid_target="FD4D514E-53ED-80BE-D7A6-4922B67E96B5">
<hideElementsInCurrentOnly>false</hideElementsInCurrentOnly>
<backgroundColor>-16777216</backgroundColor>
<lineWidth>1</lineWidth>
<points>
<point x="1293" y="569"/>
<point x="1202" y="569"/>
</points>
</Connector>
<Connector class="oracle.dbtools.crest.swingui.logical.TVRelation" oid="062C4174-F30C-5FC6-4651-ED8366890E16" otype="Relation" vid_source="4E99711A-EBC4-98FD-A675-FD38B85B95FA" vid_target="687BE59D-30BC-5932-6D10-7AB9DF62AF16">
<hideElementsInCurrentOnly>false</hideElementsInCurrentOnly>
<backgroundColor>-16777216</backgroundColor>
<lineWidth>1</lineWidth>
<points>
<point x="725" y="222"/>
<point x="515" y="222"/>
</points>
</Connector>
<Connector class="oracle.dbtools.crest.swingui.logical.TVRelation" oid="0C7BD624-7850-6148-849E-C1F2809B3884" otype="Relation" vid_source="46BE144F-706B-C4C2-F285-5B757609C42F" vid_target="C13F1473-1EDF-DFEF-DB39-30C5368035DA">
<hideElementsInCurrentOnly>false</hideElementsInCurrentOnly>
<backgroundColor>-16777216</backgroundColor>
<lineWidth>1</lineWidth>
<points>
<point x="340" y="559"/>
<point x="240" y="559"/>
</points>
</Connector>
<Connector class="oracle.dbtools.crest.swingui.logical.TVInheritanceRelation" oid="22D26F26-F273-C388-8EA8-89F0972A515E" otype="Hierarchy relation" vid_source="FE7073A0-3B13-7D85-EACA-6F28D674845E" vid_target="0A235619-BC32-EFD7-3FD0-6910FD5ABE20">
<hideElementsInCurrentOnly>false</hideElementsInCurrentOnly>
<backgroundColor>-65536</backgroundColor>
<lineWidth>1</lineWidth>
<points>
<point x="1246" y="57"/>
<point x="1298" y="57"/>
</points>
</Connector>
<Connector class="oracle.dbtools.crest.swingui.logical.TVRelation" oid="2AF13D92-2B37-0896-0D72-0EE5588A8FFF" otype="Relation" vid_source="C07C5969-FD2B-8280-0454-5E7C1C7703E0" vid_target="687BE59D-30BC-5932-6D10-7AB9DF62AF16">
<hideElementsInCurrentOnly>false</hideElementsInCurrentOnly>
<backgroundColor>-16777216</backgroundColor>
<lineWidth>1</lineWidth>
<points>
<point x="597" y="498"/>
<point x="515" y="437"/>
</points>
</Connector>
<Connector class="oracle.dbtools.crest.swingui.logical.TVRelation" oid="3873A333-A46A-3365-4647-E2A6030C5FB0" otype="Relation" vid_source="687BE59D-30BC-5932-6D10-7AB9DF62AF16" vid_target="0BFC9171-E08B-7DBD-0E64-E554CE975C68">
<hideElementsInCurrentOnly>false</hideElementsInCurrentOnly>
<backgroundColor>-16777216</backgroundColor>
<lineWidth>1</lineWidth>
<points>
<point x="355" y="212"/>
<point x="355" y="125"/>
</points>
</Connector>
<Connector class="oracle.dbtools.crest.swingui.logical.TVRelation" oid="416812AC-50F1-8253-D54F-2F91B8DA3D7E" otype="Relation" vid_source="FE7073A0-3B13-7D85-EACA-6F28D674845E" vid_target="27B0F62B-1568-253C-C9A8-1B450C058B41">
<hideElementsInCurrentOnly>false</hideElementsInCurrentOnly>
<backgroundColor>-16777216</backgroundColor>
<lineWidth>1</lineWidth>
<points>
<point x="1117" y="146"/>
<point x="1117" y="352"/>
</points>
</Connector>
<Connector class="oracle.dbtools.crest.swingui.logical.TVRelation" oid="476FA4CA-50F3-4CE6-2DE1-3C47F66F2B21" otype="Relation" vid_source="E2FDD22D-B54F-1EA1-264A-B4CE56E9C9F7" vid_target="0EFEBE06-5335-DECD-120A-0743F5F541E0">
<hideElementsInCurrentOnly>false</hideElementsInCurrentOnly>
<backgroundColor>-16777216</backgroundColor>
<lineWidth>1</lineWidth>
<points>
<point x="907" y="311"/>
<point x="846" y="311"/>
</points>
</Connector>
<Connector class="oracle.dbtools.crest.swingui.logical.TVInheritanceRelation" oid="621EF028-A697-C356-AC72-FFBBDA02C618" otype="Hierarchy relation" vid_source="687BE59D-30BC-5932-6D10-7AB9DF62AF16" vid_target="1CFCD4E3-94C4-4041-4DA8-2E650B2D96D3">
<hideElementsInCurrentOnly>false</hideElementsInCurrentOnly>
<backgroundColor>-65536</backgroundColor>
<lineWidth>1</lineWidth>
<points>
<point x="260" y="289"/>
<point x="224" y="289"/>
</points>
</Connector>
<Connector class="oracle.dbtools.crest.swingui.logical.TVRelation" oid="75515072-9762-7EEF-9A73-2872AF9F7AE3" otype="Relation" vid_source="27B0F62B-1568-253C-C9A8-1B450C058B41" vid_target="687BE59D-30BC-5932-6D10-7AB9DF62AF16">
<hideElementsInCurrentOnly>false</hideElementsInCurrentOnly>
<backgroundColor>-16777216</backgroundColor>
<lineWidth>1</lineWidth>
<points>
<point x="1026" y="407"/>
<point x="515" y="407"/>
</points>
</Connector>
<Connector class="oracle.dbtools.crest.swingui.logical.TVRelation" oid="77BE2645-2C62-E6CD-7D05-37F07FBB60C4" otype="Relation" vid_source="687BE59D-30BC-5932-6D10-7AB9DF62AF16" vid_target="0EFEBE06-5335-DECD-120A-0743F5F541E0">
<hideElementsInCurrentOnly>false</hideElementsInCurrentOnly>
<backgroundColor>-16777216</backgroundColor>
<lineWidth>1</lineWidth>
<points>
<point x="515" y="296"/>
<point x="563" y="296"/>
</points>
</Connector>
<Connector class="oracle.dbtools.crest.swingui.logical.TVInheritanceRelation" oid="8AD83DC3-94FE-B3C2-60C4-CDBE8DB803B9" otype="Hierarchy relation" vid_source="FE7073A0-3B13-7D85-EACA-6F28D674845E" vid_target="916A08A6-1FDC-05FA-7579-8C827019918D">
<hideElementsInCurrentOnly>false</hideElementsInCurrentOnly>
<backgroundColor>-65536</backgroundColor>
<lineWidth>1</lineWidth>
<points>
<point x="1246" y="134"/>
<point x="1318" y="171"/>
</points>
</Connector>
<Connector class="oracle.dbtools.crest.swingui.logical.TVRelation" oid="A53B6C3A-0266-B78C-2845-E763C69206CB" otype="Relation" vid_source="C13F1473-1EDF-DFEF-DB39-30C5368035DA" vid_target="687BE59D-30BC-5932-6D10-7AB9DF62AF16">
<hideElementsInCurrentOnly>false</hideElementsInCurrentOnly>
<backgroundColor>-16777216</backgroundColor>
<lineWidth>1</lineWidth>
<points>
<point x="196" y="517"/>
<point x="260" y="459"/>
</points>
</Connector>
<Connector class="oracle.dbtools.crest.swingui.logical.TVRelation" oid="AA29ACE8-094E-EBC0-609F-1492A362F37A" otype="Relation" vid_source="FD4D514E-53ED-80BE-D7A6-4922B67E96B5" vid_target="64A70212-2202-00B2-D102-D959C66E9BCD">
<hideElementsInCurrentOnly>false</hideElementsInCurrentOnly>
<backgroundColor>-16777216</backgroundColor>
<lineWidth>1</lineWidth>
<points>
<point x="1187" y="517"/>
<point x="1276" y="448"/>
</points>
</Connector>
<Connector class="oracle.dbtools.crest.swingui.logical.TVRelation" oid="D24928D3-FB15-B144-0650-B5B9964178CF" otype="Relation" vid_source="0BFC9171-E08B-7DBD-0E64-E554CE975C68" vid_target="FE7073A0-3B13-7D85-EACA-6F28D674845E">
<hideElementsInCurrentOnly>false</hideElementsInCurrentOnly>
<backgroundColor>-16777216</backgroundColor>
<lineWidth>1</lineWidth>
<points>
<point x="450" y="26"/>
<point x="1019" y="30"/>
</points>
</Connector>
<Connector class="oracle.dbtools.crest.swingui.logical.TVRelation" oid="E9E91D56-34FC-F8E1-F9F7-C695590F0FE6" otype="Relation" vid_source="64A70212-2202-00B2-D102-D959C66E9BCD" vid_target="27B0F62B-1568-253C-C9A8-1B450C058B41">
<hideElementsInCurrentOnly>false</hideElementsInCurrentOnly>
<backgroundColor>-16777216</backgroundColor>
<lineWidth>1</lineWidth>
<points>
<point x="1262" y="415"/>
<point x="1209" y="415"/>
</points>
</Connector>
<Connector class="oracle.dbtools.crest.swingui.logical.TVRelation" oid="F06C4544-9E9D-2CF9-D34B-0A0046AD942D" otype="Relation" vid_source="5FF48154-CF61-9800-107A-7B3CD92CC560" vid_target="687BE59D-30BC-5932-6D10-7AB9DF62AF16">
<hideElementsInCurrentOnly>false</hideElementsInCurrentOnly>
<backgroundColor>-16777216</backgroundColor>
<lineWidth>1</lineWidth>
<points>
<point x="498" y="164"/>
<point x="498" y="212"/>
</points>
</Connector>
<Connector class="oracle.dbtools.crest.swingui.logical.TVInheritanceRelation" oid="F9B2F2E2-8F8D-E05C-E86D-DD2949FB0DFF" otype="Hierarchy relation" vid_source="687BE59D-30BC-5932-6D10-7AB9DF62AF16" vid_target="7360001F-BF5D-CE0B-12FA-AF4429E4C472">
<hideElementsInCurrentOnly>false</hideElementsInCurrentOnly>
<backgroundColor>-65536</backgroundColor>
<lineWidth>1</lineWidth>
<points>
<point x="260" y="238"/>
<point x="140" y="140"/>
</points>
</Connector>
</connectors>
</Diagram>