<?xml version = '1.0' encoding = 'UTF-8'?>
<Diagram class="oracle.dbtools.crest.swingui.logical.DPVLogical" name="Logical" id="FD41558B-207E-39A3-2012-254325C211AF">
<createdBy>santo</createdBy>
<modifiedBy>santo</modifiedBy>
<createdTime>2025-10-09 08:51:41 UTC</createdTime>
<autoRoute>false</autoRoute>
<boxInbox>false</boxInbox>
<showLegend>false</showLegend>
<showLabels>false</showLabels>
<showRelAttributes>false</showRelAttributes>
<gridEnabled>false</gridEnabled>
<showGrid>false</showGrid>
<diagramColor>-1</diagramColor>
<display>false</display>
<notation>1</notation>
<objectViews>
<OView class="oracle.dbtools.crest.swingui.logical.TVEntity" oid="0C62CE1C-18C1-9FBB-FC75-31D6D923F2AB" otype="Entity" vid="D101964C-941C-6987-4E73-77DB97BE14C4">
<hideElementsInCurrentOnly>false</hideElementsInCurrentOnly>
<bounds x="883" y="333" width="201" height="116"/>
</OView>
<OView class="oracle.dbtools.crest.swingui.logical.TVEntity" oid="0F8286BB-7967-F160-5646-7E61CF5202B4" otype="Entity" vid="29AE1DCC-C97F-5234-C868-E9CD006443A4">
<hideElementsInCurrentOnly>false</hideElementsInCurrentOnly>
<bounds x="20" y="46" width="223" height="122"/>
</OView>
<OView class="oracle.dbtools.crest.swingui.logical.TVEntity" oid="28015BA8-6A57-03DB-D3E3-63E9B9CA8122" otype="Entity" vid="DC73FD6B-4C42-653C-2E41-8E652AC3F0B2">
<hideElementsInCurrentOnly>false</hideElementsInCurrentOnly>
<bounds x="12" y="225" width="236" height="108"/>
</OView>
<OView class="oracle.dbtools.crest.swingui.logical.TVEntity" oid="5FC93801-DB95-E44B-0E57-34FAF2CD5EF3" otype="Entity" vid="870BE9F4-C091-E993-3C58-CAA7859275DB">
<hideElementsInCurrentOnly>false</hideElementsInCurrentOnly>
<bounds x="10" y="355" width="216" height="108"/>
</OView>
<OView class="oracle.dbtools.crest.swingui.logical.TVEntity" oid="75D3D156-57C5-0EEA-D4F1-63CD83090C78" otype="Entity" vid="43438018-AE82-9BB9-1988-D4B9A7FD658C">
<hideElementsInCurrentOnly>false</hideElementsInCurrentOnly>
<bounds x="1124" y="376" width="240" height="178"/>
</OView>
<OView class="oracle.dbtools.crest.swingui.logical.TVEntity" oid="778FA329-40B8-FF13-BFD4-BCE8D9C88CBF" otype="Entity" vid="C51D2689-3DEB-3556-B66B-ADEEFFE0141E">
<hideElementsInCurrentOnly>false</hideElementsInCurrentOnly>
<bounds x="910" y="86" width="224" height="122"/>
</OView>
<OView class="oracle.dbtools.crest.swingui.logical.TVEntity" oid="82EC8D1E-FF29-D2C5-ACBF-8B23D23165DE" otype="Entity" vid="BB714252-7592-7854-A312-7E4643A2C18F">
<hideElementsInCurrentOnly>false</hideElementsInCurrentOnly>
<bounds x="22" y="517" width="212" height="88"/>
</OView>
<OView class="oracle.dbtools.crest.swingui.logical.TVEntity" oid="906C8E3F-A3DB-B2FF-849A-EF007180569B" otype="Entity" vid="DA302369-C548-4335-4081-06FE2AB79524">
<hideElementsInCurrentOnly>false</hideElementsInCurrentOnly>
<bounds x="589" y="223" width="249" height="206"/>
</OView>
<OView class="oracle.dbtools.crest.swingui.logical.TVEntity" oid="9DAF6BCA-9AD4-5E70-0701-874C5A3243E8" otype="Entity" vid="00478599-8E52-F6E8-410A-2644EEC2DF42">
<hideElementsInCurrentOnly>false</hideElementsInCurrentOnly>
<bounds x="619" y="487" width="210" height="150"/>
</OView>
<OView class="oracle.dbtools.crest.swingui.logical.TVEntity" oid="A7346E82-AD10-A097-03F5-E469F4CDD17F" otype="Entity" vid="0D7840A7-6247-E29E-BE50-ADF4BCF462A9">
<hideElementsInCurrentOnly>false</hideElementsInCurrentOnly>
<bounds x="620" y="76" width="202" height="88"/>
</OView>
<OView class="oracle.dbtools.crest.swingui.logical.TVEntity" oid="AF426474-6CA3-3A24-6674-183986CD0FF1" otype="Entity" vid="EE535AE9-C94F-C360-2899-EBABE7B267A4">
<hideElementsInCurrentOnly>false</hideElementsInCurrentOnly>
<bounds x="271" y="519" width="213" height="122"/>
</OView>
<OView class="oracle.dbtools.crest.swingui.logical.TVEntity" oid="BF5F49B3-95A2-FC42-E644-7FBDE23F0608" otype="Entity" vid="C79EFD96-1534-0099-988A-BE137A67042E">
<hideElementsInCurrentOnly>false</hideElementsInCurrentOnly>
<bounds x="325" y="30" width="192" height="88"/>
</OView>
<OView class="oracle.dbtools.crest.swingui.logical.TVEntity" oid="D7FF03D9-F1FE-59BC-FF77-515A1598589F" otype="Entity" vid="2E67262A-4261-70A4-98DC-E675AE1665D3">
<hideElementsInCurrentOnly>false</hideElementsInCurrentOnly>
<bounds x="902" y="550" width="195" height="88"/>
</OView>
<OView class="oracle.dbtools.crest.swingui.logical.TVEntity" oid="E99BB774-64E5-B7D3-3CA2-69A596F2DF04" otype="Entity" vid="6AEA82E9-8678-3B7C-5FF8-64EC6480D43A">
<hideElementsInCurrentOnly>false</hideElementsInCurrentOnly>
<bounds x="295" y="154" width="228" height="318"/>
</OView>
</objectViews>
<connectors>
<Connector class="oracle.dbtools.crest.swingui.logical.TVRelation" oid="0B017700-CA88-F94A-AC6B-628E5F6E407F" otype="Relation" vid_source="C79EFD96-1534-0099-988A-BE137A67042E" vid_target="6AEA82E9-8678-3B7C-5FF8-64EC6480D43A">
<hideElementsInCurrentOnly>false</hideElementsInCurrentOnly>
<backgroundColor>-16777216</backgroundColor>
<lineWidth>1</lineWidth>
<points>
<point x="421" y="118"/>
<point x="421" y="154"/>
</points>
</Connector>
<Connector class="oracle.dbtools.crest.swingui.logical.TVRelation" oid="0B1F9170-0AB2-A323-B487-6277FDE13EDE" otype="Relation" vid_source="6AEA82E9-8678-3B7C-5FF8-64EC6480D43A" vid_target="DC73FD6B-4C42-653C-2E41-8E652AC3F0B2">
<hideElementsInCurrentOnly>false</hideElementsInCurrentOnly>
<backgroundColor>-16777216</backgroundColor>
<lineWidth>1</lineWidth>
<points>
<point x="295" y="279"/>
<point x="248" y="279"/>
</points>
</Connector>
<Connector class="oracle.dbtools.crest.swingui.logical.TVRelation" oid="0DC65C98-5288-BFA4-596C-E24DC46AA26B" otype="Relation" vid_source="2E67262A-4261-70A4-98DC-E675AE1665D3" vid_target="00478599-8E52-F6E8-410A-2644EEC2DF42">
<hideElementsInCurrentOnly>false</hideElementsInCurrentOnly>
<backgroundColor>-16777216</backgroundColor>
<lineWidth>1</lineWidth>
<points>
<point x="902" y="593"/>
<point x="829" y="593"/>
</points>
</Connector>
<Connector class="oracle.dbtools.crest.swingui.logical.TVRelation" oid="14661B7F-2711-74CE-A38A-E2A4A0ABB0BE" otype="Relation" vid_source="0D7840A7-6247-E29E-BE50-ADF4BCF462A9" vid_target="6AEA82E9-8678-3B7C-5FF8-64EC6480D43A">
<hideElementsInCurrentOnly>false</hideElementsInCurrentOnly>
<backgroundColor>-16777216</backgroundColor>
<lineWidth>1</lineWidth>
<points>
<point x="620" y="159"/>
<point x="523" y="159"/>
</points>
</Connector>
<Connector class="oracle.dbtools.crest.swingui.logical.TVRelation" oid="25751EFC-4B19-BF3A-EC97-BD9A28D3125E" otype="Relation" vid_source="D101964C-941C-6987-4E73-77DB97BE14C4" vid_target="DA302369-C548-4335-4081-06FE2AB79524">
<hideElementsInCurrentOnly>false</hideElementsInCurrentOnly>
<backgroundColor>-16777216</backgroundColor>
<lineWidth>1</lineWidth>
<points>
<point x="883" y="396"/>
<point x="838" y="396"/>
</points>
</Connector>
<Connector class="oracle.dbtools.crest.swingui.logical.TVRelation" oid="27EED5D2-2D4C-3E05-79B4-F9B36A3B23E8" otype="Relation" vid_source="BB714252-7592-7854-A312-7E4643A2C18F" vid_target="870BE9F4-C091-E993-3C58-CAA7859275DB">
<hideElementsInCurrentOnly>false</hideElementsInCurrentOnly>
<backgroundColor>-16777216</backgroundColor>
<lineWidth>1</lineWidth>
<points>
<point x="124" y="517"/>
<point x="124" y="463"/>
</points>
</Connector>
<Connector class="oracle.dbtools.crest.swingui.logical.TVRelation" oid="2A832F89-75B1-5468-BCED-ED0951609BF0" otype="Relation" vid_source="6AEA82E9-8678-3B7C-5FF8-64EC6480D43A" vid_target="6AEA82E9-8678-3B7C-5FF8-64EC6480D43A">
<hideElementsInCurrentOnly>false</hideElementsInCurrentOnly>
<backgroundColor>-16777216</backgroundColor>
<lineWidth>1</lineWidth>
<points>
<point x="523" y="341"/>
<point x="548" y="341"/>
<point x="548" y="497"/>
<point x="429" y="497"/>
<point x="429" y="472"/>
</points>
</Connector>
<Connector class="oracle.dbtools.crest.swingui.logical.TVRelation" oid="2FC3BAC2-2F4C-BF82-86D2-5107F750BBC7" otype="Relation" vid_source="6AEA82E9-8678-3B7C-5FF8-64EC6480D43A" vid_target="29AE1DCC-C97F-5234-C868-E9CD006443A4">
<hideElementsInCurrentOnly>false</hideElementsInCurrentOnly>
<backgroundColor>-16777216</backgroundColor>
<lineWidth>1</lineWidth>
<points>
<point x="295" y="161"/>
<point x="243" y="161"/>
</points>
</Connector>
<Connector class="oracle.dbtools.crest.swingui.logical.TVRelation" oid="4A2A8BB0-E61C-CB3B-9754-199E622D7060" otype="Relation" vid_source="EE535AE9-C94F-C360-2899-EBABE7B267A4" vid_target="6AEA82E9-8678-3B7C-5FF8-64EC6480D43A">
<hideElementsInCurrentOnly>false</hideElementsInCurrentOnly>
<backgroundColor>-16777216</backgroundColor>
<lineWidth>1</lineWidth>
<points>
<point x="389" y="519"/>
<point x="389" y="472"/>
</points>
</Connector>
<Connector class="oracle.dbtools.crest.swingui.logical.TVRelation" oid="5F3539F5-07C2-B548-99A3-B076F5800666" otype="Relation" vid_source="00478599-8E52-F6E8-410A-2644EEC2DF42" vid_target="DA302369-C548-4335-4081-06FE2AB79524">
<hideElementsInCurrentOnly>false</hideElementsInCurrentOnly>
<backgroundColor>-16777216</backgroundColor>
<lineWidth>1</lineWidth>
<points>
<point x="724" y="487"/>
<point x="724" y="429"/>
</points>
</Connector>
<Connector class="oracle.dbtools.crest.swingui.logical.TVRelation" oid="60CB5610-E72F-6009-7D81-B9D9FE3918F5" otype="Relation" vid_source="6AEA82E9-8678-3B7C-5FF8-64EC6480D43A" vid_target="DA302369-C548-4335-4081-06FE2AB79524">
<hideElementsInCurrentOnly>false</hideElementsInCurrentOnly>
<backgroundColor>-16777216</backgroundColor>
<lineWidth>1</lineWidth>
<points>
<point x="523" y="326"/>
<point x="589" y="326"/>
</points>
</Connector>
<Connector class="oracle.dbtools.crest.swingui.logical.TVRelation" oid="7E2EA41D-9332-72A4-B063-65A52EA3F122" otype="Relation" vid_source="6AEA82E9-8678-3B7C-5FF8-64EC6480D43A" vid_target="C51D2689-3DEB-3556-B66B-ADEEFFE0141E">
<hideElementsInCurrentOnly>false</hideElementsInCurrentOnly>
<backgroundColor>-16777216</backgroundColor>
<lineWidth>1</lineWidth>
<points>
<point x="523" y="196"/>
<point x="910" y="196"/>
</points>
</Connector>
<Connector class="oracle.dbtools.crest.swingui.logical.TVRelation" oid="91466601-FD56-0817-8107-79D137DE658A" otype="Relation" vid_source="EE535AE9-C94F-C360-2899-EBABE7B267A4" vid_target="00478599-8E52-F6E8-410A-2644EEC2DF42">
<hideElementsInCurrentOnly>false</hideElementsInCurrentOnly>
<backgroundColor>-16777216</backgroundColor>
<lineWidth>1</lineWidth>
<points>
<point x="484" y="578"/>
<point x="619" y="578"/>
</points>
</Connector>
<Connector class="oracle.dbtools.crest.swingui.logical.TVRelation" oid="A3A42C4C-77EC-BDAA-11AD-C06DB40421CB" otype="Relation" vid_source="00478599-8E52-F6E8-410A-2644EEC2DF42" vid_target="43438018-AE82-9BB9-1988-D4B9A7FD658C">
<hideElementsInCurrentOnly>false</hideElementsInCurrentOnly>
<backgroundColor>-16777216</backgroundColor>
<lineWidth>1</lineWidth>
<points>
<point x="829" y="520"/>
<point x="1124" y="520"/>
</points>
</Connector>
<Connector class="oracle.dbtools.crest.swingui.logical.TVRelation" oid="BD3C1CC7-D80D-1861-787E-C1962F182304" otype="Relation" vid_source="870BE9F4-C091-E993-3C58-CAA7859275DB" vid_target="EE535AE9-C94F-C360-2899-EBABE7B267A4">
<hideElementsInCurrentOnly>false</hideElementsInCurrentOnly>
<backgroundColor>-16777216</backgroundColor>
<lineWidth>1</lineWidth>
<points>
<point x="199" y="463"/>
<point x="284" y="519"/>
</points>
</Connector>
<Connector class="oracle.dbtools.crest.swingui.logical.TVRelation" oid="E6178D72-CFFD-64F0-CB9E-16627B28E41D" otype="Relation" vid_source="C51D2689-3DEB-3556-B66B-ADEEFFE0141E" vid_target="43438018-AE82-9BB9-1988-D4B9A7FD658C">
<hideElementsInCurrentOnly>false</hideElementsInCurrentOnly>
<backgroundColor>-16777216</backgroundColor>
<lineWidth>1</lineWidth>
<points>
<point x="1129" y="208"/>
<point x="1129" y="376"/>
</points>
</Connector>
</connectors>
</Diagram>