<?xml version = '1.0' encoding = 'UTF-8'?>
<Relation class="oracle.dbtools.crest.model.design.logical.Relation" name="pertenencia" directorySegmentName="seg_0" id="0798752D-DCD0-32AE-D8EE-47C80ACAA380">
<createdBy>santo</createdBy>
<createdTime>2025-09-14 06:05:06 UTC</createdTime>
<ownerDesignName>semana5</ownerDesignName>
<engineerTo>
<item key="9810ADA8-575E-0F3C-3ABB-2A2043C5466F" value="true"/>
</engineerTo>
<sourceTransferable>false</sourceTransferable>
<targetTransferable>false</targetTransferable>
<sourcePk>40B431E2-41BF-2BC3-841E-92158F00C394</sourcePk>
<identifying>false</identifying>
<nameOnSource>contiene</nameOnSource>
<nameOnTarget>pertenece</nameOnTarget>
<optionalSource>false</optionalSource>
<optionalTarget>false</optionalTarget>
<sourceCardinality>1</sourceCardinality>
<sourceEntity>72607D94-1C5B-E80D-6B0C-199018148F39</sourceEntity>
<targetCardinalityString>*</targetCardinalityString>
<targetEntity>032E789C-6D18-8C13-2066-EA6C6774BBD3</targetEntity>
<transferable>true</transferable>
<deleteRule>NO ACTION</deleteRule>
</Relation>