<?xml version = '1.0' encoding = 'UTF-8'?>
<Relation class="oracle.dbtools.crest.model.design.logical.Relation" name="direccion" directorySegmentName="seg_0" id="15E042B7-01C6-F364-FF18-0735E8A617CA">
<createdBy>santo</createdBy>
<createdTime>2025-09-14 06:59:31 UTC</createdTime>
<ownerDesignName>semana5</ownerDesignName>
<engineerTo>
<item key="9810ADA8-575E-0F3C-3ABB-2A2043C5466F" value="true"/>
</engineerTo>
<targetPk>0D0DBD0E-8DCC-59E3-9F2C-020D1B742B5B</targetPk>
<identifying>false</identifying>
<nameOnSource>pertenece</nameOnSource>
<nameOnTarget>recide_en</nameOnTarget>
<optionalSource>false</optionalSource>
<optionalTarget>false</optionalTarget>
<sourceCardinality>*</sourceCardinality>
<sourceEntity>1E13A4C9-2041-1A34-3A81-94C5E7D68632</sourceEntity>
<targetCardinalityString>1</targetCardinalityString>
<targetEntity>DD1982DB-43A6-72FB-A76B-97BC6DCD24BD</targetEntity>
<transferable>true</transferable>
<deleteRule>NO ACTION</deleteRule>
</Relation>