<?xml version = '1.0' encoding = 'UTF-8'?>
<Relation class="oracle.dbtools.crest.model.design.logical.Relation" name="recibe_atencion" directorySegmentName="seg_0" id="25827ED9-126D-A8C4-7D84-2824B051AC02">
<createdBy>santo</createdBy>
<createdTime>2025-09-14 11:52:47 UTC</createdTime>
<ownerDesignName>semana5</ownerDesignName>
<engineerTo>
<item key="9810ADA8-575E-0F3C-3ABB-2A2043C5466F" value="true"/>
</engineerTo>
<sourcePk>0D0DBD0E-8DCC-59E3-9F2C-020D1B742B5B</sourcePk>
<identifying>false</identifying>
<nameOnSource>recibe</nameOnSource>
<nameOnTarget>atiende</nameOnTarget>
<optionalSource>false</optionalSource>
<optionalTarget>false</optionalTarget>
<sourceCardinality>1</sourceCardinality>
<sourceEntity>DD1982DB-43A6-72FB-A76B-97BC6DCD24BD</sourceEntity>
<targetCardinalityString>*</targetCardinalityString>
<targetEntity>59773A50-6CE7-E4C2-AD0D-3506B418C374</targetEntity>
<transferable>true</transferable>
<deleteRule>NO ACTION</deleteRule>
</Relation>