<?xml version = '1.0' encoding = 'UTF-8'?>
<Relation class="oracle.dbtools.crest.model.design.logical.Relation" name="tiene_pago" directorySegmentName="seg_0" id="2A760102-E9B5-8037-956C-B69824DBA5D0">
<createdBy>santo</createdBy>
<createdTime>2025-09-14 12:01:26 UTC</createdTime>
<ownerDesignName>semana5</ownerDesignName>
<engineerTo>
<item key="9810ADA8-575E-0F3C-3ABB-2A2043C5466F" value="true"/>
</engineerTo>
<sourcePk>A7EA180E-0F34-19F2-90C9-E011911C6B07</sourcePk>
<targetPk>F82FFB8C-47A1-308B-83AD-AFD9C8320483</targetPk>
<identifying>false</identifying>
<nameOnSource>cobra</nameOnSource>
<nameOnTarget>paga</nameOnTarget>
<optionalSource>false</optionalSource>
<optionalTarget>false</optionalTarget>
<sourceCardinality>1</sourceCardinality>
<sourceEntity>59773A50-6CE7-E4C2-AD0D-3506B418C374</sourceEntity>
<targetCardinalityString>1</targetCardinalityString>
<targetEntity>AD0CFDFA-AC43-8B50-0880-27CB089406C5</targetEntity>
<transferable>true</transferable>
<deleteRule>NO ACTION</deleteRule>
</Relation>