<?xml version = '1.0' encoding = 'UTF-8'?>
<Relation class="oracle.dbtools.crest.model.design.logical.Relation" name="realiza_atencion" directorySegmentName="seg_0" id="39C47007-0AC1-993A-FF71-F6FEF9373A7E">
<createdBy>santo</createdBy>
<createdTime>2025-09-14 11:51:32 UTC</createdTime>
<ownerDesignName>semana5</ownerDesignName>
<engineerTo>
<item key="9810ADA8-575E-0F3C-3ABB-2A2043C5466F" value="true"/>
</engineerTo>
<sourcePk>E2A31DE3-001A-2B04-05D7-1396E080722D</sourcePk>
<identifying>false</identifying>
<nameOnSource>realiza</nameOnSource>
<nameOnTarget>es realizada</nameOnTarget>
<optionalSource>false</optionalSource>
<optionalTarget>false</optionalTarget>
<sourceCardinality>1</sourceCardinality>
<sourceEntity>2935A590-7345-FE69-5CAF-A22040BBDCE0</sourceEntity>
<targetCardinalityString>*</targetCardinalityString>
<targetEntity>59773A50-6CE7-E4C2-AD0D-3506B418C374</targetEntity>
<transferable>true</transferable>
<deleteRule>NO ACTION</deleteRule>
</Relation>