<?xml version = '1.0' encoding = 'UTF-8'?>
<Relation class="oracle.dbtools.crest.model.design.logical.Relation" name="corresponde_a" directorySegmentName="seg_0" id="50B9AC32-EBED-A8D5-DA33-7281CFB8B7E5">
<createdBy>santo</createdBy>
<createdTime>2025-09-14 12:02:12 UTC</createdTime>
<ownerDesignName>semana5</ownerDesignName>
<engineerTo>
<item key="9810ADA8-575E-0F3C-3ABB-2A2043C5466F" value="true"/>
</engineerTo>
<sourcePk>66CEFB2B-BA70-1BB2-8E97-31B00C2CFF02</sourcePk>
<targetPk>F82FFB8C-47A1-308B-83AD-AFD9C8320483</targetPk>
<identifying>false</identifying>
<nameOnSource>corresponde</nameOnSource>
<nameOnTarget>contiene</nameOnTarget>
<optionalSource>false</optionalSource>
<optionalTarget>false</optionalTarget>
<sourceCardinality>1</sourceCardinality>
<sourceEntity>A7E62989-F0E7-3DA1-E0D5-A213411A9FF2</sourceEntity>
<targetCardinalityString>1</targetCardinalityString>
<targetEntity>AD0CFDFA-AC43-8B50-0880-27CB089406C5</targetEntity>
<transferable>true</transferable>
<deleteRule>NO ACTION</deleteRule>
</Relation>