<?xml version = '1.0' encoding = 'UTF-8'?>
<Relation class="oracle.dbtools.crest.model.design.logical.Relation" name="supervisor" directorySegmentName="seg_0" id="7C67DCE6-41C0-28E7-0298-77D4F688565D">
<createdBy>santo</createdBy>
<createdTime>2025-09-15 03:34:47 UTC</createdTime>
<ownerDesignName>semana5</ownerDesignName>
<engineerTo>
<item key="9810ADA8-575E-0F3C-3ABB-2A2043C5466F" value="true"/>
</engineerTo>
<targetPk>E2A31DE3-001A-2B04-05D7-1396E080722D</targetPk>
<identifying>false</identifying>
<nameOnSource>supervisa</nameOnSource>
<nameOnTarget>es_supervisado</nameOnTarget>
<optionalSource>true</optionalSource>
<optionalTarget>false</optionalTarget>
<sourceCardinality>*</sourceCardinality>
<sourceEntity>2935A590-7345-FE69-5CAF-A22040BBDCE0</sourceEntity>
<targetCardinalityString>1</targetCardinalityString>
<targetEntity>2935A590-7345-FE69-5CAF-A22040BBDCE0</targetEntity>
<transferable>true</transferable>
<deleteRule>NO ACTION</deleteRule>
</Relation>