<?xml version = '1.0' encoding = 'UTF-8'?>
<Relation class="oracle.dbtools.crest.model.design.logical.Relation" name="solicita_examen" directorySegmentName="seg_0" id="9E5AD13C-E4E7-2931-3349-5440C1783BC6">
<createdBy>santo</createdBy>
<createdTime>2025-09-14 12:03:17 UTC</createdTime>
<ownerDesignName>semana5</ownerDesignName>
<engineerTo>
<item key="9810ADA8-575E-0F3C-3ABB-2A2043C5466F" value="true"/>
</engineerTo>
<sourcePk>A7EA180E-0F34-19F2-90C9-E011911C6B07</sourcePk>
<targetPk>AB7AC9F8-F284-EF86-F53B-DECE5D442BAA</targetPk>
<identifying>false</identifying>
<nameOnSource>solicita</nameOnSource>
<nameOnTarget>entrega</nameOnTarget>
<optionalSource>false</optionalSource>
<optionalTarget>false</optionalTarget>
<sourceCardinality>1</sourceCardinality>
<sourceEntity>59773A50-6CE7-E4C2-AD0D-3506B418C374</sourceEntity>
<targetCardinalityString>*</targetCardinalityString>
<targetEntity>E210184A-1946-1DDE-1545-F259D7F4DFEA</targetEntity>
<transferable>true</transferable>
<deleteRule>NO ACTION</deleteRule>
</Relation>