<?xml version = '1.0' encoding = 'UTF-8'?>
<Relation class="oracle.dbtools.crest.model.design.logical.Relation" name="es_solicitado" directorySegmentName="seg_0" id="AA57016F-CD71-988A-B355-DE694DE9F0EF">
<createdBy>santo</createdBy>
<createdTime>2025-09-14 12:05:12 UTC</createdTime>
<ownerDesignName>semana5</ownerDesignName>
<engineerTo>
<item key="9810ADA8-575E-0F3C-3ABB-2A2043C5466F" value="true"/>
</engineerTo>
<sourcePk>571A5F78-FD7E-C9CF-90D4-5AD007DA4766</sourcePk>
<targetPk>AB7AC9F8-F284-EF86-F53B-DECE5D442BAA</targetPk>
<identifying>false</identifying>
<nameOnSource>entrega</nameOnSource>
<nameOnTarget>solicita</nameOnTarget>
<optionalSource>false</optionalSource>
<optionalTarget>false</optionalTarget>
<sourceCardinality>1</sourceCardinality>
<sourceEntity>D83D5A29-38F5-4839-536F-8B93C686C18E</sourceEntity>
<targetCardinalityString>*</targetCardinalityString>
<targetEntity>E210184A-1946-1DDE-1545-F259D7F4DFEA</targetEntity>
<transferable>true</transferable>
<deleteRule>NO ACTION</deleteRule>
</Relation>