<?xml version = '1.0' encoding = 'UTF-8'?>
<Relation class="oracle.dbtools.crest.model.design.logical.Relation" name="tiene_especialidad" directorySegmentName="seg_0" id="C26CEF1C-658D-F8C4-622F-90BCCB96E2BA">
<createdBy>santo</createdBy>
<createdTime>2025-09-14 07:02:15 UTC</createdTime>
<ownerDesignName>semana5</ownerDesignName>
<engineerTo>
<item key="9810ADA8-575E-0F3C-3ABB-2A2043C5466F" value="true"/>
</engineerTo>
<sourcePk>1AFDD956-96A2-4A4C-C429-F3396D4E14D7</sourcePk>
<targetPk>E2A31DE3-001A-2B04-05D7-1396E080722D</targetPk>
<identifying>false</identifying>
<nameOnSource>pertenece</nameOnSource>
<nameOnTarget>tiene</nameOnTarget>
<optionalSource>false</optionalSource>
<optionalTarget>false</optionalTarget>
<sourceCardinality>1</sourceCardinality>
<sourceEntity>0CAC083D-753C-9F03-1B4F-E283086273D3</sourceEntity>
<targetCardinalityString>*</targetCardinalityString>
<targetEntity>2935A590-7345-FE69-5CAF-A22040BBDCE0</targetEntity>
<transferable>true</transferable>
<deleteRule>NO ACTION</deleteRule>
</Relation>