<?xml version = '1.0' encoding = 'UTF-8'?>
<Relation class="oracle.dbtools.crest.model.design.logical.Relation" name="pertenenciav2" directorySegmentName="seg_0" id="D7C1316F-D1B2-073E-30A3-7AFD60A4E025">
<createdBy>santo</createdBy>
<createdTime>2025-09-14 06:56:46 UTC</createdTime>
<ownerDesignName>semana5</ownerDesignName>
<engineerTo>
<item key="9810ADA8-575E-0F3C-3ABB-2A2043C5466F" value="true"/>
</engineerTo>
<sourceTransferable>false</sourceTransferable>
<targetTransferable>false</targetTransferable>
<sourcePk>C7F5C1DE-EF49-5746-8B98-F1DE73C1B1E6</sourcePk>
<identifying>false</identifying>
<nameOnSource>contiene</nameOnSource>
<nameOnTarget>pertenece</nameOnTarget>
<optionalSource>false</optionalSource>
<optionalTarget>false</optionalTarget>
<sourceCardinality>1</sourceCardinality>
<sourceEntity>032E789C-6D18-8C13-2066-EA6C6774BBD3</sourceEntity>
<targetCardinalityString>*</targetCardinalityString>
<targetEntity>1E13A4C9-2041-1A34-3A81-94C5E7D68632</targetEntity>
<transferable>true</transferable>
<deleteRule>NO ACTION</deleteRule>
</Relation>