<?xml version = '1.0' encoding = 'UTF-8'?>
<Relation class="oracle.dbtools.crest.model.design.logical.Relation" name="afiliado_salud" directorySegmentName="seg_0" id="EBCE728C-3B5F-02CB-E724-5F85706D99F2">
<createdBy>santo</createdBy>
<createdTime>2025-09-14 07:04:24 UTC</createdTime>
<ownerDesignName>semana5</ownerDesignName>
<engineerTo>
<item key="9810ADA8-575E-0F3C-3ABB-2A2043C5466F" value="true"/>
</engineerTo>
<sourcePk>81FCA1DF-5B59-BDC0-5F28-CC0194D5B690</sourcePk>
<targetPk>E2A31DE3-001A-2B04-05D7-1396E080722D</targetPk>
<identifying>false</identifying>
<nameOnSource>contiene</nameOnSource>
<nameOnTarget>es_parte</nameOnTarget>
<optionalSource>false</optionalSource>
<optionalTarget>false</optionalTarget>
<sourceCardinality>1</sourceCardinality>
<sourceEntity>257245D5-5BB2-D2B9-8ADB-DEB0D0790330</sourceEntity>
<targetCardinalityString>*</targetCardinalityString>
<targetEntity>2935A590-7345-FE69-5CAF-A22040BBDCE0</targetEntity>
<transferable>true</transferable>
<deleteRule>NO ACTION</deleteRule>
</Relation>