<?xml version = '1.0' encoding = 'UTF-8'?>
<Relation class="oracle.dbtools.crest.model.design.logical.Relation" name="afiliado" directorySegmentName="seg_0" id="EDC8DA31-D8EB-38D3-A85D-148DDA98F108">
<createdBy>santo</createdBy>
<createdTime>2025-09-14 07:03:29 UTC</createdTime>
<ownerDesignName>semana5</ownerDesignName>
<engineerTo>
<item key="9810ADA8-575E-0F3C-3ABB-2A2043C5466F" value="true"/>
</engineerTo>
<sourcePk>5BF50480-8B5D-B0AF-7BA0-B64FB255B510</sourcePk>
<targetPk>E2A31DE3-001A-2B04-05D7-1396E080722D</targetPk>
<identifying>false</identifying>
<nameOnSource>pertenece</nameOnSource>
<nameOnTarget>es_afiliado</nameOnTarget>
<optionalSource>false</optionalSource>
<optionalTarget>false</optionalTarget>
<sourceCardinality>1</sourceCardinality>
<sourceEntity>9233E25B-3FBC-8376-C9B3-7839E53AFC54</sourceEntity>
<targetCardinalityString>*</targetCardinalityString>
<targetEntity>2935A590-7345-FE69-5CAF-A22040BBDCE0</targetEntity>
<transferable>true</transferable>
<deleteRule>NO ACTION</deleteRule>
</Relation>