<?xml version = '1.0' encoding = 'UTF-8'?>
<Relation class="oracle.dbtools.crest.model.design.logical.Relation" name="Relation_9" directorySegmentName="seg_0" id="06D8867F-AD5F-6BF3-391F-DD0C0BDED41C">
<createdBy>santo</createdBy>
<createdTime>2025-08-28 11:12:13 UTC</createdTime>
<ownerDesignName>modelo_base</ownerDesignName>
<engineerTo>
<item key="08C6468C-1E47-43CB-CE52-9BCC40428DD3" value="true"/>
</engineerTo>
<targetPk>B625269D-36D8-B082-44C1-6444067A2DD3</targetPk>
<identifying>false</identifying>
<optionalSource>false</optionalSource>
<optionalTarget>false</optionalTarget>
<sourceCardinality>*</sourceCardinality>
<sourceEntity>6D39C6F9-BCAA-FDD5-9910-821332A5984E</sourceEntity>
<targetCardinalityString>1</targetCardinalityString>
<targetEntity>35868E61-421D-3968-E714-757ABAB2799C</targetEntity>
<transferable>true</transferable>
<deleteRule>NO ACTION</deleteRule>
</Relation>