<?xml version = '1.0' encoding = 'UTF-8'?>
<Relation class="oracle.dbtools.crest.model.design.logical.Relation" name="tiene_habitacion" directorySegmentName="seg_0" id="0C8AD71C-4B88-0DBC-21FD-36B4B4F76468">
<createdBy>santo</createdBy>
<createdTime>2025-08-28 09:48:05 UTC</createdTime>
<ownerDesignName>modelo_base</ownerDesignName>
<engineerTo>
<item key="08C6468C-1E47-43CB-CE52-9BCC40428DD3" value="true"/>
</engineerTo>
<sourcePk>B86BB387-2A0D-0AB5-7D16-C44654ECB583</sourcePk>
<identifying>false</identifying>
<nameOnSource>tiene</nameOnSource>
<nameOnTarget>pertenece </nameOnTarget>
<optionalSource>false</optionalSource>
<optionalTarget>false</optionalTarget>
<sourceCardinality>1</sourceCardinality>
<sourceEntity>ED4327A0-BF5F-4833-93A6-C01194D72B2C</sourceEntity>
<targetCardinalityString>*</targetCardinalityString>
<targetEntity>16C0FDD8-F715-0405-9F50-FA323DEA89EC</targetEntity>
<transferable>true</transferable>
<deleteRule>NO ACTION</deleteRule>
</Relation>