<?xml version = '1.0' encoding = 'UTF-8'?>
<Relation class="oracle.dbtools.crest.model.design.logical.Relation" name="Relation_17" directorySegmentName="seg_0" id="3E76B122-7058-F52F-A098-DEBADB18C32C">
<createdBy>santo</createdBy>
<createdTime>2025-08-28 11:28:31 UTC</createdTime>
<ownerDesignName>modelo_base</ownerDesignName>
<engineerTo>
<item key="08C6468C-1E47-43CB-CE52-9BCC40428DD3" value="true"/>
</engineerTo>
<sourcePk>C69F246D-5900-0F16-88F6-C2A987DB18FE</sourcePk>
<identifying>false</identifying>
<nameOnSource>puede tener</nameOnSource>
<nameOnTarget>tiene</nameOnTarget>
<optionalSource>false</optionalSource>
<optionalTarget>false</optionalTarget>
<sourceCardinality>1</sourceCardinality>
<sourceEntity>6D39C6F9-BCAA-FDD5-9910-821332A5984E</sourceEntity>
<targetCardinalityString>*</targetCardinalityString>
<targetEntity>622C7FCC-CC64-C900-0546-CB5118F8BBFD</targetEntity>
<transferable>true</transferable>
<deleteRule>NO ACTION</deleteRule>
</Relation>