<?xml version = '1.0' encoding = 'UTF-8'?>
<Relation class="oracle.dbtools.crest.model.design.logical.Relation" name="asignar" directorySegmentName="seg_0" id="424A4C56-0CA4-BD42-4718-C76C7FD40644">
<createdBy>santo</createdBy>
<createdTime>2025-08-28 09:50:37 UTC</createdTime>
<ownerDesignName>modelo_base</ownerDesignName>
<engineerTo>
<item key="08C6468C-1E47-43CB-CE52-9BCC40428DD3" value="true"/>
</engineerTo>
<sourcePk>B86BB387-2A0D-0AB5-7D16-C44654ECB583</sourcePk>
<identifying>false</identifying>
<nameOnSource>se asigna</nameOnSource>
<nameOnTarget>es asignada</nameOnTarget>
<optionalSource>true</optionalSource>
<optionalTarget>false</optionalTarget>
<sourceCardinality>1</sourceCardinality>
<sourceEntity>16C0FDD8-F715-0405-9F50-FA323DEA89EC</sourceEntity>
<targetCardinalityString>*</targetCardinalityString>
<targetEntity>6D64A0F8-8A8A-21AB-42CF-2DAF743AF29E</targetEntity>
<transferable>true</transferable>
<deleteRule>NO ACTION</deleteRule>
</Relation>