<?xml version = '1.0' encoding = 'UTF-8'?>
<Relation class="oracle.dbtools.crest.model.design.logical.Relation" name="contrato_apoderado" directorySegmentName="seg_0" id="5478A2CE-DA37-C595-ADCE-772E7EB1EF43">
<createdBy>santo</createdBy>
<createdTime>2025-08-28 11:16:51 UTC</createdTime>
<ownerDesignName>modelo_base</ownerDesignName>
<engineerTo>
<item key="08C6468C-1E47-43CB-CE52-9BCC40428DD3" value="true"/>
</engineerTo>
<sourcePk>5AD09E65-36D0-77E7-7B92-E6D82B68F006</sourcePk>
<identifying>false</identifying>
<nameOnSource>tiene</nameOnSource>
<nameOnTarget>pertenece</nameOnTarget>
<optionalSource>false</optionalSource>
<optionalTarget>false</optionalTarget>
<sourceCardinality>1</sourceCardinality>
<sourceEntity>52234B7D-6E5A-DDA1-6E98-67B99421F16F</sourceEntity>
<targetCardinalityString>*</targetCardinalityString>
<targetEntity>35868E61-421D-3968-E714-757ABAB2799C</targetEntity>
<transferable>true</transferable>
<deleteRule>NO ACTION</deleteRule>
</Relation>