<?xml version = '1.0' encoding = 'UTF-8'?>
<Relation class="oracle.dbtools.crest.model.design.logical.Relation" name="es_supervisor" directorySegmentName="seg_0" id="90814F1C-152F-7C2C-769B-AF8BDCB3F764">
<createdBy>santo</createdBy>
<createdTime>2025-08-28 06:52:36 UTC</createdTime>
<ownerDesignName>modelo_base</ownerDesignName>
<engineerTo>
<item key="08C6468C-1E47-43CB-CE52-9BCC40428DD3" value="true"/>
</engineerTo>
<targetPk>5AD09E65-36D0-77E7-7B92-E6D82B68F006</targetPk>
<identifying>false</identifying>
<nameOnSource>tiene</nameOnSource>
<nameOnTarget>puede ser</nameOnTarget>
<optionalSource>true</optionalSource>
<optionalTarget>false</optionalTarget>
<sourceCardinality>*</sourceCardinality>
<sourceEntity>265F2AE9-8C3C-1DB0-F3E9-C7EF601579C2</sourceEntity>
<targetCardinalityString>1</targetCardinalityString>
<targetEntity>265F2AE9-8C3C-1DB0-F3E9-C7EF601579C2</targetEntity>
<transferable>true</transferable>
<deleteRule>NO ACTION</deleteRule>
</Relation>