<?xml version = '1.0' encoding = 'UTF-8'?>
<Relation class="oracle.dbtools.crest.model.design.logical.Relation" name="habitacion_residente" directorySegmentName="seg_0" id="D2D74335-0F0B-0ADB-17A3-6638281312D0">
<createdBy>santo</createdBy>
<createdTime>2025-08-28 09:52:47 UTC</createdTime>
<ownerDesignName>modelo_base</ownerDesignName>
<engineerTo>
<item key="08C6468C-1E47-43CB-CE52-9BCC40428DD3" value="true"/>
</engineerTo>
<targetPk>5AD09E65-36D0-77E7-7B92-E6D82B68F006</targetPk>
<identifying>false</identifying>
<nameOnSource>se asigna</nameOnSource>
<nameOnTarget>es asignado</nameOnTarget>
<optionalSource>false</optionalSource>
<optionalTarget>false</optionalTarget>
<sourceCardinality>*</sourceCardinality>
<sourceEntity>6D64A0F8-8A8A-21AB-42CF-2DAF743AF29E</sourceEntity>
<targetCardinalityString>1</targetCardinalityString>
<targetEntity>622C7FCC-CC64-C900-0546-CB5118F8BBFD</targetEntity>
<transferable>true</transferable>
<deleteRule>NO ACTION</deleteRule>
</Relation>