<?xml version = '1.0' encoding = 'UTF-8'?>
<Entity class="oracle.dbtools.crest.model.design.logical.Entity" directorySegmentName="seg_0" id="52234B7D-6E5A-DDA1-6E98-67B99421F16F" name="APODERADO">
<createdBy>santo</createdBy>
<createdTime>2025-08-28 06:25:51 UTC</createdTime>
<ownerDesignName>modelo_base</ownerDesignName>
<engineerTo>
<item key="08C6468C-1E47-43CB-CE52-9BCC40428DD3" value="true"/>
</engineerTo>
<adequatelyNormalized>NO</adequatelyNormalized>
<expectedVolumes>0</expectedVolumes>
<fwdEngineeringStrategyName>Single Table</fwdEngineeringStrategyName>
<growthPercent>0</growthPercent>
<growthType>Year</growthType>
<hierarchicalParent>D1BAEA08-F3A5-F607-5490-8F4173A5576D</hierarchicalParent>
<maxVolumes>9999999</maxVolumes>
<minVolumes>0</minVolumes>
<normalForm>Third</normalForm>
<attributes itemClass="oracle.dbtools.crest.model.design.logical.Attribute">
<Attribute name="relacion_residente" id="172156BD-E978-730E-B6A5-013D6A49A135">
<createdBy>santo</createdBy>
<createdTime>2025-08-28 09:23:57 UTC</createdTime>
<ownerDesignName>modelo_base</ownerDesignName>
<engineerTo>
<item key="08C6468C-1E47-43CB-CE52-9BCC40428DD3" value="true"/>
</engineerTo>
<useDomainConstraints>false</useDomainConstraints>
<use>1</use>
<logicalDatatype>LOGDT024</logicalDatatype>
<dataTypeSize>15</dataTypeSize>
<ownDataTypeParameters>15,,</ownDataTypeParameters>
</Attribute>
<Attribute name="contacto_emergencia" id="8F0069CD-D0C0-9E62-A90B-CD638516E57D">
<createdBy>santo</createdBy>
<createdTime>2025-08-28 09:24:57 UTC</createdTime>
<ownerDesignName>modelo_base</ownerDesignName>
<engineerTo>
<item key="08C6468C-1E47-43CB-CE52-9BCC40428DD3" value="true"/>
</engineerTo>
<useDomainConstraints>false</useDomainConstraints>
<use>1</use>
<logicalDatatype>LOGDT024</logicalDatatype>
<dataTypeSize>10</dataTypeSize>
<ownDataTypeParameters>10,,</ownDataTypeParameters>
</Attribute>
</attributes>
</Entity>