<?xml version = '1.0' encoding = 'UTF-8'?>
<Entity class="oracle.dbtools.crest.model.design.logical.Entity" directorySegmentName="seg_0" id="622C7FCC-CC64-C900-0546-CB5118F8BBFD" name="RESIDENTE">
<createdBy>santo</createdBy>
<createdTime>2025-08-28 06:28:20 UTC</createdTime>
<ownerDesignName>modelo_base</ownerDesignName>
<engineerTo>
<item key="08C6468C-1E47-43CB-CE52-9BCC40428DD3" value="true"/>
</engineerTo>
<adequatelyNormalized>NO</adequatelyNormalized>
<expectedVolumes>0</expectedVolumes>
<fwdEngineeringStrategyName>Single Table</fwdEngineeringStrategyName>
<growthPercent>0</growthPercent>
<growthType>Year</growthType>
<hierarchicalParent>D1BAEA08-F3A5-F607-5490-8F4173A5576D</hierarchicalParent>
<maxVolumes>9999999</maxVolumes>
<minVolumes>0</minVolumes>
<normalForm>Third</normalForm>
<attributes itemClass="oracle.dbtools.crest.model.design.logical.Attribute">
<Attribute name="autonomía" id="4C2FF3A0-2441-7436-1EAF-F19E8E6131E7">
<createdBy>santo</createdBy>
<createdTime>2025-08-28 07:00:12 UTC</createdTime>
<ownerDesignName>modelo_base</ownerDesignName>
<engineerTo>
<item key="08C6468C-1E47-43CB-CE52-9BCC40428DD3" value="true"/>
</engineerTo>
<useDomainConstraints>false</useDomainConstraints>
<use>1</use>
<logicalDatatype>LOGDT025</logicalDatatype>
<dataTypeSize>2</dataTypeSize>
<ownDataTypeParameters>2,,</ownDataTypeParameters>
</Attribute>
<Attribute name="num_habitacion" id="453EF224-927D-8F42-2C79-77329AFC7132">
<createdBy>santo</createdBy>
<createdTime>2025-08-28 07:01:39 UTC</createdTime>
<ownerDesignName>modelo_base</ownerDesignName>
<engineerTo>
<item key="08C6468C-1E47-43CB-CE52-9BCC40428DD3" value="true"/>
</engineerTo>
<useDomainConstraints>false</useDomainConstraints>
<use>1</use>
<logicalDatatype>LOGDT019</logicalDatatype>
<dataTypePrecision>3</dataTypePrecision>
<ownDataTypeParameters>,3,</ownDataTypeParameters>
</Attribute>
<Attribute name="tipo_habitación" id="88DBF063-0A57-8902-2F6C-1880D74D0153">
<createdBy>santo</createdBy>
<createdTime>2025-08-28 07:04:38 UTC</createdTime>
<ownerDesignName>modelo_base</ownerDesignName>
<engineerTo>
<item key="08C6468C-1E47-43CB-CE52-9BCC40428DD3" value="true"/>
</engineerTo>
<useDomainConstraints>false</useDomainConstraints>
<use>1</use>
<logicalDatatype>LOGDT024</logicalDatatype>
<dataTypeSize>15</dataTypeSize>
<ownDataTypeParameters>15,,</ownDataTypeParameters>
</Attribute>
<Attribute name="id_residencia" id="AA89345A-AD0C-E5CD-4FEA-B3441793651D">
<createdBy>santo</createdBy>
<createdTime>2025-08-28 11:25:32 UTC</createdTime>
<ownerDesignName>modelo_base</ownerDesignName>
<engineerTo>
<item key="08C6468C-1E47-43CB-CE52-9BCC40428DD3" value="true"/>
</engineerTo>
<useDomainConstraints>false</useDomainConstraints>
<use>1</use>
<logicalDatatype>LOGDT019</logicalDatatype>
<dataTypePrecision>10</dataTypePrecision>
<ownDataTypeParameters>,10,</ownDataTypeParameters>
</Attribute>
<Attribute name="id_anexo" id="A78E729D-7CAB-9516-7D3E-2CDB7E467038">
<createdBy>santo</createdBy>
<createdTime>2025-08-28 11:28:59 UTC</createdTime>
<generatorID>3E76B122-7058-F52F-A098-DEBADB18C32C</generatorID>
<ownerDesignName>modelo_base</ownerDesignName>
<engineerTo>
<item key="08C6468C-1E47-43CB-CE52-9BCC40428DD3" value="true"/>
</engineerTo>
<referedAttribute>B62B936E-1C98-2E2A-12D3-CF7F10337C3A</referedAttribute>
<useDomainConstraints>false</useDomainConstraints>
<use>1</use>
<logicalDatatype>LOGDT024</logicalDatatype>
<dataTypeSize>15</dataTypeSize>
<ownDataTypeParameters>,,</ownDataTypeParameters>
</Attribute>
</attributes>
</Entity>