<?xml version = '1.0' encoding = 'UTF-8'?>
<Entity class="oracle.dbtools.crest.model.design.logical.Entity" directorySegmentName="seg_0" id="6D39C6F9-BCAA-FDD5-9910-821332A5984E" name="ANEXO">
<createdBy>santo</createdBy>
<createdTime>2025-08-28 08:22:56 UTC</createdTime>
<ownerDesignName>modelo_base</ownerDesignName>
<engineerTo>
<item key="08C6468C-1E47-43CB-CE52-9BCC40428DD3" value="true"/>
</engineerTo>
<adequatelyNormalized>NO</adequatelyNormalized>
<expectedVolumes>0</expectedVolumes>
<fwdEngineeringStrategyName>Single Table</fwdEngineeringStrategyName>
<growthPercent>0</growthPercent>
<growthType>Year</growthType>
<maxVolumes>9999999</maxVolumes>
<minVolumes>0</minVolumes>
<normalForm>Third</normalForm>
<attributes itemClass="oracle.dbtools.crest.model.design.logical.Attribute">
<Attribute name="id_anexo" id="B62B936E-1C98-2E2A-12D3-CF7F10337C3A">
<createdBy>santo</createdBy>
<createdTime>2025-08-28 09:11:32 UTC</createdTime>
<ownerDesignName>modelo_base</ownerDesignName>
<engineerTo>
<item key="08C6468C-1E47-43CB-CE52-9BCC40428DD3" value="true"/>
</engineerTo>
<useDomainConstraints>false</useDomainConstraints>
<use>1</use>
<logicalDatatype>LOGDT024</logicalDatatype>
<dataTypeSize>15</dataTypeSize>
<ownDataTypeParameters>15,,</ownDataTypeParameters>
</Attribute>
<Attribute name="fecha_inicio_estadia" id="43766452-B4BE-A663-DBCE-5C48C8531910">
<createdBy>santo</createdBy>
<createdTime>2025-08-28 08:23:09 UTC</createdTime>
<ownerDesignName>modelo_base</ownerDesignName>
<engineerTo>
<item key="08C6468C-1E47-43CB-CE52-9BCC40428DD3" value="true"/>
</engineerTo>
<useDomainConstraints>false</useDomainConstraints>
<use>1</use>
<logicalDatatype>LOGDT007</logicalDatatype>
<ownDataTypeParameters>,,</ownDataTypeParameters>
</Attribute>
<Attribute name="fecha_termino_estadia" id="EEDE9D42-9378-A53B-9D01-4B07C612563D">
<createdBy>santo</createdBy>
<createdTime>2025-08-28 08:23:33 UTC</createdTime>
<ownerDesignName>modelo_base</ownerDesignName>
<engineerTo>
<item key="08C6468C-1E47-43CB-CE52-9BCC40428DD3" value="true"/>
</engineerTo>
<nullsAllowed>true</nullsAllowed>
<useDomainConstraints>false</useDomainConstraints>
<use>1</use>
<logicalDatatype>LOGDT007</logicalDatatype>
<ownDataTypeParameters>,,</ownDataTypeParameters>
</Attribute>
<Attribute name="obs_residente" id="5CA5A7E7-8F1B-C602-2F3A-BC96E0E5A983">
<createdBy>santo</createdBy>
<createdTime>2025-08-28 08:24:02 UTC</createdTime>
<ownerDesignName>modelo_base</ownerDesignName>
<engineerTo>
<item key="08C6468C-1E47-43CB-CE52-9BCC40428DD3" value="true"/>
</engineerTo>
<useDomainConstraints>false</useDomainConstraints>
<use>1</use>
<logicalDatatype>LOGDT024</logicalDatatype>
<dataTypeSize>200</dataTypeSize>
<ownDataTypeParameters>200,,</ownDataTypeParameters>
</Attribute>
<Attribute name="id_contrato" id="A024E2D3-ACBE-F1C2-60A3-90E1EAA7BAB9">
<createdBy>santo</createdBy>
<createdTime>2025-08-28 11:12:23 UTC</createdTime>
<generatorID>06D8867F-AD5F-6BF3-391F-DD0C0BDED41C</generatorID>
<ownerDesignName>modelo_base</ownerDesignName>
<engineerTo>
<item key="08C6468C-1E47-43CB-CE52-9BCC40428DD3" value="true"/>
</engineerTo>
<referedAttribute>2305068C-63A5-818D-589A-29EDF5CB99AF</referedAttribute>
<useDomainConstraints>false</useDomainConstraints>
<use>1</use>
<logicalDatatype>LOGDT024</logicalDatatype>
<dataTypeSize>10</dataTypeSize>
<ownDataTypeParameters>,,</ownDataTypeParameters>
</Attribute>
</attributes>
<identifiers itemClass="oracle.dbtools.crest.model.design.logical.CandidateKey">
<identifier id="C69F246D-5900-0F16-88F6-C2A987DB18FE" name="ANEXO PK">
<createdBy>santo</createdBy>
<createdTime>2025-08-28 09:11:59 UTC</createdTime>
<ownerDesignName>modelo_base</ownerDesignName>
<engineerTo>
<item key="08C6468C-1E47-43CB-CE52-9BCC40428DD3" value="true"/>
</engineerTo>
<pk>true</pk>
<usedAttributes>
<attributeRef>B62B936E-1C98-2E2A-12D3-CF7F10337C3A</attributeRef>
</usedAttributes>
</identifier>
</identifiers>
</Entity>