<?xml version = '1.0' encoding = 'UTF-8'?>
<Entity class="oracle.dbtools.crest.model.design.logical.Entity" directorySegmentName="seg_0" id="6D64A0F8-8A8A-21AB-42CF-2DAF743AF29E" name="ASIGNACION_HABITACION">
<createdBy>santo</createdBy>
<createdTime>2025-08-28 09:15:40 UTC</createdTime>
<ownerDesignName>modelo_base</ownerDesignName>
<engineerTo>
<item key="08C6468C-1E47-43CB-CE52-9BCC40428DD3" value="true"/>
</engineerTo>
<adequatelyNormalized>NO</adequatelyNormalized>
<expectedVolumes>0</expectedVolumes>
<fwdEngineeringStrategyName>Single Table</fwdEngineeringStrategyName>
<growthPercent>0</growthPercent>
<growthType>Year</growthType>
<maxVolumes>9999999</maxVolumes>
<minVolumes>0</minVolumes>
<normalForm>Third</normalForm>
<attributes itemClass="oracle.dbtools.crest.model.design.logical.Attribute">
<Attribute name="id_asignacion" id="98BC9FE8-A7F6-6267-2DD3-54A2CFFABCF4">
<createdBy>santo</createdBy>
<createdTime>2025-08-28 09:16:06 UTC</createdTime>
<ownerDesignName>modelo_base</ownerDesignName>
<engineerTo>
<item key="08C6468C-1E47-43CB-CE52-9BCC40428DD3" value="true"/>
</engineerTo>
<useDomainConstraints>false</useDomainConstraints>
<use>1</use>
<logicalDatatype>LOGDT024</logicalDatatype>
<dataTypeSize>10</dataTypeSize>
<ownDataTypeParameters>10,,</ownDataTypeParameters>
</Attribute>
<Attribute name="id_residente" id="B1227FB7-2E4B-9719-A174-9232260CA019">
<createdBy>santo</createdBy>
<createdTime>2025-08-28 09:16:32 UTC</createdTime>
<ownerDesignName>modelo_base</ownerDesignName>
<engineerTo>
<item key="08C6468C-1E47-43CB-CE52-9BCC40428DD3" value="true"/>
</engineerTo>
<useDomainConstraints>false</useDomainConstraints>
<use>1</use>
<logicalDatatype>LOGDT019</logicalDatatype>
<dataTypePrecision>10</dataTypePrecision>
<ownDataTypeParameters>,10,</ownDataTypeParameters>
</Attribute>
<Attribute name="id_habitacion" id="0D1867D7-8D1C-1559-53C9-D07B45A279E4">
<createdBy>santo</createdBy>
<createdTime>2025-08-28 09:17:18 UTC</createdTime>
<ownerDesignName>modelo_base</ownerDesignName>
<engineerTo>
<item key="08C6468C-1E47-43CB-CE52-9BCC40428DD3" value="true"/>
</engineerTo>
<useDomainConstraints>false</useDomainConstraints>
<use>1</use>
<logicalDatatype>LOGDT019</logicalDatatype>
<dataTypePrecision>10</dataTypePrecision>
<ownDataTypeParameters>,10,</ownDataTypeParameters>
</Attribute>
<Attribute name="fecha_inicio" id="60F44622-D3F5-85C3-743A-291543246E7C">
<createdBy>santo</createdBy>
<createdTime>2025-08-28 09:18:27 UTC</createdTime>
<ownerDesignName>modelo_base</ownerDesignName>
<engineerTo>
<item key="08C6468C-1E47-43CB-CE52-9BCC40428DD3" value="true"/>
</engineerTo>
<useDomainConstraints>false</useDomainConstraints>
<use>1</use>
<logicalDatatype>LOGDT007</logicalDatatype>
<ownDataTypeParameters>,,</ownDataTypeParameters>
</Attribute>
<Attribute name="fecha_termino" id="D65BE7D2-534E-1170-7CD8-B6CA579F7800">
<createdBy>santo</createdBy>
<createdTime>2025-08-28 09:18:50 UTC</createdTime>
<ownerDesignName>modelo_base</ownerDesignName>
<engineerTo>
<item key="08C6468C-1E47-43CB-CE52-9BCC40428DD3" value="true"/>
</engineerTo>
<nullsAllowed>true</nullsAllowed>
<useDomainConstraints>false</useDomainConstraints>
<use>1</use>
<logicalDatatype>LOGDT007</logicalDatatype>
<ownDataTypeParameters>,,</ownDataTypeParameters>
</Attribute>
<Attribute name="id_residencia" id="D32405E5-2B4C-4A75-268A-95097894F2B8">
<createdBy>santo</createdBy>
<createdTime>2025-08-28 09:51:53 UTC</createdTime>
<generatorID>424A4C56-0CA4-BD42-4718-C76C7FD40644</generatorID>
<ownerDesignName>modelo_base</ownerDesignName>
<engineerTo>
<item key="08C6468C-1E47-43CB-CE52-9BCC40428DD3" value="true"/>
</engineerTo>
<referedAttribute>1BF9A071-BF28-5633-9D61-C46C8833D452</referedAttribute>
<useDomainConstraints>false</useDomainConstraints>
<use>1</use>
<logicalDatatype>LOGDT019</logicalDatatype>
<dataTypePrecision>10</dataTypePrecision>
<ownDataTypeParameters>,,</ownDataTypeParameters>
</Attribute>
<Attribute name="rut_residente" id="594E1D20-6E12-BCB3-9076-3FC22B6E44A8">
<createdBy>santo</createdBy>
<createdTime>2025-08-28 09:53:36 UTC</createdTime>
<generatorID>D2D74335-0F0B-0ADB-17A3-6638281312D0</generatorID>
<ownerDesignName>modelo_base</ownerDesignName>
<engineerTo>
<item key="08C6468C-1E47-43CB-CE52-9BCC40428DD3" value="true"/>
</engineerTo>
<referedAttribute>AA5F1C15-AED5-5C12-F114-A7C4264FF97E</referedAttribute>
<useDomainConstraints>false</useDomainConstraints>
<use>1</use>
<logicalDatatype>LOGDT019</logicalDatatype>
<dataTypePrecision>8</dataTypePrecision>
<ownDataTypeParameters>,,</ownDataTypeParameters>
</Attribute>
</attributes>
<identifiers itemClass="oracle.dbtools.crest.model.design.logical.CandidateKey">
<identifier id="74A7ACC3-B6DC-3F3F-3489-7538BD9E1995" name="ASIGNACION_HABITACION PK">
<createdBy>santo</createdBy>
<createdTime>2025-08-28 09:16:30 UTC</createdTime>
<ownerDesignName>modelo_base</ownerDesignName>
<engineerTo>
<item key="08C6468C-1E47-43CB-CE52-9BCC40428DD3" value="true"/>
</engineerTo>
<pk>true</pk>
<usedAttributes>
<attributeRef>98BC9FE8-A7F6-6267-2DD3-54A2CFFABCF4</attributeRef>
</usedAttributes>
</identifier>
</identifiers>
</Entity>