<?xml version = '1.0' encoding = 'UTF-8'?>
<Entity class="oracle.dbtools.crest.model.design.logical.Entity" directorySegmentName="seg_0" id="85F2B113-33C7-BC44-5CC5-248706E1F751" name="RESIDENTE_TEMPORAL">
<createdBy>santo</createdBy>
<createdTime>2025-08-28 07:55:28 UTC</createdTime>
<ownerDesignName>modelo_base</ownerDesignName>
<engineerTo>
<item key="08C6468C-1E47-43CB-CE52-9BCC40428DD3" value="true"/>
</engineerTo>
<adequatelyNormalized>NO</adequatelyNormalized>
<expectedVolumes>0</expectedVolumes>
<fwdEngineeringStrategyName>Single Table</fwdEngineeringStrategyName>
<growthPercent>0</growthPercent>
<growthType>Year</growthType>
<hierarchicalParent>622C7FCC-CC64-C900-0546-CB5118F8BBFD</hierarchicalParent>
<maxVolumes>9999999</maxVolumes>
<minVolumes>0</minVolumes>
<normalForm>Third</normalForm>
<attributes itemClass="oracle.dbtools.crest.model.design.logical.Attribute">
<Attribute name="num_dias_estadia" id="4C66F883-BB8F-4FE8-7C38-F80CF8D7D8D5">
<createdBy>santo</createdBy>
<createdTime>2025-08-28 07:59:04 UTC</createdTime>
<ownerDesignName>modelo_base</ownerDesignName>
<engineerTo>
<item key="08C6468C-1E47-43CB-CE52-9BCC40428DD3" value="true"/>
</engineerTo>
<useDomainConstraints>false</useDomainConstraints>
<use>1</use>
<logicalDatatype>LOGDT019</logicalDatatype>
<dataTypePrecision>3</dataTypePrecision>
<ownDataTypeParameters>,3,</ownDataTypeParameters>
</Attribute>
</attributes>
</Entity>