<?xml version = '1.0' encoding = 'UTF-8'?>
<Relation class="oracle.dbtools.crest.model.design.logical.InheritanceRelation" name="Hierarchy_8" directorySegmentName="seg_0" id="184D9B7C-6AC3-79C4-8CF9-3FCC5D4E0F4C">
<createdBy>santo</createdBy>
<createdTime>2025-08-28 08:10:56 UTC</createdTime>
<ownerDesignName>modelo_base</ownerDesignName>
<engineerTo>
<item key="08C6468C-1E47-43CB-CE52-9BCC40428DD3" value="true"/>
</engineerTo>
<identifying>false</identifying>
<nameOnSource>Super Type</nameOnSource>
<nameOnTarget>Sub Type</nameOnTarget>
<optionalSource>true</optionalSource>
<optionalTarget>true</optionalTarget>
<sourceEntity>ED4327A0-BF5F-4833-93A6-C01194D72B2C</sourceEntity>
<targetEntity>16C0FDD8-F715-0405-9F50-FA323DEA89EC</targetEntity>
<transferable>true</transferable>
<deleteRule>NO ACTION</deleteRule>
</Relation>