<?xml version = '1.0' encoding = 'UTF-8'?>
<Relation class="oracle.dbtools.crest.model.design.logical.Relation" name="Relation_1" directorySegmentName="seg_0" id="8D6DA392-37EE-BA09-57A9-B2213AC990D7">
<createdBy>santo</createdBy>
<createdTime>2025-08-25 11:09:19 UTC</createdTime>
<ownerDesignName>modelo_base</ownerDesignName>
<engineerTo>
<item key="6729FFC0-8408-4A16-08E3-460B893140FA" value="true"/>
</engineerTo>
<sourcePk>06D25307-3DA0-18F5-3785-1AAA525C4E51</sourcePk>
<identifying>false</identifying>
<optionalSource>true</optionalSource>
<optionalTarget>false</optionalTarget>
<sourceCardinality>1</sourceCardinality>
<sourceEntity>FCACFB13-515D-2C8F-986F-C22C8679272C</sourceEntity>
<targetCardinalityString>*</targetCardinalityString>
<targetEntity>1383441D-993E-051B-91E5-A88D2CEADB2B</targetEntity>
<transferable>true</transferable>
<deleteRule>NO ACTION</deleteRule>
</Relation>