<?xml version = '1.0' encoding = 'UTF-8'?>
<Relation class="oracle.dbtools.crest.model.design.logical.Relation" name="asigna" directorySegmentName="seg_0" id="AE33CE21-C69F-7225-5AC6-80B5B3A1A9A4">
<createdBy>santo</createdBy>
<createdTime>2025-08-25 11:16:38 UTC</createdTime>
<ownerDesignName>modelo_base</ownerDesignName>
<engineerTo>
<item key="6729FFC0-8408-4A16-08E3-460B893140FA" value="true"/>
</engineerTo>
<sourcePk>CF7244D3-0C34-CF12-E401-ABC0C57700BA</sourcePk>
<identifying>false</identifying>
<optionalSource>true</optionalSource>
<optionalTarget>false</optionalTarget>
<sourceCardinality>1</sourceCardinality>
<sourceEntity>FD0F9A98-0708-E54D-1214-7E7292795C98</sourceEntity>
<targetCardinalityString>*</targetCardinalityString>
<targetEntity>1383441D-993E-051B-91E5-A88D2CEADB2B</targetEntity>
<transferable>true</transferable>
<deleteRule>NO ACTION</deleteRule>
</Relation>