<?xml version = '1.0' encoding = 'UTF-8'?>
<Relation class="oracle.dbtools.crest.model.design.logical.Relation" name="Relation_4" directorySegmentName="seg_0" id="C4CD1D16-E991-ECFE-E434-0F1E3ABC0472">
<createdBy>santo</createdBy>
<createdTime>2025-08-25 11:12:26 UTC</createdTime>
<ownerDesignName>modelo_base</ownerDesignName>
<engineerTo>
<item key="6729FFC0-8408-4A16-08E3-460B893140FA" value="true"/>
</engineerTo>
<sourcePk>E0A116DD-44B5-9F1D-608C-C42F36D0C98F</sourcePk>
<identifying>false</identifying>
<optionalSource>true</optionalSource>
<optionalTarget>false</optionalTarget>
<sourceCardinality>1</sourceCardinality>
<sourceEntity>13EEDD17-DC34-BCE9-064E-00BE3A67CFEA</sourceEntity>
<targetCardinalityString>*</targetCardinalityString>
<targetEntity>9AE2DCFE-D0A2-57D4-EB4D-8DA8A084D769</targetEntity>
<transferable>true</transferable>
<deleteRule>NO ACTION</deleteRule>
</Relation>