<?xml version = '1.0' encoding = 'UTF-8'?>
<Relation class="oracle.dbtools.crest.model.design.logical.Relation" name="Relation_3" directorySegmentName="seg_0" id="DAA4CC66-B591-7823-4F3D-26F4C229A771">
<createdBy>santo</createdBy>
<createdTime>2025-08-25 11:11:50 UTC</createdTime>
<ownerDesignName>modelo_base</ownerDesignName>
<engineerTo>
<item key="6729FFC0-8408-4A16-08E3-460B893140FA" value="true"/>
</engineerTo>
<sourcePk>BFC372C2-FFA5-1142-C952-5A464E5FA56F</sourcePk>
<identifying>false</identifying>
<optionalSource>true</optionalSource>
<optionalTarget>false</optionalTarget>
<sourceCardinality>1</sourceCardinality>
<sourceEntity>1383441D-993E-051B-91E5-A88D2CEADB2B</sourceEntity>
<targetCardinalityString>*</targetCardinalityString>
<targetEntity>9AE2DCFE-D0A2-57D4-EB4D-8DA8A084D769</targetEntity>
<transferable>true</transferable>
<deleteRule>NO ACTION</deleteRule>
</Relation>