<?xml version = '1.0' encoding = 'UTF-8'?>
<FKIndexAssociation class="oracle.dbtools.crest.model.design.relational.FKIndexAssociation" directorySegmentName="seg_0" id="07527D3F-F98E-B9F7-381B-683CCB73F1E9" containerWithKeyObject="58872CAD-E574-39E5-CEEE-D5436A531219" localFKIndex="58AF19C8-3CAD-F301-9063-D37A57386FB2" name="COMUNA_CIUDAD_FK">
<createdBy>santo</createdBy>
<createdTime>2025-09-14 13:35:02 UTC</createdTime>
<generatorID>D7C1316F-D1B2-073E-30A3-7AFD60A4E025</generatorID>
<ownerDesignName>semana5</ownerDesignName>
<referredTableLongName>CIUDAD</referredTableLongName>
<deleteRule>NO ACTION</deleteRule>
<referredTableID>340EA141-9D7F-4E9B-19FB-0E2A2E35C278</referredTableID>
<keyObject>4F82A0A6-1DFF-82B9-E7A2-7CE867CB4E9C</keyObject>
<referredKeyID>4F82A0A6-1DFF-82B9-E7A2-7CE867CB4E9C</referredKeyID>
<mandatory>true</mandatory>
<refColNames>id_ciudad</refColNames>
<transferable>false</transferable>
<rely>false</rely>
<columnDependencyConstraintGenerateInDDL>true</columnDependencyConstraintGenerateInDDL>
</FKIndexAssociation>