<?xml version = '1.0' encoding = 'UTF-8'?>
<FKIndexAssociation class="oracle.dbtools.crest.model.design.relational.FKIndexAssociation" directorySegmentName="seg_0" id="15143729-28A8-83FA-02F0-44743ABECEEE" containerWithKeyObject="58872CAD-E574-39E5-CEEE-D5436A531219" localFKIndex="AA2BEE53-4210-392A-30FC-F272E79186A7" name="COMUNA_PACIENTE_FK">
<createdBy>santo</createdBy>
<createdTime>2025-09-14 13:35:02 UTC</createdTime>
<generatorID>15E042B7-01C6-F364-FF18-0735E8A617CA</generatorID>
<ownerDesignName>semana5</ownerDesignName>
<referredTableLongName>PACIENTE</referredTableLongName>
<deleteRule>NO ACTION</deleteRule>
<referredTableID>797B7BC7-0AF7-1ADB-9B63-9744643A4CBD</referredTableID>
<keyObject>643CB282-E353-5A05-DE5D-6A2E9676190B</keyObject>
<referredKeyID>643CB282-E353-5A05-DE5D-6A2E9676190B</referredKeyID>
<mandatory>true</mandatory>
<refColNames>rut_paciente</refColNames>
<transferable>true</transferable>
<rely>false</rely>
<columnDependencyConstraintGenerateInDDL>true</columnDependencyConstraintGenerateInDDL>
</FKIndexAssociation>