<?xml version = '1.0' encoding = 'UTF-8'?>
<FKIndexAssociation class="oracle.dbtools.crest.model.design.relational.FKIndexAssociation" directorySegmentName="seg_0" id="22A0E7BF-5DF6-82B7-803E-5BDDB1D0FC48" containerWithKeyObject="D756ED2D-9CE4-59DB-6D2B-04551A312D15" localFKIndex="3BBF0749-8E8C-34E4-C639-A0AFA02925C8" name="MEDICO_ESPECIALIDAD_FK">
<createdBy>santo</createdBy>
<createdTime>2025-09-14 13:35:02 UTC</createdTime>
<generatorID>C26CEF1C-658D-F8C4-622F-90BCCB96E2BA</generatorID>
<ownerDesignName>semana5</ownerDesignName>
<referredTableLongName>ESPECIALIDAD</referredTableLongName>
<deleteRule>NO ACTION</deleteRule>
<referredTableID>7AA56BB5-FB7E-750C-3276-E80EA15294D3</referredTableID>
<keyObject>7B9D182F-C872-4C39-8929-CF87BE474D7A</keyObject>
<referredKeyID>7B9D182F-C872-4C39-8929-CF87BE474D7A</referredKeyID>
<mandatory>true</mandatory>
<refColNames>id_especialidad</refColNames>
<transferable>true</transferable>
<rely>false</rely>
<columnDependencyConstraintGenerateInDDL>true</columnDependencyConstraintGenerateInDDL>
</FKIndexAssociation>