<?xml version = '1.0' encoding = 'UTF-8'?>
<FKIndexAssociation class="oracle.dbtools.crest.model.design.relational.FKIndexAssociation" directorySegmentName="seg_0" id="2B26A91C-4BEF-75C5-03BB-1447D9B993D1" containerWithKeyObject="65D30062-3118-2EB5-9E99-F8238E8AD1FE" localFKIndex="EF15B9F9-045D-1C68-6F7E-6254FDB97721" name="DETALLE_PAGO_PAGO_ATENCION_FK">
<createdBy>santo</createdBy>
<createdTime>2025-09-14 13:35:02 UTC</createdTime>
<generatorID>50B9AC32-EBED-A8D5-DA33-7281CFB8B7E5</generatorID>
<ownerDesignName>semana5</ownerDesignName>
<referredTableLongName>PAGO_ATENCION</referredTableLongName>
<deleteRule>NO ACTION</deleteRule>
<referredTableID>60EAED1F-B9DB-762F-D614-0D1177F40566</referredTableID>
<keyObject>BDA988D4-C8E6-89C0-C56B-D87D45667C7F</keyObject>
<referredKeyID>BDA988D4-C8E6-89C0-C56B-D87D45667C7F</referredKeyID>
<mandatory>true</mandatory>
<refColNames>id_pago</refColNames>
<transferable>true</transferable>
<rely>false</rely>
<columnDependencyConstraintGenerateInDDL>true</columnDependencyConstraintGenerateInDDL>
</FKIndexAssociation>