<?xml version = '1.0' encoding = 'UTF-8'?>
<FKIndexAssociation class="oracle.dbtools.crest.model.design.relational.FKIndexAssociation" directorySegmentName="seg_0" id="363B0F34-541D-C7BD-1E86-0FC3997FC5F6" containerWithKeyObject="340EA141-9D7F-4E9B-19FB-0E2A2E35C278" localFKIndex="42C40801-7FCB-9EB8-17A7-AB9D5844958B" name="CIUDAD_REGION_FK">
<createdBy>santo</createdBy>
<createdTime>2025-09-14 13:35:02 UTC</createdTime>
<generatorID>0798752D-DCD0-32AE-D8EE-47C80ACAA380</generatorID>
<ownerDesignName>semana5</ownerDesignName>
<referredTableLongName>REGION</referredTableLongName>
<deleteRule>NO ACTION</deleteRule>
<referredTableID>06B25849-43AD-15BA-243B-860960B349F3</referredTableID>
<keyObject>79182A6B-45DC-8281-343A-2BA8BE2535B3</keyObject>
<referredKeyID>79182A6B-45DC-8281-343A-2BA8BE2535B3</referredKeyID>
<mandatory>true</mandatory>
<refColNames>id_region</refColNames>
<transferable>false</transferable>
<rely>false</rely>
<columnDependencyConstraintGenerateInDDL>true</columnDependencyConstraintGenerateInDDL>
</FKIndexAssociation>