<?xml version = '1.0' encoding = 'UTF-8'?>
<FKIndexAssociation class="oracle.dbtools.crest.model.design.relational.FKIndexAssociation" directorySegmentName="seg_0" id="50207BE7-AB6F-C8BE-F47F-F24BFDC0DAF8" containerWithKeyObject="2AF46CC4-4026-7455-363C-30C1737695A0" localFKIndex="F8519DA7-6EF2-01AC-B826-51ECC0C6A11A" name="ATENCION_MEDICA_MEDICO_FK">
<createdBy>santo</createdBy>
<createdTime>2025-09-14 13:35:02 UTC</createdTime>
<generatorID>39C47007-0AC1-993A-FF71-F6FEF9373A7E</generatorID>
<ownerDesignName>semana5</ownerDesignName>
<referredTableLongName>MEDICO</referredTableLongName>
<deleteRule>NO ACTION</deleteRule>
<referredTableID>D756ED2D-9CE4-59DB-6D2B-04551A312D15</referredTableID>
<keyObject>E8BDCB52-350C-DD6C-66A2-CF93789F8995</keyObject>
<referredKeyID>E8BDCB52-350C-DD6C-66A2-CF93789F8995</referredKeyID>
<mandatory>true</mandatory>
<refColNames>rut_medico</refColNames>
<transferable>true</transferable>
<rely>false</rely>
<columnDependencyConstraintGenerateInDDL>true</columnDependencyConstraintGenerateInDDL>
</FKIndexAssociation>