<?xml version = '1.0' encoding = 'UTF-8'?>
<FKIndexAssociation class="oracle.dbtools.crest.model.design.relational.FKIndexAssociation" directorySegmentName="seg_0" id="5DEF3CF9-193C-453B-4DE6-FBB90B6018F2" containerWithKeyObject="65D30062-3118-2EB5-9E99-F8238E8AD1FE" localFKIndex="8DFC0A26-0367-D816-BB21-D50576F76C00" name="DET_PAGO_ATEN_MEDICA_FK">
<createdBy>santo</createdBy>
<createdTime>2025-09-14 13:35:02 UTC</createdTime>
<generatorID>2A760102-E9B5-8037-956C-B69824DBA5D0</generatorID>
<ownerDesignName>semana5</ownerDesignName>
<referredTableLongName>ATENCION_MEDICA</referredTableLongName>
<deleteRule>NO ACTION</deleteRule>
<referredTableID>2AF46CC4-4026-7455-363C-30C1737695A0</referredTableID>
<keyObject>2115568E-437E-343E-60E8-7AEA73324AFC</keyObject>
<referredKeyID>2115568E-437E-343E-60E8-7AEA73324AFC</referredKeyID>
<mandatory>true</mandatory>
<refColNames>id_atencion</refColNames>
<transferable>true</transferable>
<rely>false</rely>
<columnDependencyConstraintGenerateInDDL>true</columnDependencyConstraintGenerateInDDL>
</FKIndexAssociation>