<?xml version = '1.0' encoding = 'UTF-8'?>
<FKIndexAssociation class="oracle.dbtools.crest.model.design.relational.FKIndexAssociation" directorySegmentName="seg_0" id="72593822-8673-1C39-A57D-70ED3E69DD88" containerWithKeyObject="B512A8AD-0B79-C2C8-D8D4-7AD08C4250D2" localFKIndex="4545FA7C-C3D4-1263-28B8-A9001E059371" name="EXAMEN_SOLICITADO_EXAMEN_FK">
<createdBy>santo</createdBy>
<createdTime>2025-09-14 13:35:02 UTC</createdTime>
<generatorID>AA57016F-CD71-988A-B355-DE694DE9F0EF</generatorID>
<ownerDesignName>semana5</ownerDesignName>
<referredTableLongName>EXAMEN</referredTableLongName>
<deleteRule>NO ACTION</deleteRule>
<referredTableID>9CC494B6-BDAE-ED8E-DA53-139F075EB526</referredTableID>
<keyObject>472E11AA-4E55-C24C-34EE-5253B10E2227</keyObject>
<referredKeyID>472E11AA-4E55-C24C-34EE-5253B10E2227</referredKeyID>
<mandatory>true</mandatory>
<refColNames>id_examen</refColNames>
<transferable>true</transferable>
<rely>false</rely>
<columnDependencyConstraintGenerateInDDL>true</columnDependencyConstraintGenerateInDDL>
</FKIndexAssociation>