<?xml version = '1.0' encoding = 'UTF-8'?>
<FKIndexAssociation class="oracle.dbtools.crest.model.design.relational.FKIndexAssociation" directorySegmentName="seg_0" id="9B6CC333-816C-181C-425C-E714DD215ED4" containerWithKeyObject="D756ED2D-9CE4-59DB-6D2B-04551A312D15" localFKIndex="38F9B280-CC54-FAE3-4D72-065FB92D69A9" name="MEDICO_AFP_FK">
<createdBy>santo</createdBy>
<createdTime>2025-09-14 13:35:02 UTC</createdTime>
<generatorID>EDC8DA31-D8EB-38D3-A85D-148DDA98F108</generatorID>
<ownerDesignName>semana5</ownerDesignName>
<referredTableLongName>AFP</referredTableLongName>
<deleteRule>NO ACTION</deleteRule>
<referredTableID>DE040BAA-174B-FCC6-71E3-41957752128F</referredTableID>
<keyObject>F43F24B6-167C-7C6C-67EC-10A74CD6742A</keyObject>
<referredKeyID>F43F24B6-167C-7C6C-67EC-10A74CD6742A</referredKeyID>
<mandatory>true</mandatory>
<refColNames>id_afp</refColNames>
<transferable>true</transferable>
<rely>false</rely>
<columnDependencyConstraintGenerateInDDL>true</columnDependencyConstraintGenerateInDDL>
</FKIndexAssociation>