<?xml version = '1.0' encoding = 'UTF-8'?>
<FKIndexAssociation class="oracle.dbtools.crest.model.design.relational.FKIndexAssociation" directorySegmentName="seg_0" id="BD68BA28-DE66-1F3C-23CA-E01B7D3FEC9D" containerWithKeyObject="D756ED2D-9CE4-59DB-6D2B-04551A312D15" localFKIndex="0661C559-C7D0-64E4-AC52-90D3FA86DAD8" name="MEDICO_INSTITUCION_SALUD_FK">
<createdBy>santo</createdBy>
<createdTime>2025-09-14 13:35:02 UTC</createdTime>
<generatorID>EBCE728C-3B5F-02CB-E724-5F85706D99F2</generatorID>
<ownerDesignName>semana5</ownerDesignName>
<referredTableLongName>INSTITUCION_SALUD</referredTableLongName>
<deleteRule>NO ACTION</deleteRule>
<referredTableID>ABECCCED-52C7-81A2-FC04-52C7E6AAE2A8</referredTableID>
<keyObject>7DF441B4-8E9A-3E4E-4571-34580E8349F9</keyObject>
<referredKeyID>7DF441B4-8E9A-3E4E-4571-34580E8349F9</referredKeyID>
<mandatory>true</mandatory>
<refColNames>id_instituto</refColNames>
<transferable>true</transferable>
<rely>false</rely>
<columnDependencyConstraintGenerateInDDL>true</columnDependencyConstraintGenerateInDDL>
</FKIndexAssociation>