<?xml version = '1.0' encoding = 'UTF-8'?>
<FKIndexAssociation class="oracle.dbtools.crest.model.design.relational.FKIndexAssociation" directorySegmentName="seg_0" id="C40A9A37-2926-C3EB-F11C-09C2FD883957" containerWithKeyObject="2AF46CC4-4026-7455-363C-30C1737695A0" localFKIndex="50B5B10A-E92B-0F54-1E6E-E51B6C887864" name="ATENCION_MEDICA_PACIENTE_FK">
<createdBy>santo</createdBy>
<createdTime>2025-09-14 13:35:02 UTC</createdTime>
<generatorID>25827ED9-126D-A8C4-7D84-2824B051AC02</generatorID>
<ownerDesignName>semana5</ownerDesignName>
<referredTableLongName>PACIENTE</referredTableLongName>
<deleteRule>NO ACTION</deleteRule>
<referredTableID>797B7BC7-0AF7-1ADB-9B63-9744643A4CBD</referredTableID>
<keyObject>643CB282-E353-5A05-DE5D-6A2E9676190B</keyObject>
<referredKeyID>643CB282-E353-5A05-DE5D-6A2E9676190B</referredKeyID>
<mandatory>true</mandatory>
<refColNames>rut_paciente</refColNames>
<transferable>true</transferable>
<rely>false</rely>
<columnDependencyConstraintGenerateInDDL>true</columnDependencyConstraintGenerateInDDL>
</FKIndexAssociation>