<?xml version = '1.0' encoding = 'UTF-8'?>
<FKIndexAssociation class="oracle.dbtools.crest.model.design.relational.FKIndexAssociation" directorySegmentName="seg_0" id="D9F2485E-C662-2828-2EE7-44D4D95F0A9D" containerWithKeyObject="60EAED1F-B9DB-762F-D614-0D1177F40566" localFKIndex="CBC0BFAC-1475-0EE9-7E13-18C732769ED5" name="PAGO_ATENCION_DETALLE_PAGO_FK">
<createdBy>santo</createdBy>
<createdTime>2025-09-14 13:35:02 UTC</createdTime>
<generatorID>50B9AC32-EBED-A8D5-DA33-7281CFB8B7E5</generatorID>
<ownerDesignName>semana5</ownerDesignName>
<referredTableLongName>DETALLE_PAGO</referredTableLongName>
<deleteRule>NO ACTION</deleteRule>
<referredTableID>65D30062-3118-2EB5-9E99-F8238E8AD1FE</referredTableID>
<keyObject>15BFB6E6-DA64-0687-DC92-5A0D0CF53430</keyObject>
<referredKeyID>15BFB6E6-DA64-0687-DC92-5A0D0CF53430</referredKeyID>
<mandatory>true</mandatory>
<refColNames>id_detalle</refColNames>
<transferable>true</transferable>
<rely>false</rely>
<columnDependencyConstraintGenerateInDDL>true</columnDependencyConstraintGenerateInDDL>
</FKIndexAssociation>