<?xml version = '1.0' encoding = 'UTF-8'?>
<FKIndexAssociation class="oracle.dbtools.crest.model.design.relational.FKIndexAssociation" directorySegmentName="seg_0" id="DAB9BFB4-2253-5FDC-490E-EDB1AAD9A2FD" containerWithKeyObject="B512A8AD-0B79-C2C8-D8D4-7AD08C4250D2" localFKIndex="9E61C8C5-E6EE-C6DF-8A41-87DC1E30EB07" name="FK_EX_SOL_ATEN">
<createdBy>santo</createdBy>
<createdTime>2025-09-14 13:35:02 UTC</createdTime>
<generatorID>9E5AD13C-E4E7-2931-3349-5440C1783BC6</generatorID>
<ownerDesignName>semana5</ownerDesignName>
<referredTableLongName>ATENCION_MEDICA</referredTableLongName>
<deleteRule>NO ACTION</deleteRule>
<referredTableID>2AF46CC4-4026-7455-363C-30C1737695A0</referredTableID>
<keyObject>2115568E-437E-343E-60E8-7AEA73324AFC</keyObject>
<referredKeyID>2115568E-437E-343E-60E8-7AEA73324AFC</referredKeyID>
<mandatory>true</mandatory>
<refColNames>id_atencion</refColNames>
<transferable>true</transferable>
<rely>false</rely>
<columnDependencyConstraintGenerateInDDL>true</columnDependencyConstraintGenerateInDDL>
</FKIndexAssociation>