<?xml version = '1.0' encoding = 'UTF-8'?>
<FKIndexAssociation class="oracle.dbtools.crest.model.design.relational.FKIndexAssociation" directorySegmentName="seg_0" id="E4B8A41B-9E52-0E4E-4BBF-ED32DB6C4E10" containerWithKeyObject="2AF46CC4-4026-7455-363C-30C1737695A0" localFKIndex="55F6FED9-32EF-D3AF-041D-914EC65DF1F5" name="FK_ATEN_DETPAGO">
<createdBy>santo</createdBy>
<createdTime>2025-09-14 13:35:02 UTC</createdTime>
<generatorID>2A760102-E9B5-8037-956C-B69824DBA5D0</generatorID>
<ownerDesignName>semana5</ownerDesignName>
<referredTableLongName>DETALLE_PAGO</referredTableLongName>
<deleteRule>NO ACTION</deleteRule>
<referredTableID>65D30062-3118-2EB5-9E99-F8238E8AD1FE</referredTableID>
<keyObject>15BFB6E6-DA64-0687-DC92-5A0D0CF53430</keyObject>
<referredKeyID>15BFB6E6-DA64-0687-DC92-5A0D0CF53430</referredKeyID>
<mandatory>true</mandatory>
<refColNames>id_detalle</refColNames>
<transferable>true</transferable>
<rely>false</rely>
<columnDependencyConstraintGenerateInDDL>true</columnDependencyConstraintGenerateInDDL>
</FKIndexAssociation>