<?xml version = '1.0' encoding = 'UTF-8'?>
<FKIndexAssociation class="oracle.dbtools.crest.model.design.relational.FKIndexAssociation" directorySegmentName="seg_0" id="100D4E2E-9A07-EF14-AB61-A865B09D6252" containerWithKeyObject="D1322D96-48D9-7F6E-6926-A97675EDC4C8" localFKIndex="2960A6B9-A883-0053-64B2-1B127C612832" name="fk_jefe_empleado">
<sourceDDLFile>conexión_PRY2204_s9.sql</sourceDDLFile>
<createdBy>santo</createdBy>
<createdTime>2025-10-09 08:35:43 UTC</createdTime>
<ownerDesignName>Cristaleria_Andina_s9</ownerDesignName>
<referredTableLongName>empleado</referredTableLongName>
<deleteRule>NO ACTION</deleteRule>
<referredTableID>6E0AD3D5-F50C-3647-E89C-75478E985910</referredTableID>
<keyObject>3C001DD0-69A0-DCBC-9C97-86978B08841B</keyObject>
<referredKeyID>3C001DD0-69A0-DCBC-9C97-86978B08841B</referredKeyID>
<mandatory>true</mandatory>
<refColNames>id_empleado</refColNames>
<transferable>true</transferable>
<rely>false</rely>
<columnDependencyConstraintGenerateInDDL>true</columnDependencyConstraintGenerateInDDL>
</FKIndexAssociation>