<?xml version = '1.0' encoding = 'UTF-8'?>
<FKIndexAssociation class="oracle.dbtools.crest.model.design.relational.FKIndexAssociation" directorySegmentName="seg_0" id="21504E9A-0C06-AA0E-D3FD-B28C38AF6487" containerWithKeyObject="43B5BFAB-D2C2-4F51-FD41-A6E08A8AA67F" localFKIndex="74DDDA75-FF42-80E5-0182-CCA4D5A6BC51" name="fk_comuna_region">
<sourceDDLFile>conexión_PRY2204_s9.sql</sourceDDLFile>
<createdBy>santo</createdBy>
<createdTime>2025-10-09 08:35:43 UTC</createdTime>
<ownerDesignName>Cristaleria_Andina_s9</ownerDesignName>
<referredTableLongName>region</referredTableLongName>
<deleteRule>NO ACTION</deleteRule>
<referredTableID>069BFB98-B490-C2EA-DBE9-2A5BF926249A</referredTableID>
<keyObject>D9DBDDFA-5568-E81D-84DF-B1E26E77CE0C</keyObject>
<referredKeyID>D9DBDDFA-5568-E81D-84DF-B1E26E77CE0C</referredKeyID>
<mandatory>true</mandatory>
<refColNames>id_region</refColNames>
<transferable>true</transferable>
<rely>false</rely>
<columnDependencyConstraintGenerateInDDL>true</columnDependencyConstraintGenerateInDDL>
</FKIndexAssociation>