<?xml version = '1.0' encoding = 'UTF-8'?>
<FKIndexAssociation class="oracle.dbtools.crest.model.design.relational.FKIndexAssociation" directorySegmentName="seg_0" id="2501A605-B09C-79F6-B0E2-6BE9CDA77242" containerWithKeyObject="386ECF64-654F-992C-704A-59E36B26BEB8" localFKIndex="E0DB273B-AB07-20D0-EE8A-95BC3F877DAB" name="fk_asig_maquina">
<sourceDDLFile>conexión_PRY2204_s9.sql</sourceDDLFile>
<createdBy>santo</createdBy>
<createdTime>2025-10-09 08:35:43 UTC</createdTime>
<ownerDesignName>Cristaleria_Andina_s9</ownerDesignName>
<referredTableLongName>maquina</referredTableLongName>
<deleteRule>NO ACTION</deleteRule>
<referredTableID>2361FA8D-398F-39FF-1FCA-4AF8FC31D6FF</referredTableID>
<keyObject>0385E548-1988-6C90-A369-0EF9591AECB2</keyObject>
<referredKeyID>0385E548-1988-6C90-A369-0EF9591AECB2</referredKeyID>
<mandatory>true</mandatory>
<refColNames>id_maquina,id_planta</refColNames>
<transferable>true</transferable>
<rely>false</rely>
<columnDependencyConstraintGenerateInDDL>true</columnDependencyConstraintGenerateInDDL>
</FKIndexAssociation>