<?xml version = '1.0' encoding = 'UTF-8'?>
<FKIndexAssociation class="oracle.dbtools.crest.model.design.relational.FKIndexAssociation" directorySegmentName="seg_0" id="366FE5FC-29CE-A206-93D1-6B1FC1D7D488" containerWithKeyObject="6E0AD3D5-F50C-3647-E89C-75478E985910" localFKIndex="BF1AED8B-00F1-8DA7-A190-653BC5D72308" name="fk_empleado_planta">
<sourceDDLFile>conexión_PRY2204_s9.sql</sourceDDLFile>
<createdBy>santo</createdBy>
<createdTime>2025-10-09 08:35:43 UTC</createdTime>
<ownerDesignName>Cristaleria_Andina_s9</ownerDesignName>
<referredTableLongName>planta</referredTableLongName>
<deleteRule>NO ACTION</deleteRule>
<referredTableID>0E94A929-89C6-E877-BA9A-847C0D9A898A</referredTableID>
<keyObject>4C9879F7-87CC-7DBE-AAC2-B4B2A281648E</keyObject>
<referredKeyID>4C9879F7-87CC-7DBE-AAC2-B4B2A281648E</referredKeyID>
<mandatory>true</mandatory>
<refColNames>id_planta</refColNames>
<transferable>true</transferable>
<rely>false</rely>
<columnDependencyConstraintGenerateInDDL>true</columnDependencyConstraintGenerateInDDL>
</FKIndexAssociation>