<?xml version = '1.0' encoding = 'UTF-8'?>
<FKIndexAssociation class="oracle.dbtools.crest.model.design.relational.FKIndexAssociation" directorySegmentName="seg_0" id="5A3239EB-DD26-344F-0478-26A944630B49" containerWithKeyObject="2361FA8D-398F-39FF-1FCA-4AF8FC31D6FF" localFKIndex="F1632B04-9823-7DB9-C52B-EB5A32625DE7" name="fk_maquina_tipo">
<sourceDDLFile>conexión_PRY2204_s9.sql</sourceDDLFile>
<createdBy>santo</createdBy>
<createdTime>2025-10-09 08:35:43 UTC</createdTime>
<ownerDesignName>Cristaleria_Andina_s9</ownerDesignName>
<referredTableLongName>tipo_maquina</referredTableLongName>
<deleteRule>NO ACTION</deleteRule>
<referredTableID>2353836E-8727-E177-C3C4-53DD1A07273E</referredTableID>
<keyObject>6298FBE3-8773-908C-A126-DCA3421AD0A1</keyObject>
<referredKeyID>6298FBE3-8773-908C-A126-DCA3421AD0A1</referredKeyID>
<mandatory>true</mandatory>
<refColNames>id_tipo</refColNames>
<transferable>true</transferable>
<rely>false</rely>
<columnDependencyConstraintGenerateInDDL>true</columnDependencyConstraintGenerateInDDL>
</FKIndexAssociation>