<?xml version = '1.0' encoding = 'UTF-8'?>
<FKIndexAssociation class="oracle.dbtools.crest.model.design.relational.FKIndexAssociation" directorySegmentName="seg_0" id="6FCF40EF-CA01-A3C9-C7F5-8BA39C66841B" containerWithKeyObject="6E0AD3D5-F50C-3647-E89C-75478E985910" localFKIndex="4EF28AAC-7CAB-5D27-F300-8A5BAE9F676D" name="fk_empleado_afp">
<sourceDDLFile>conexión_PRY2204_s9.sql</sourceDDLFile>
<createdBy>santo</createdBy>
<createdTime>2025-10-09 08:35:43 UTC</createdTime>
<ownerDesignName>Cristaleria_Andina_s9</ownerDesignName>
<referredTableLongName>afp</referredTableLongName>
<deleteRule>NO ACTION</deleteRule>
<referredTableID>89BD5A4A-18D2-55F8-53A1-6617A02B4CD8</referredTableID>
<keyObject>70B410C9-07F5-E38B-27ED-B1CB9AFF343D</keyObject>
<referredKeyID>70B410C9-07F5-E38B-27ED-B1CB9AFF343D</referredKeyID>
<mandatory>true</mandatory>
<refColNames>id_afp</refColNames>
<transferable>true</transferable>
<rely>false</rely>
<columnDependencyConstraintGenerateInDDL>true</columnDependencyConstraintGenerateInDDL>
</FKIndexAssociation>