<?xml version = '1.0' encoding = 'UTF-8'?>
<FKIndexAssociation class="oracle.dbtools.crest.model.design.relational.FKIndexAssociation" directorySegmentName="seg_0" id="83F43EF0-4460-9315-85A8-422BAD511113" containerWithKeyObject="386ECF64-654F-992C-704A-59E36B26BEB8" localFKIndex="C1D10BB8-0BEB-6E86-0509-B5D0C0EF0839" name="fk_asig_turno">
<sourceDDLFile>conexión_PRY2204_s9.sql</sourceDDLFile>
<createdBy>santo</createdBy>
<createdTime>2025-10-09 08:35:43 UTC</createdTime>
<ownerDesignName>Cristaleria_Andina_s9</ownerDesignName>
<referredTableLongName>turno</referredTableLongName>
<deleteRule>NO ACTION</deleteRule>
<referredTableID>EA29FC13-5AC8-6BC4-3A2F-6FDC0609D57C</referredTableID>
<keyObject>4AC6860A-4F1F-CB6D-93F8-EF3554FF41B8</keyObject>
<referredKeyID>4AC6860A-4F1F-CB6D-93F8-EF3554FF41B8</referredKeyID>
<mandatory>true</mandatory>
<refColNames>id_turno</refColNames>
<transferable>true</transferable>
<rely>false</rely>
<columnDependencyConstraintGenerateInDDL>true</columnDependencyConstraintGenerateInDDL>
</FKIndexAssociation>