<?xml version = '1.0' encoding = 'UTF-8'?>
<FKIndexAssociation class="oracle.dbtools.crest.model.design.relational.FKIndexAssociation" directorySegmentName="seg_0" id="9377BA7F-BC28-BB80-BCDC-3F037BC479ED" containerWithKeyObject="93D2CB78-4818-598D-80E4-1F15C254CD3D" localFKIndex="330F76AA-024E-C14C-16FB-1A571423A57E" name="fk_orden_tecnico">
<sourceDDLFile>conexión_PRY2204_s9.sql</sourceDDLFile>
<createdBy>santo</createdBy>
<createdTime>2025-10-09 08:35:43 UTC</createdTime>
<ownerDesignName>Cristaleria_Andina_s9</ownerDesignName>
<referredTableLongName>tecnico</referredTableLongName>
<deleteRule>NO ACTION</deleteRule>
<referredTableID>F2861633-83C1-5D48-271B-E11598FD55B8</referredTableID>
<keyObject>B74391E6-2473-9D7E-422A-C4D0B6BE6782</keyObject>
<referredKeyID>B74391E6-2473-9D7E-422A-C4D0B6BE6782</referredKeyID>
<mandatory>true</mandatory>
<refColNames>id_empleado</refColNames>
<transferable>true</transferable>
<rely>false</rely>
<columnDependencyConstraintGenerateInDDL>true</columnDependencyConstraintGenerateInDDL>
</FKIndexAssociation>