<?xml version = '1.0' encoding = 'UTF-8'?>
<FKIndexAssociation class="oracle.dbtools.crest.model.design.relational.FKIndexAssociation" directorySegmentName="seg_0" id="99F0E285-2B23-E8B3-D7C7-8A4DABF7E6BB" containerWithKeyObject="93D2CB78-4818-598D-80E4-1F15C254CD3D" localFKIndex="988A9EE4-07A1-3850-D23F-D42F136CD7AC" name="fk_orden_maquina">
<sourceDDLFile>conexión_PRY2204_s9.sql</sourceDDLFile>
<createdBy>santo</createdBy>
<createdTime>2025-10-09 08:35:43 UTC</createdTime>
<ownerDesignName>Cristaleria_Andina_s9</ownerDesignName>
<referredTableLongName>maquina</referredTableLongName>
<deleteRule>NO ACTION</deleteRule>
<referredTableID>2361FA8D-398F-39FF-1FCA-4AF8FC31D6FF</referredTableID>
<keyObject>0385E548-1988-6C90-A369-0EF9591AECB2</keyObject>
<referredKeyID>0385E548-1988-6C90-A369-0EF9591AECB2</referredKeyID>
<mandatory>true</mandatory>
<refColNames>id_maquina,id_planta</refColNames>
<transferable>true</transferable>
<rely>false</rely>
<columnDependencyConstraintGenerateInDDL>true</columnDependencyConstraintGenerateInDDL>
</FKIndexAssociation>