<?xml version = '1.0' encoding = 'UTF-8'?>
<FKIndexAssociation class="oracle.dbtools.crest.model.design.relational.FKIndexAssociation" directorySegmentName="seg_0" id="9F0FFAEC-370D-DD3A-EF8F-D1F9F9BFF577" containerWithKeyObject="F2861633-83C1-5D48-271B-E11598FD55B8" localFKIndex="B650A374-6B3E-D627-2865-C2C8AF5A4EA5" name="fk_tecnico_empleado">
<sourceDDLFile>conexión_PRY2204_s9.sql</sourceDDLFile>
<createdBy>santo</createdBy>
<createdTime>2025-10-09 08:35:43 UTC</createdTime>
<ownerDesignName>Cristaleria_Andina_s9</ownerDesignName>
<referredTableLongName>empleado</referredTableLongName>
<deleteRule>NO ACTION</deleteRule>
<referredTableID>6E0AD3D5-F50C-3647-E89C-75478E985910</referredTableID>
<keyObject>3C001DD0-69A0-DCBC-9C97-86978B08841B</keyObject>
<referredKeyID>3C001DD0-69A0-DCBC-9C97-86978B08841B</referredKeyID>
<mandatory>true</mandatory>
<refColNames>id_empleado</refColNames>
<transferable>true</transferable>
<rely>false</rely>
<columnDependencyConstraintGenerateInDDL>true</columnDependencyConstraintGenerateInDDL>
</FKIndexAssociation>