<?xml version = '1.0' encoding = 'UTF-8'?>
<FKIndexAssociation class="oracle.dbtools.crest.model.design.relational.FKIndexAssociation" directorySegmentName="seg_0" id="AABEB8E0-3F71-6D12-4E3F-C8902A9222BA" containerWithKeyObject="3B5DFEF0-B223-C91E-F6CA-BE551180F562" localFKIndex="4AA24BC4-5B31-B85C-DB51-9A842CFA599E" name="fk_operario_empleado">
<sourceDDLFile>conexión_PRY2204_s9.sql</sourceDDLFile>
<createdBy>santo</createdBy>
<createdTime>2025-10-09 08:35:43 UTC</createdTime>
<ownerDesignName>Cristaleria_Andina_s9</ownerDesignName>
<referredTableLongName>empleado</referredTableLongName>
<deleteRule>NO ACTION</deleteRule>
<referredTableID>6E0AD3D5-F50C-3647-E89C-75478E985910</referredTableID>
<keyObject>3C001DD0-69A0-DCBC-9C97-86978B08841B</keyObject>
<referredKeyID>3C001DD0-69A0-DCBC-9C97-86978B08841B</referredKeyID>
<mandatory>true</mandatory>
<refColNames>id_empleado</refColNames>
<transferable>true</transferable>
<rely>false</rely>
<columnDependencyConstraintGenerateInDDL>true</columnDependencyConstraintGenerateInDDL>
</FKIndexAssociation>