<?xml version = '1.0' encoding = 'UTF-8'?>
<FKIndexAssociation class="oracle.dbtools.crest.model.design.relational.FKIndexAssociation" directorySegmentName="seg_0" id="BBAF214E-FD87-0C03-59AC-921682603149" containerWithKeyObject="386ECF64-654F-992C-704A-59E36B26BEB8" localFKIndex="21D2E46F-17A7-0BC1-477D-1DC312A19C16" name="fk_asig_empleado">
<sourceDDLFile>conexión_PRY2204_s9.sql</sourceDDLFile>
<createdBy>santo</createdBy>
<createdTime>2025-10-09 08:35:43 UTC</createdTime>
<ownerDesignName>Cristaleria_Andina_s9</ownerDesignName>
<referredTableLongName>empleado</referredTableLongName>
<deleteRule>NO ACTION</deleteRule>
<referredTableID>6E0AD3D5-F50C-3647-E89C-75478E985910</referredTableID>
<keyObject>3C001DD0-69A0-DCBC-9C97-86978B08841B</keyObject>
<referredKeyID>3C001DD0-69A0-DCBC-9C97-86978B08841B</referredKeyID>
<mandatory>true</mandatory>
<refColNames>id_empleado</refColNames>
<transferable>true</transferable>
<rely>false</rely>
<columnDependencyConstraintGenerateInDDL>true</columnDependencyConstraintGenerateInDDL>
</FKIndexAssociation>