<?xml version = '1.0' encoding = 'UTF-8'?>
<FKIndexAssociation class="oracle.dbtools.crest.model.design.relational.FKIndexAssociation" directorySegmentName="seg_0" id="C11E26F8-924D-1CC5-3F4B-C6C5249EE5E0" containerWithKeyObject="2361FA8D-398F-39FF-1FCA-4AF8FC31D6FF" localFKIndex="9272D64B-69E5-C144-3028-C1FDB08F2307" name="fk_maquina_planta">
<sourceDDLFile>conexión_PRY2204_s9.sql</sourceDDLFile>
<createdBy>santo</createdBy>
<createdTime>2025-10-09 08:35:43 UTC</createdTime>
<ownerDesignName>Cristaleria_Andina_s9</ownerDesignName>
<referredTableLongName>planta</referredTableLongName>
<deleteRule>NO ACTION</deleteRule>
<referredTableID>0E94A929-89C6-E877-BA9A-847C0D9A898A</referredTableID>
<keyObject>4C9879F7-87CC-7DBE-AAC2-B4B2A281648E</keyObject>
<referredKeyID>4C9879F7-87CC-7DBE-AAC2-B4B2A281648E</referredKeyID>
<mandatory>true</mandatory>
<refColNames>id_planta</refColNames>
<transferable>true</transferable>
<rely>false</rely>
<columnDependencyConstraintGenerateInDDL>true</columnDependencyConstraintGenerateInDDL>
</FKIndexAssociation>