<?xml version = '1.0' encoding = 'UTF-8'?>
<FKIndexAssociation class="oracle.dbtools.crest.model.design.relational.FKIndexAssociation" directorySegmentName="seg_0" id="CA457674-18FF-9AE3-5A62-77DE0B192FBB" containerWithKeyObject="6E0AD3D5-F50C-3647-E89C-75478E985910" localFKIndex="F9678B8D-393F-47A6-B037-4071315F6631" name="fk_empleado_salud">
<sourceDDLFile>conexión_PRY2204_s9.sql</sourceDDLFile>
<createdBy>santo</createdBy>
<createdTime>2025-10-09 08:35:43 UTC</createdTime>
<ownerDesignName>Cristaleria_Andina_s9</ownerDesignName>
<referredTableLongName>salud</referredTableLongName>
<deleteRule>NO ACTION</deleteRule>
<referredTableID>5C469D76-ABF1-57A4-5307-58422FB3C0A7</referredTableID>
<keyObject>DA6D10EA-820D-7983-6376-F09751F344DC</keyObject>
<referredKeyID>DA6D10EA-820D-7983-6376-F09751F344DC</referredKeyID>
<mandatory>true</mandatory>
<refColNames>id_salud</refColNames>
<transferable>true</transferable>
<rely>false</rely>
<columnDependencyConstraintGenerateInDDL>true</columnDependencyConstraintGenerateInDDL>
</FKIndexAssociation>