<?xml version = '1.0' encoding = 'UTF-8'?>
<FKIndexAssociation class="oracle.dbtools.crest.model.design.relational.FKIndexAssociation" directorySegmentName="seg_0" id="E942A83B-FB37-52FC-AB6C-5C4A686BC4B4" containerWithKeyObject="6E0AD3D5-F50C-3647-E89C-75478E985910" localFKIndex="5E0521DF-51AC-0B97-F860-F443597F0F2A" name="fk_empleado_jefe">
<sourceDDLFile>conexión_PRY2204_s9.sql</sourceDDLFile>
<createdBy>santo</createdBy>
<createdTime>2025-10-09 08:35:43 UTC</createdTime>
<ownerDesignName>Cristaleria_Andina_s9</ownerDesignName>
<referredTableLongName>empleado</referredTableLongName>
<deleteRule>NO ACTION</deleteRule>
<referredTableID>6E0AD3D5-F50C-3647-E89C-75478E985910</referredTableID>
<keyObject>3C001DD0-69A0-DCBC-9C97-86978B08841B</keyObject>
<referredKeyID>3C001DD0-69A0-DCBC-9C97-86978B08841B</referredKeyID>
<mandatory>false</mandatory>
<refColNames>id_empleado</refColNames>
<transferable>true</transferable>
<rely>false</rely>
<columnDependencyConstraintGenerateInDDL>true</columnDependencyConstraintGenerateInDDL>
</FKIndexAssociation>