<?xml version = '1.0' encoding = 'UTF-8'?>
<FKIndexAssociation class="oracle.dbtools.crest.model.design.relational.FKIndexAssociation" directorySegmentName="seg_0" id="FA681F0E-5792-05A4-37D9-F86D0A15E6E6" containerWithKeyObject="0E94A929-89C6-E877-BA9A-847C0D9A898A" localFKIndex="05A7FEFC-C5B6-7D9A-712F-94F3DF470D65" name="fk_planta_comuna">
<sourceDDLFile>conexión_PRY2204_s9.sql</sourceDDLFile>
<createdBy>santo</createdBy>
<createdTime>2025-10-09 08:35:43 UTC</createdTime>
<ownerDesignName>Cristaleria_Andina_s9</ownerDesignName>
<referredTableLongName>comuna</referredTableLongName>
<deleteRule>NO ACTION</deleteRule>
<referredTableID>43B5BFAB-D2C2-4F51-FD41-A6E08A8AA67F</referredTableID>
<keyObject>6C256D11-168D-F0C9-C4DB-C45459E6AF72</keyObject>
<referredKeyID>6C256D11-168D-F0C9-C4DB-C45459E6AF72</referredKeyID>
<mandatory>true</mandatory>
<refColNames>id_comuna</refColNames>
<transferable>true</transferable>
<rely>false</rely>
<columnDependencyConstraintGenerateInDDL>true</columnDependencyConstraintGenerateInDDL>
</FKIndexAssociation>