<?xml version = '1.0' encoding = 'UTF-8'?>
<Diagram class="oracle.dbtools.crest.swingui.logical.DPVLogical" name="Logical" id="DB3448D3-7C21-AFE5-1557-ABB122CB7E04">
<createdBy>santo</createdBy>
<modifiedBy>santo</modifiedBy>
<createdTime>2025-08-25 09:43:12 UTC</createdTime>
<autoRoute>false</autoRoute>
<boxInbox>true</boxInbox>
<showLegend>false</showLegend>
<showLabels>false</showLabels>
<showRelAttributes>false</showRelAttributes>
<gridEnabled>false</gridEnabled>
<showGrid>false</showGrid>
<diagramColor>-1</diagramColor>
<display>false</display>
<notation>0</notation>
<objectViews>
<OView class="oracle.dbtools.crest.swingui.logical.TVEntity" oid="1383441D-993E-051B-91E5-A88D2CEADB2B" otype="Entity" vid="5A78C723-E16D-8663-3E50-172214BF4BAC">
<hideElementsInCurrentOnly>false</hideElementsInCurrentOnly>
<bounds x="291" y="42" width="191" height="172"/>
</OView>
<OView class="oracle.dbtools.crest.swingui.logical.TVEntity" oid="13EEDD17-DC34-BCE9-064E-00BE3A67CFEA" otype="Entity" vid="32C95DF6-62CB-BDD5-A32B-DF3B2E1E8483">
<hideElementsInCurrentOnly>false</hideElementsInCurrentOnly>
<bounds x="842" y="61" width="207" height="122"/>
</OView>
<OView class="oracle.dbtools.crest.swingui.logical.TVEntity" oid="7D390370-7C9A-8A07-F1A6-1AFF0E0D89F7" otype="Entity" vid="7B73A694-6994-306D-E959-462502D03827">
<hideElementsInCurrentOnly>false</hideElementsInCurrentOnly>
<bounds x="600" y="304" width="207" height="128"/>
</OView>
<OView class="oracle.dbtools.crest.swingui.logical.TVEntity" oid="9AE2DCFE-D0A2-57D4-EB4D-8DA8A084D769" otype="Entity" vid="ABB76949-B237-F2E4-255B-C39ED80ED50C">
<hideElementsInCurrentOnly>false</hideElementsInCurrentOnly>
<bounds x="550" y="57" width="189" height="129"/>
</OView>
<OView class="oracle.dbtools.crest.swingui.logical.TVEntity" oid="FCACFB13-515D-2C8F-986F-C22C8679272C" otype="Entity" vid="B7A41F64-EC77-07C9-2BBB-E2C747E15483">
<hideElementsInCurrentOnly>false</hideElementsInCurrentOnly>
<bounds x="39" y="66" width="170" height="110"/>
</OView>
<OView class="oracle.dbtools.crest.swingui.logical.TVEntity" oid="FD0F9A98-0708-E54D-1214-7E7292795C98" otype="Entity" vid="9C429189-D3E9-8366-7245-889845E21629">
<hideElementsInCurrentOnly>false</hideElementsInCurrentOnly>
<bounds x="294" y="284" width="208" height="176"/>
</OView>
</objectViews>
<connectors>
<Connector class="oracle.dbtools.crest.swingui.logical.TVRelation" oid="8D6DA392-37EE-BA09-57A9-B2213AC990D7" otype="Relation" vid_source="B7A41F64-EC77-07C9-2BBB-E2C747E15483" vid_target="5A78C723-E16D-8663-3E50-172214BF4BAC">
<hideElementsInCurrentOnly>false</hideElementsInCurrentOnly>
<backgroundColor>-16777216</backgroundColor>
<lineWidth>1</lineWidth>
<points>
<point x="209" y="121"/>
<point x="291" y="121"/>
</points>
</Connector>
<Connector class="oracle.dbtools.crest.swingui.logical.TVRelation" oid="AE33CE21-C69F-7225-5AC6-80B5B3A1A9A4" otype="Relation" vid_source="9C429189-D3E9-8366-7245-889845E21629" vid_target="5A78C723-E16D-8663-3E50-172214BF4BAC">
<hideElementsInCurrentOnly>false</hideElementsInCurrentOnly>
<backgroundColor>-16777216</backgroundColor>
<lineWidth>1</lineWidth>
<points>
<point x="388" y="284"/>
<point x="388" y="214"/>
</points>
</Connector>
<Connector class="oracle.dbtools.crest.swingui.logical.TVRelation" oid="C4B04193-6771-01CA-F8FE-35564A5B35BF" otype="Relation" vid_source="32C95DF6-62CB-BDD5-A32B-DF3B2E1E8483" vid_target="7B73A694-6994-306D-E959-462502D03827">
<hideElementsInCurrentOnly>false</hideElementsInCurrentOnly>
<backgroundColor>-16777216</backgroundColor>
<lineWidth>1</lineWidth>
<points>
<point x="885" y="183"/>
<point x="766" y="304"/>
</points>
</Connector>
<Connector class="oracle.dbtools.crest.swingui.logical.TVRelation" oid="C4CD1D16-E991-ECFE-E434-0F1E3ABC0472" otype="Relation" vid_source="32C95DF6-62CB-BDD5-A32B-DF3B2E1E8483" vid_target="ABB76949-B237-F2E4-255B-C39ED80ED50C">
<hideElementsInCurrentOnly>false</hideElementsInCurrentOnly>
<backgroundColor>-16777216</backgroundColor>
<lineWidth>1</lineWidth>
<points>
<point x="842" y="122"/>
<point x="739" y="122"/>
</points>
</Connector>
<Connector class="oracle.dbtools.crest.swingui.logical.TVRelation" oid="DAA4CC66-B591-7823-4F3D-26F4C229A771" otype="Relation" vid_source="5A78C723-E16D-8663-3E50-172214BF4BAC" vid_target="ABB76949-B237-F2E4-255B-C39ED80ED50C">
<hideElementsInCurrentOnly>false</hideElementsInCurrentOnly>
<backgroundColor>-16777216</backgroundColor>
<lineWidth>1</lineWidth>
<points>
<point x="482" y="121"/>
<point x="550" y="121"/>
</points>
</Connector>
</connectors>
</Diagram>