<?xml version = '1.0' encoding = 'UTF-8'?>
<Table class="oracle.dbtools.crest.model.design.relational.Table" directorySegmentName="seg_0" id="2361FA8D-398F-39FF-1FCA-4AF8FC31D6FF" name="maquina">
<sourceDDLFile>conexión_PRY2204_s9.sql</sourceDDLFile>
<createdBy>santo</createdBy>
<createdTime>2025-10-09 08:35:43 UTC</createdTime>
<ownerDesignName>Cristaleria_Andina_s9</ownerDesignName>
<allowColumnReorder>false</allowColumnReorder>
<existDependencyGenerateInDDl>true</existDependencyGenerateInDDl>
<parsed>true</parsed>
<columns itemClass="oracle.dbtools.crest.model.design.relational.Column">
<Column name="id_maquina" id="39758F13-6250-44DE-9C23-EBFA97E99625">
<sourceDDLFile>conexión_PRY2204_s9.sql</sourceDDLFile>
<createdBy>santo</createdBy>
<createdTime>2025-10-09 08:35:43 UTC</createdTime>
<ownerDesignName>Cristaleria_Andina_s9</ownerDesignName>
<use>0</use>
<logicalDatatype>LOGDT011</logicalDatatype>
<domain>B3907C30-B875-E23C-307D-029E4D528119</domain>
<ownDataTypeParameters>,,</ownDataTypeParameters>
<autoIncrementCycle>false</autoIncrementCycle>
</Column>
<Column name="id_planta" id="A301F989-D3D6-3ECF-6985-EEFD45D7B91A">
<sourceDDLFile>conexión_PRY2204_s9.sql</sourceDDLFile>
<createdBy>santo</createdBy>
<createdTime>2025-10-09 08:35:43 UTC</createdTime>
<ownerDesignName>Cristaleria_Andina_s9</ownerDesignName>
<use>0</use>
<logicalDatatype>LOGDT011</logicalDatatype>
<domain>B3907C30-B875-E23C-307D-029E4D528119</domain>
<ownDataTypeParameters>,,</ownDataTypeParameters>
<autoIncrementCycle>false</autoIncrementCycle>
<associations>
<colAssociation fkAssociation="C11E26F8-924D-1CC5-3F4B-C6C5249EE5E0" referredColumn="9403E7A5-EF1B-267F-2F70-A6EF772B4BFD"/>
</associations>
</Column>
<Column name="nombre" id="7A8FAC26-7A74-9B35-0AD0-2242D9A41886">
<sourceDDLFile>conexión_PRY2204_s9.sql</sourceDDLFile>
<createdBy>santo</createdBy>
<createdTime>2025-10-09 08:35:43 UTC</createdTime>
<ownerDesignName>Cristaleria_Andina_s9</ownerDesignName>
<use>0</use>
<logicalDatatype>LOGDT024</logicalDatatype>
<domain>1BD1584E-2DFB-AA19-ADAF-79C4E8762717</domain>
<ownDataTypeParameters>,,</ownDataTypeParameters>
<autoIncrementCycle>false</autoIncrementCycle>
</Column>
<Column name="estado_activo" id="78BEC4E6-B56D-FA8F-1C47-01B2126C124F">
<sourceDDLFile>conexión_PRY2204_s9.sql</sourceDDLFile>
<createdBy>santo</createdBy>
<createdTime>2025-10-09 08:35:43 UTC</createdTime>
<ownerDesignName>Cristaleria_Andina_s9</ownerDesignName>
<constraintName>ck_maquina_estado</constraintName>
<useDomainConstraints>false</useDomainConstraints>
<use>0</use>
<logicalDatatype>LOGDT025</logicalDatatype>
<domain>DACC2B2B-A3F9-DBAB-9D20-CC334BFA6753</domain>
<listOfValues>
<valueDef value="N" description=""/>
<valueDef value="S" description=""/>
</listOfValues>
<defaultValue>&apos;S&apos;</defaultValue>
<ownDataTypeParameters>,,</ownDataTypeParameters>
<autoIncrementCycle>false</autoIncrementCycle>
</Column>
<Column name="tipo_id" id="7A91A975-9DE6-9406-1AFA-D5C622031649">
<sourceDDLFile>conexión_PRY2204_s9.sql</sourceDDLFile>
<createdBy>santo</createdBy>
<createdTime>2025-10-09 08:35:43 UTC</createdTime>
<ownerDesignName>Cristaleria_Andina_s9</ownerDesignName>
<use>0</use>
<logicalDatatype>LOGDT011</logicalDatatype>
<domain>B3907C30-B875-E23C-307D-029E4D528119</domain>
<ownDataTypeParameters>,,</ownDataTypeParameters>
<autoIncrementCycle>false</autoIncrementCycle>
<associations>
<colAssociation fkAssociation="5A3239EB-DD26-344F-0478-26A944630B49" referredColumn="5EF048F0-B9F6-9071-1662-F0CB6176D9A2"/>
</associations>
</Column>
</columns>
<indexes itemClass="oracle.dbtools.crest.model.design.relational.Index">
<ind_PK_UK id="0385E548-1988-6C90-A369-0EF9591AECB2" name="pk_maquina">
<sourceDDLFile>conexión_PRY2204_s9.sql</sourceDDLFile>
<createdBy>santo</createdBy>
<createdTime>2025-10-09 08:35:43 UTC</createdTime>
<ownerDesignName>Cristaleria_Andina_s9</ownerDesignName>
<pk>true</pk>
<indexState>Primary Constraint</indexState>
<isSurrogateKey>false</isSurrogateKey>
<indexColumnUsage>
<colUsage columnID="39758F13-6250-44DE-9C23-EBFA97E99625"/>
<colUsage columnID="A301F989-D3D6-3ECF-6985-EEFD45D7B91A"/>
</indexColumnUsage>
</ind_PK_UK>
<ind_PK_UK id="9272D64B-69E5-C144-3028-C1FDB08F2307" name="fk_maquina_planta">
<createdBy>santo</createdBy>
<createdTime>2025-10-09 08:35:43 UTC</createdTime>
<ownerDesignName>Cristaleria_Andina_s9</ownerDesignName>
<indexState>Foreign Key</indexState>
<isSurrogateKey>false</isSurrogateKey>
<indexColumnUsage>
<colUsage columnID="A301F989-D3D6-3ECF-6985-EEFD45D7B91A"/>
</indexColumnUsage>
</ind_PK_UK>
<ind_PK_UK id="F1632B04-9823-7DB9-C52B-EB5A32625DE7" name="fk_maquina_tipo">
<createdBy>santo</createdBy>
<createdTime>2025-10-09 08:35:43 UTC</createdTime>
<ownerDesignName>Cristaleria_Andina_s9</ownerDesignName>
<indexState>Foreign Key</indexState>
<isSurrogateKey>false</isSurrogateKey>
<indexColumnUsage>
<colUsage columnID="7A91A975-9DE6-9406-1AFA-D5C622031649"/>
</indexColumnUsage>
</ind_PK_UK>
</indexes>
</Table>