<?xml version = '1.0' encoding = 'UTF-8'?>
<Table class="oracle.dbtools.crest.model.design.relational.Table" directorySegmentName="seg_0" id="386ECF64-654F-992C-704A-59E36B26BEB8" name="asignacion_turno">
<sourceDDLFile>conexión_PRY2204_s9.sql</sourceDDLFile>
<createdBy>santo</createdBy>
<createdTime>2025-10-09 08:35:43 UTC</createdTime>
<ownerDesignName>Cristaleria_Andina_s9</ownerDesignName>
<allowColumnReorder>false</allowColumnReorder>
<existDependencyGenerateInDDl>true</existDependencyGenerateInDDl>
<parsed>true</parsed>
<columns itemClass="oracle.dbtools.crest.model.design.relational.Column">
<Column name="id_asignacion" id="CB065E2B-B39A-E9B3-8396-0DFC76FC2E6D">
<sourceDDLFile>conexión_PRY2204_s9.sql</sourceDDLFile>
<createdBy>santo</createdBy>
<createdTime>2025-10-09 08:35:43 UTC</createdTime>
<ownerDesignName>Cristaleria_Andina_s9</ownerDesignName>
<use>0</use>
<logicalDatatype>LOGDT011</logicalDatatype>
<domain>B3907C30-B875-E23C-307D-029E4D528119</domain>
<ownDataTypeParameters>,,</ownDataTypeParameters>
<autoIncrementCycle>false</autoIncrementCycle>
</Column>
<Column name="fecha" id="3FBCCD44-BF60-7CF1-48C4-9A0CD55DEAEB">
<sourceDDLFile>conexión_PRY2204_s9.sql</sourceDDLFile>
<createdBy>santo</createdBy>
<createdTime>2025-10-09 08:35:43 UTC</createdTime>
<ownerDesignName>Cristaleria_Andina_s9</ownerDesignName>
<use>0</use>
<logicalDatatype>LOGDT007</logicalDatatype>
<domain>7E6C5754-1172-DD3C-40C8-8B3C04188234</domain>
<ownDataTypeParameters>,,</ownDataTypeParameters>
<autoIncrementCycle>false</autoIncrementCycle>
</Column>
<Column name="empleado_id" id="B76146C0-7462-B3FF-1AA4-C454F18E3B25">
<sourceDDLFile>conexión_PRY2204_s9.sql</sourceDDLFile>
<createdBy>santo</createdBy>
<createdTime>2025-10-09 08:35:43 UTC</createdTime>
<ownerDesignName>Cristaleria_Andina_s9</ownerDesignName>
<use>0</use>
<logicalDatatype>LOGDT011</logicalDatatype>
<domain>B3907C30-B875-E23C-307D-029E4D528119</domain>
<ownDataTypeParameters>,,</ownDataTypeParameters>
<autoIncrementCycle>false</autoIncrementCycle>
<associations>
<colAssociation fkAssociation="BBAF214E-FD87-0C03-59AC-921682603149" referredColumn="510F9090-60D6-E7E7-696C-46B2F71597A3"/>
</associations>
</Column>
<Column name="turno_id" id="B939B04D-446A-7014-55CB-ED4705C9F07B">
<sourceDDLFile>conexión_PRY2204_s9.sql</sourceDDLFile>
<createdBy>santo</createdBy>
<createdTime>2025-10-09 08:35:43 UTC</createdTime>
<ownerDesignName>Cristaleria_Andina_s9</ownerDesignName>
<use>0</use>
<logicalDatatype>LOGDT024</logicalDatatype>
<domain>CED78202-AABA-5EA3-8061-AA1DE3C7DD85</domain>
<ownDataTypeParameters>,,</ownDataTypeParameters>
<autoIncrementCycle>false</autoIncrementCycle>
<associations>
<colAssociation fkAssociation="83F43EF0-4460-9315-85A8-422BAD511113" referredColumn="6C53D0C3-573F-AD01-CE5E-563E079948D8"/>
</associations>
</Column>
<Column name="maquina_id" id="E0803A7F-48E0-7A34-AB96-8AC4E2811DF5">
<sourceDDLFile>conexión_PRY2204_s9.sql</sourceDDLFile>
<createdBy>santo</createdBy>
<createdTime>2025-10-09 08:35:43 UTC</createdTime>
<ownerDesignName>Cristaleria_Andina_s9</ownerDesignName>
<use>0</use>
<logicalDatatype>LOGDT011</logicalDatatype>
<domain>B3907C30-B875-E23C-307D-029E4D528119</domain>
<ownDataTypeParameters>,,</ownDataTypeParameters>
<autoIncrementCycle>false</autoIncrementCycle>
<associations>
<colAssociation fkAssociation="2501A605-B09C-79F6-B0E2-6BE9CDA77242" referredColumn="39758F13-6250-44DE-9C23-EBFA97E99625"/>
</associations>
</Column>
<Column name="planta_id" id="A0371728-B7DE-C41A-449D-B0770A3C5CA0">
<sourceDDLFile>conexión_PRY2204_s9.sql</sourceDDLFile>
<createdBy>santo</createdBy>
<createdTime>2025-10-09 08:35:43 UTC</createdTime>
<ownerDesignName>Cristaleria_Andina_s9</ownerDesignName>
<use>0</use>
<logicalDatatype>LOGDT011</logicalDatatype>
<domain>B3907C30-B875-E23C-307D-029E4D528119</domain>
<ownDataTypeParameters>,,</ownDataTypeParameters>
<autoIncrementCycle>false</autoIncrementCycle>
<associations>
<colAssociation fkAssociation="2501A605-B09C-79F6-B0E2-6BE9CDA77242" referredColumn="A301F989-D3D6-3ECF-6985-EEFD45D7B91A"/>
</associations>
</Column>
<Column name="rol" id="CD20F053-69F1-CFE3-1756-471B1DF84CC8">
<sourceDDLFile>conexión_PRY2204_s9.sql</sourceDDLFile>
<createdBy>santo</createdBy>
<createdTime>2025-10-09 08:35:43 UTC</createdTime>
<ownerDesignName>Cristaleria_Andina_s9</ownerDesignName>
<use>0</use>
<logicalDatatype>LOGDT024</logicalDatatype>
<domain>2664181D-7F7D-9643-6BAA-07A15BD3A450</domain>
<ownDataTypeParameters>,,</ownDataTypeParameters>
<autoIncrementCycle>false</autoIncrementCycle>
</Column>
</columns>
<indexes itemClass="oracle.dbtools.crest.model.design.relational.Index">
<ind_PK_UK id="D6C63DCE-A3FE-FE0B-4264-E14EE8ABCF50" name="pk_asignacion">
<sourceDDLFile>conexión_PRY2204_s9.sql</sourceDDLFile>
<createdBy>santo</createdBy>
<createdTime>2025-10-09 08:35:43 UTC</createdTime>
<ownerDesignName>Cristaleria_Andina_s9</ownerDesignName>
<pk>true</pk>
<indexState>Primary Constraint</indexState>
<isSurrogateKey>false</isSurrogateKey>
<indexColumnUsage>
<colUsage columnID="CB065E2B-B39A-E9B3-8396-0DFC76FC2E6D"/>
</indexColumnUsage>
</ind_PK_UK>
<ind_PK_UK id="63494475-BA45-5871-1126-F102C8973815" name="unq_asignacion_diaria">
<sourceDDLFile>conexión_PRY2204_s9.sql</sourceDDLFile>
<createdBy>santo</createdBy>
<createdTime>2025-10-09 08:35:43 UTC</createdTime>
<ownerDesignName>Cristaleria_Andina_s9</ownerDesignName>
<indexState>Unique Constraint</indexState>
<isSurrogateKey>false</isSurrogateKey>
<indexColumnUsage>
<colUsage columnID="3FBCCD44-BF60-7CF1-48C4-9A0CD55DEAEB"/>
<colUsage columnID="B76146C0-7462-B3FF-1AA4-C454F18E3B25"/>
</indexColumnUsage>
</ind_PK_UK>
<ind_PK_UK id="21D2E46F-17A7-0BC1-477D-1DC312A19C16" name="fk_asig_empleado">
<createdBy>santo</createdBy>
<createdTime>2025-10-09 08:35:43 UTC</createdTime>
<ownerDesignName>Cristaleria_Andina_s9</ownerDesignName>
<indexState>Foreign Key</indexState>
<isSurrogateKey>false</isSurrogateKey>
<indexColumnUsage>
<colUsage columnID="B76146C0-7462-B3FF-1AA4-C454F18E3B25"/>
</indexColumnUsage>
</ind_PK_UK>
<ind_PK_UK id="C1D10BB8-0BEB-6E86-0509-B5D0C0EF0839" name="fk_asig_turno">
<createdBy>santo</createdBy>
<createdTime>2025-10-09 08:35:43 UTC</createdTime>
<ownerDesignName>Cristaleria_Andina_s9</ownerDesignName>
<indexState>Foreign Key</indexState>
<isSurrogateKey>false</isSurrogateKey>
<indexColumnUsage>
<colUsage columnID="B939B04D-446A-7014-55CB-ED4705C9F07B"/>
</indexColumnUsage>
</ind_PK_UK>
<ind_PK_UK id="E0DB273B-AB07-20D0-EE8A-95BC3F877DAB" name="fk_asig_maquina">
<createdBy>santo</createdBy>
<createdTime>2025-10-09 08:35:43 UTC</createdTime>
<ownerDesignName>Cristaleria_Andina_s9</ownerDesignName>
<indexState>Foreign Key</indexState>
<isSurrogateKey>false</isSurrogateKey>
<indexColumnUsage>
<colUsage columnID="E0803A7F-48E0-7A34-AB96-8AC4E2811DF5"/>
<colUsage columnID="A0371728-B7DE-C41A-449D-B0770A3C5CA0"/>
</indexColumnUsage>
</ind_PK_UK>
</indexes>
</Table>