<?xml version = '1.0' encoding = 'UTF-8'?>
<Table class="oracle.dbtools.crest.model.design.relational.Table" directorySegmentName="seg_0" id="89BD5A4A-18D2-55F8-53A1-6617A02B4CD8" name="afp">
<sourceDDLFile>conexión_PRY2204_s9.sql</sourceDDLFile>
<createdBy>santo</createdBy>
<createdTime>2025-10-09 08:35:43 UTC</createdTime>
<ownerDesignName>Cristaleria_Andina_s9</ownerDesignName>
<allowColumnReorder>false</allowColumnReorder>
<existDependencyGenerateInDDl>true</existDependencyGenerateInDDl>
<parsed>true</parsed>
<columns itemClass="oracle.dbtools.crest.model.design.relational.Column">
<Column name="id_afp" id="0656CDE8-EF49-A746-D335-EAF4125A195F">
<sourceDDLFile>conexión_PRY2204_s9.sql</sourceDDLFile>
<createdBy>santo</createdBy>
<createdTime>2025-10-09 08:35:43 UTC</createdTime>
<ownerDesignName>Cristaleria_Andina_s9</ownerDesignName>
<use>0</use>
<logicalDatatype>LOGDT011</logicalDatatype>
<domain>B3907C30-B875-E23C-307D-029E4D528119</domain>
<ownDataTypeParameters>,,</ownDataTypeParameters>
<autoIncrementCycle>false</autoIncrementCycle>
</Column>
<Column name="nombre_afp" id="B49270FF-5846-A451-6177-4BBE0395B67F">
<sourceDDLFile>conexión_PRY2204_s9.sql</sourceDDLFile>
<createdBy>santo</createdBy>
<createdTime>2025-10-09 08:35:43 UTC</createdTime>
<ownerDesignName>Cristaleria_Andina_s9</ownerDesignName>
<use>0</use>
<logicalDatatype>LOGDT024</logicalDatatype>
<domain>1BD1584E-2DFB-AA19-ADAF-79C4E8762717</domain>
<ownDataTypeParameters>,,</ownDataTypeParameters>
<autoIncrementCycle>false</autoIncrementCycle>
</Column>
</columns>
<indexes itemClass="oracle.dbtools.crest.model.design.relational.Index">
<ind_PK_UK id="70B410C9-07F5-E38B-27ED-B1CB9AFF343D" name="pk_afp">
<sourceDDLFile>conexión_PRY2204_s9.sql</sourceDDLFile>
<createdBy>santo</createdBy>
<createdTime>2025-10-09 08:35:43 UTC</createdTime>
<ownerDesignName>Cristaleria_Andina_s9</ownerDesignName>
<pk>true</pk>
<indexState>Primary Constraint</indexState>
<isSurrogateKey>false</isSurrogateKey>
<indexColumnUsage>
<colUsage columnID="0656CDE8-EF49-A746-D335-EAF4125A195F"/>
</indexColumnUsage>
</ind_PK_UK>
<ind_PK_UK id="61AA38CE-0101-9D33-A47C-27E84BB21103" name="unq_afp_nombre">
<sourceDDLFile>conexión_PRY2204_s9.sql</sourceDDLFile>
<createdBy>santo</createdBy>
<createdTime>2025-10-09 08:35:43 UTC</createdTime>
<ownerDesignName>Cristaleria_Andina_s9</ownerDesignName>
<indexState>Unique Constraint</indexState>
<isSurrogateKey>false</isSurrogateKey>
<indexColumnUsage>
<colUsage columnID="B49270FF-5846-A451-6177-4BBE0395B67F"/>
</indexColumnUsage>
</ind_PK_UK>
</indexes>
</Table>