<?xml version = '1.0' encoding = 'UTF-8'?>
<Table class="oracle.dbtools.crest.model.design.relational.Table" directorySegmentName="seg_0" id="93D2CB78-4818-598D-80E4-1F15C254CD3D" name="orden_mantencion">
<sourceDDLFile>conexión_PRY2204_s9.sql</sourceDDLFile>
<createdBy>santo</createdBy>
<createdTime>2025-10-09 08:35:43 UTC</createdTime>
<ownerDesignName>Cristaleria_Andina_s9</ownerDesignName>
<allowColumnReorder>false</allowColumnReorder>
<existDependencyGenerateInDDl>true</existDependencyGenerateInDDl>
<parsed>true</parsed>
<columns itemClass="oracle.dbtools.crest.model.design.relational.Column">
<Column name="id_orden" id="5240E3E7-4D1D-DCCD-9B0B-E1725EE72041">
<sourceDDLFile>conexión_PRY2204_s9.sql</sourceDDLFile>
<createdBy>santo</createdBy>
<createdTime>2025-10-09 08:35:43 UTC</createdTime>
<ownerDesignName>Cristaleria_Andina_s9</ownerDesignName>
<use>0</use>
<logicalDatatype>LOGDT011</logicalDatatype>
<domain>B3907C30-B875-E23C-307D-029E4D528119</domain>
<ownDataTypeParameters>,,</ownDataTypeParameters>
<autoIncrementCycle>false</autoIncrementCycle>
</Column>
<Column name="maquina_id" id="C65DDFFE-83A0-E81F-F75E-78C3C8580CDD">
<sourceDDLFile>conexión_PRY2204_s9.sql</sourceDDLFile>
<createdBy>santo</createdBy>
<createdTime>2025-10-09 08:35:43 UTC</createdTime>
<ownerDesignName>Cristaleria_Andina_s9</ownerDesignName>
<use>0</use>
<logicalDatatype>LOGDT011</logicalDatatype>
<domain>B3907C30-B875-E23C-307D-029E4D528119</domain>
<ownDataTypeParameters>,,</ownDataTypeParameters>
<autoIncrementCycle>false</autoIncrementCycle>
<associations>
<colAssociation fkAssociation="99F0E285-2B23-E8B3-D7C7-8A4DABF7E6BB" referredColumn="39758F13-6250-44DE-9C23-EBFA97E99625"/>
</associations>
</Column>
<Column name="planta_id" id="998636F6-D52B-AD1B-2C61-414AF9CC08B4">
<sourceDDLFile>conexión_PRY2204_s9.sql</sourceDDLFile>
<createdBy>santo</createdBy>
<createdTime>2025-10-09 08:35:43 UTC</createdTime>
<ownerDesignName>Cristaleria_Andina_s9</ownerDesignName>
<use>0</use>
<logicalDatatype>LOGDT011</logicalDatatype>
<domain>B3907C30-B875-E23C-307D-029E4D528119</domain>
<ownDataTypeParameters>,,</ownDataTypeParameters>
<autoIncrementCycle>false</autoIncrementCycle>
<associations>
<colAssociation fkAssociation="99F0E285-2B23-E8B3-D7C7-8A4DABF7E6BB" referredColumn="A301F989-D3D6-3ECF-6985-EEFD45D7B91A"/>
</associations>
</Column>
<Column name="tecnico_id" id="6AC125B4-58E2-E0F0-805C-CB7186817D9A">
<sourceDDLFile>conexión_PRY2204_s9.sql</sourceDDLFile>
<createdBy>santo</createdBy>
<createdTime>2025-10-09 08:35:43 UTC</createdTime>
<ownerDesignName>Cristaleria_Andina_s9</ownerDesignName>
<use>0</use>
<logicalDatatype>LOGDT011</logicalDatatype>
<domain>B3907C30-B875-E23C-307D-029E4D528119</domain>
<ownDataTypeParameters>,,</ownDataTypeParameters>
<autoIncrementCycle>false</autoIncrementCycle>
<associations>
<colAssociation fkAssociation="9377BA7F-BC28-BB80-BCDC-3F037BC479ED" referredColumn="510525D4-025C-DEBB-9970-75602FD003FC"/>
</associations>
</Column>
<Column name="fecha_programada" id="B2A63CCD-AFC1-4E03-A750-0DEDE23A3D23">
<sourceDDLFile>conexión_PRY2204_s9.sql</sourceDDLFile>
<createdBy>santo</createdBy>
<createdTime>2025-10-09 08:35:43 UTC</createdTime>
<ownerDesignName>Cristaleria_Andina_s9</ownerDesignName>
<use>0</use>
<logicalDatatype>LOGDT007</logicalDatatype>
<domain>7E6C5754-1172-DD3C-40C8-8B3C04188234</domain>
<ownDataTypeParameters>,,</ownDataTypeParameters>
<autoIncrementCycle>false</autoIncrementCycle>
</Column>
<Column name="fecha_ejecucion" id="2CC28592-4F8D-6DC1-139D-0F48855DF7B7">
<sourceDDLFile>conexión_PRY2204_s9.sql</sourceDDLFile>
<createdBy>santo</createdBy>
<createdTime>2025-10-09 08:35:43 UTC</createdTime>
<ownerDesignName>Cristaleria_Andina_s9</ownerDesignName>
<nullsAllowed>true</nullsAllowed>
<use>0</use>
<logicalDatatype>LOGDT007</logicalDatatype>
<domain>7E6C5754-1172-DD3C-40C8-8B3C04188234</domain>
<ownDataTypeParameters>,,</ownDataTypeParameters>
<autoIncrementCycle>false</autoIncrementCycle>
</Column>
<Column name="descripcion" id="FFD92FB9-D626-FD9A-36C8-E6F1227E2E8A">
<sourceDDLFile>conexión_PRY2204_s9.sql</sourceDDLFile>
<createdBy>santo</createdBy>
<createdTime>2025-10-09 08:35:43 UTC</createdTime>
<ownerDesignName>Cristaleria_Andina_s9</ownerDesignName>
<nullsAllowed>true</nullsAllowed>
<use>0</use>
<logicalDatatype>LOGDT024</logicalDatatype>
<domain>414602C5-67D4-FF4E-A879-92BD7F8508F6</domain>
<ownDataTypeParameters>,,</ownDataTypeParameters>
<autoIncrementCycle>false</autoIncrementCycle>
</Column>
</columns>
<indexes itemClass="oracle.dbtools.crest.model.design.relational.Index">
<ind_PK_UK id="02320D63-B2C8-AE9A-C8CC-326EA4CD47AE" name="pk_orden">
<sourceDDLFile>conexión_PRY2204_s9.sql</sourceDDLFile>
<createdBy>santo</createdBy>
<createdTime>2025-10-09 08:35:43 UTC</createdTime>
<ownerDesignName>Cristaleria_Andina_s9</ownerDesignName>
<pk>true</pk>
<indexState>Primary Constraint</indexState>
<isSurrogateKey>false</isSurrogateKey>
<indexColumnUsage>
<colUsage columnID="5240E3E7-4D1D-DCCD-9B0B-E1725EE72041"/>
</indexColumnUsage>
</ind_PK_UK>
<ind_PK_UK id="988A9EE4-07A1-3850-D23F-D42F136CD7AC" name="fk_orden_maquina">
<createdBy>santo</createdBy>
<createdTime>2025-10-09 08:35:43 UTC</createdTime>
<ownerDesignName>Cristaleria_Andina_s9</ownerDesignName>
<indexState>Foreign Key</indexState>
<isSurrogateKey>false</isSurrogateKey>
<indexColumnUsage>
<colUsage columnID="C65DDFFE-83A0-E81F-F75E-78C3C8580CDD"/>
<colUsage columnID="998636F6-D52B-AD1B-2C61-414AF9CC08B4"/>
</indexColumnUsage>
</ind_PK_UK>
<ind_PK_UK id="330F76AA-024E-C14C-16FB-1A571423A57E" name="fk_orden_tecnico">
<createdBy>santo</createdBy>
<createdTime>2025-10-09 08:35:43 UTC</createdTime>
<ownerDesignName>Cristaleria_Andina_s9</ownerDesignName>
<indexState>Foreign Key</indexState>
<isSurrogateKey>false</isSurrogateKey>
<indexColumnUsage>
<colUsage columnID="6AC125B4-58E2-E0F0-805C-CB7186817D9A"/>
</indexColumnUsage>
</ind_PK_UK>
</indexes>
<tableCheckConstraints itemClass="oracle.dbtools.crest.model.design.constraint.TableLevelConstraint">
<tableCheckConstraint name="ck_orden_fechas" directorySegmentName="seg_0" id="FA4263C3-8A19-1E3E-69CF-3707D6B7436C">
<sourceDDLFile>conexión_PRY2204_s9.sql</sourceDDLFile>
<createdBy>santo</createdBy>
<createdTime>2025-10-09 08:35:43 UTC</createdTime>
<ownerDesignName>Cristaleria_Andina_s9</ownerDesignName>
<rule><![CDATA[fecha_ejecucion IS NULL OR fecha_ejecucion >= fecha_programada]]></rule>
</tableCheckConstraint>
</tableCheckConstraints>
</Table>