<?xml version = '1.0' encoding = 'UTF-8'?>
<Diagram class="oracle.dbtools.crest.swingui.logical.DPVLogical" name="Logical" id="1A1BA8D8-C9DC-C400-F80E-9C48BFCDDA7C">
<createdBy>santo</createdBy>
<modifiedBy>santo</modifiedBy>
<createdTime>2025-08-18 07:44:28 UTC</createdTime>
<autoRoute>false</autoRoute>
<boxInbox>true</boxInbox>
<showLegend>false</showLegend>
<showLabels>false</showLabels>
<showRelAttributes>false</showRelAttributes>
<gridEnabled>false</gridEnabled>
<showGrid>false</showGrid>
<diagramColor>-1</diagramColor>
<display>false</display>
<notation>0</notation>
<objectViews>
<OView class="oracle.dbtools.crest.swingui.logical.TVEntity" oid="852E40D6-EBC1-A5CF-EF13-FBC95AB5EFED" otype="Entity" vid="E5769E6D-CCC8-2A1A-C0F8-BD32642969E4">
<hideElementsInCurrentOnly>false</hideElementsInCurrentOnly>
<bounds x="72" y="106" width="233" height="139"/>
</OView>
<OView class="oracle.dbtools.crest.swingui.logical.TVEntity" oid="C6BE0E53-9EEA-4416-18CD-C0A8118E9AB4" otype="Entity" vid="5841A0E1-76AD-BCDF-2CCF-26A662800B2B">
<hideElementsInCurrentOnly>false</hideElementsInCurrentOnly>
<bounds x="604" y="107" width="255" height="139"/>
</OView>
<OView class="oracle.dbtools.crest.swingui.logical.TVEntity" oid="D338A8A9-F18B-9F88-0D6D-B4C12526DA45" otype="Entity" vid="E321BA7D-7505-3ED3-EA68-E1ED94B69779">
<hideElementsInCurrentOnly>false</hideElementsInCurrentOnly>
<bounds x="324" y="106" width="255" height="141"/>
</OView>
</objectViews>
</Diagram>