<?xml version = '1.0' encoding = 'UTF-8'?>
<Table class="oracle.dbtools.crest.model.design.relational.Table" directorySegmentName="seg_0" id="2AF46CC4-4026-7455-363C-30C1737695A0" name="ATENCION_MEDICA">
<createdBy>santo</createdBy>
<createdTime>2025-09-14 13:35:02 UTC</createdTime>
<generatorID>59773A50-6CE7-E4C2-AD0D-3506B418C374</generatorID>
<ownerDesignName>semana5</ownerDesignName>
<allowColumnReorder>false</allowColumnReorder>
<existDependencyGenerateInDDl>true</existDependencyGenerateInDDl>
<parsed>true</parsed>
<columns itemClass="oracle.dbtools.crest.model.design.relational.Column">
<Column name="id_atencion" id="D5893D33-176D-40AB-1C61-8EEA9DB0224E">
<createdBy>santo</createdBy>
<createdTime>2025-09-14 13:35:02 UTC</createdTime>
<generatorID>B21ACCE1-8CBC-8FBC-F5CC-2A199CE552D7</generatorID>
<ownerDesignName>semana5</ownerDesignName>
<useDomainConstraints>false</useDomainConstraints>
<use>1</use>
<logicalDatatype>LOGDT011</logicalDatatype>
<ownDataTypeParameters>,,</ownDataTypeParameters>
<autoIncrementCycle>false</autoIncrementCycle>
</Column>
<Column name="fecha_atencion" id="3B2E05EA-5344-8044-940A-9BA4F66E054C">
<createdBy>santo</createdBy>
<createdTime>2025-09-14 13:35:02 UTC</createdTime>
<generatorID>2CAE9177-1C1E-36BC-3FBE-E005B46EDD20</generatorID>
<ownerDesignName>semana5</ownerDesignName>
<useDomainConstraints>false</useDomainConstraints>
<use>1</use>
<logicalDatatype>LOGDT007</logicalDatatype>
<ownDataTypeParameters>,,</ownDataTypeParameters>
<autoIncrementCycle>false</autoIncrementCycle>
</Column>
<Column name="tipo" id="61BF8CC4-6C9E-9635-4259-2E016D5CA67F">
<createdBy>santo</createdBy>
<createdTime>2025-09-14 13:35:02 UTC</createdTime>
<generatorID>509EA102-ADD5-5BC4-489A-4439FDF8275F</generatorID>
<ownerDesignName>semana5</ownerDesignName>
<useDomainConstraints>false</useDomainConstraints>
<use>1</use>
<logicalDatatype>LOGDT024</logicalDatatype>
<dataTypeSize>25 CHAR</dataTypeSize>
<ownDataTypeParameters>25 CHAR,,</ownDataTypeParameters>
<autoIncrementCycle>false</autoIncrementCycle>
</Column>
<Column name="diagnostico" id="3A362803-A189-3A88-2487-72FB25B18024">
<createdBy>santo</createdBy>
<createdTime>2025-09-14 13:35:02 UTC</createdTime>
<generatorID>11C27A56-EDEE-B4CC-8465-D42A47D537B7</generatorID>
<ownerDesignName>semana5</ownerDesignName>
<useDomainConstraints>false</useDomainConstraints>
<use>1</use>
<logicalDatatype>LOGDT024</logicalDatatype>
<dataTypeSize>30 CHAR</dataTypeSize>
<ownDataTypeParameters>30 CHAR,,</ownDataTypeParameters>
<autoIncrementCycle>false</autoIncrementCycle>
</Column>
<Column name="medico" id="93FA6D4D-F8D8-A087-29DF-69C6BD0B39D7">
<createdBy>santo</createdBy>
<createdTime>2025-09-14 13:35:02 UTC</createdTime>
<generatorID>1F4FC482-35BA-2839-1190-72C14BB86CD3</generatorID>
<ownerDesignName>semana5</ownerDesignName>
<useDomainConstraints>false</useDomainConstraints>
<use>1</use>
<logicalDatatype>LOGDT024</logicalDatatype>
<dataTypeSize>50 CHAR</dataTypeSize>
<ownDataTypeParameters>50 CHAR,,</ownDataTypeParameters>
<autoIncrementCycle>false</autoIncrementCycle>
</Column>
<Column name="paciente" id="DE9C51C6-9A81-D290-6F71-06A384975D4D">
<createdBy>santo</createdBy>
<createdTime>2025-09-14 13:35:02 UTC</createdTime>
<generatorID>602AA720-F0DE-344F-5124-72D9D1499F08</generatorID>
<ownerDesignName>semana5</ownerDesignName>
<useDomainConstraints>false</useDomainConstraints>
<use>1</use>
<logicalDatatype>LOGDT024</logicalDatatype>
<dataTypeSize>50 CHAR</dataTypeSize>
<ownDataTypeParameters>50 CHAR,,</ownDataTypeParameters>
<autoIncrementCycle>false</autoIncrementCycle>
</Column>
<Column name="MEDICO_rut_medico" id="8B8966FF-D095-0F64-D857-8E8DFB0E8A38">
<createdBy>santo</createdBy>
<createdTime>2025-09-14 13:35:02 UTC</createdTime>
<generatorID>371CF040-A020-1F99-60AF-B610475C09EB</generatorID>
<ownerDesignName>semana5</ownerDesignName>
<useDomainConstraints>false</useDomainConstraints>
<use>1</use>
<logicalDatatype>LOGDT011</logicalDatatype>
<ownDataTypeParameters>,,</ownDataTypeParameters>
<previousColumn>false</previousColumn>
<autoIncrementCycle>false</autoIncrementCycle>
<associations>
<colAssociation fkAssociation="50207BE7-AB6F-C8BE-F47F-F24BFDC0DAF8" referredColumn="654DFA0D-E7C9-F56C-638E-54D3C0053A7E"/>
</associations>
</Column>
<Column name="PACIENTE_rut_paciente" id="840AA5D9-7480-7CE7-FC31-2E393BC33699">
<createdBy>santo</createdBy>
<createdTime>2025-09-14 13:35:02 UTC</createdTime>
<generatorID>6D334B47-9EFA-EB96-D550-C11A73B2A5A2</generatorID>
<ownerDesignName>semana5</ownerDesignName>
<useDomainConstraints>false</useDomainConstraints>
<use>1</use>
<logicalDatatype>LOGDT011</logicalDatatype>
<ownDataTypeParameters>,,</ownDataTypeParameters>
<previousColumn>false</previousColumn>
<autoIncrementCycle>false</autoIncrementCycle>
<associations>
<colAssociation fkAssociation="C40A9A37-2926-C3EB-F11C-09C2FD883957" referredColumn="602307AA-C581-F79F-CA1F-8136D5975EB7"/>
</associations>
</Column>
<Column name="DETALLE_PAGO_id_detalle" id="CA31ACE2-79A4-CCDE-AE38-08E22B80ABAA">
<createdBy>santo</createdBy>
<createdTime>2025-09-14 13:35:02 UTC</createdTime>
<generatorID>9F505DC8-F261-7D95-A6A0-9CCA1E19F593</generatorID>
<ownerDesignName>semana5</ownerDesignName>
<useDomainConstraints>false</useDomainConstraints>
<use>1</use>
<logicalDatatype>LOGDT011</logicalDatatype>
<ownDataTypeParameters>,,</ownDataTypeParameters>
<previousColumn>false</previousColumn>
<autoIncrementCycle>false</autoIncrementCycle>
<associations>
<colAssociation fkAssociation="E4B8A41B-9E52-0E4E-4BBF-ED32DB6C4E10" referredColumn="2D78A2C3-85B3-3995-AE25-950DD8C76149"/>
</associations>
</Column>
</columns>
<indexes itemClass="oracle.dbtools.crest.model.design.relational.Index">
<ind_PK_UK id="2115568E-437E-343E-60E8-7AEA73324AFC" name="ATENCION_MEDICA_PK">
<createdBy>santo</createdBy>
<createdTime>2025-09-14 13:35:02 UTC</createdTime>
<generatorID>A7EA180E-0F34-19F2-90C9-E011911C6B07</generatorID>
<ownerDesignName>semana5</ownerDesignName>
<pk>true</pk>
<indexState>Primary Constraint</indexState>
<isSurrogateKey>false</isSurrogateKey>
<indexColumnUsage>
<colUsage columnID="D5893D33-176D-40AB-1C61-8EEA9DB0224E"/>
</indexColumnUsage>
</ind_PK_UK>
<ind_PK_UK id="D80C695A-3B39-2504-7C5D-15701962C69D" name="ATENCION_MEDICA__IDX">
<createdBy>santo</createdBy>
<createdTime>2025-09-14 13:35:02 UTC</createdTime>
<ownerDesignName>semana5</ownerDesignName>
<indexState>Unique Plain Index</indexState>
<isSurrogateKey>false</isSurrogateKey>
<relationGeneratorID>2A760102-E9B5-8037-956C-B69824DBA5D0</relationGeneratorID>
<indexColumnUsage>
<colUsage columnID="CA31ACE2-79A4-CCDE-AE38-08E22B80ABAA"/>
</indexColumnUsage>
</ind_PK_UK>
<ind_PK_UK id="F8519DA7-6EF2-01AC-B826-51ECC0C6A11A" name="ATENCION_MEDICA_MEDICO_FK">
<createdBy>santo</createdBy>
<createdTime>2025-09-14 13:35:02 UTC</createdTime>
<generatorID>39C47007-0AC1-993A-FF71-F6FEF9373A7E</generatorID>
<ownerDesignName>semana5</ownerDesignName>
<indexState>Foreign Key</indexState>
<isSurrogateKey>false</isSurrogateKey>
<indexColumnUsage>
<colUsage columnID="8B8966FF-D095-0F64-D857-8E8DFB0E8A38"/>
</indexColumnUsage>
</ind_PK_UK>
<ind_PK_UK id="50B5B10A-E92B-0F54-1E6E-E51B6C887864" name="ATENCION_MEDICA_PACIENTE_FK">
<createdBy>santo</createdBy>
<createdTime>2025-09-14 13:35:02 UTC</createdTime>
<generatorID>25827ED9-126D-A8C4-7D84-2824B051AC02</generatorID>
<ownerDesignName>semana5</ownerDesignName>
<indexState>Foreign Key</indexState>
<isSurrogateKey>false</isSurrogateKey>
<indexColumnUsage>
<colUsage columnID="840AA5D9-7480-7CE7-FC31-2E393BC33699"/>
</indexColumnUsage>
</ind_PK_UK>
<ind_PK_UK id="55F6FED9-32EF-D3AF-041D-914EC65DF1F5" name="FK_ATEN_DETPAGO">
<createdBy>santo</createdBy>
<createdTime>2025-09-14 13:35:02 UTC</createdTime>
<generatorID>2A760102-E9B5-8037-956C-B69824DBA5D0</generatorID>
<ownerDesignName>semana5</ownerDesignName>
<indexState>Foreign Key</indexState>
<isSurrogateKey>false</isSurrogateKey>
<indexColumnUsage>
<colUsage columnID="CA31ACE2-79A4-CCDE-AE38-08E22B80ABAA"/>
</indexColumnUsage>
</ind_PK_UK>
</indexes>
</Table>