<?xml version = '1.0' encoding = 'UTF-8'?>
<Table class="oracle.dbtools.crest.model.design.relational.Table" directorySegmentName="seg_0" id="340EA141-9D7F-4E9B-19FB-0E2A2E35C278" name="CIUDAD">
<createdBy>santo</createdBy>
<createdTime>2025-09-14 13:35:02 UTC</createdTime>
<generatorID>032E789C-6D18-8C13-2066-EA6C6774BBD3</generatorID>
<ownerDesignName>semana5</ownerDesignName>
<allowColumnReorder>false</allowColumnReorder>
<existDependencyGenerateInDDl>true</existDependencyGenerateInDDl>
<parsed>true</parsed>
<columns itemClass="oracle.dbtools.crest.model.design.relational.Column">
<Column name="id_ciudad" id="044E4D7C-94A5-17F7-CB3B-B114C76232D9">
<createdBy>santo</createdBy>
<createdTime>2025-09-14 13:35:02 UTC</createdTime>
<generatorID>DC9689F8-98DD-DE77-6628-B54CD7062F5F</generatorID>
<ownerDesignName>semana5</ownerDesignName>
<useDomainConstraints>false</useDomainConstraints>
<use>1</use>
<logicalDatatype>LOGDT011</logicalDatatype>
<ownDataTypeParameters>,,</ownDataTypeParameters>
<autoIncrementCycle>false</autoIncrementCycle>
</Column>
<Column name="nombre" id="6A42EC55-4129-C249-2315-E1E050ABA35F">
<createdBy>santo</createdBy>
<createdTime>2025-09-14 13:35:02 UTC</createdTime>
<generatorID>2ABC16E0-9FE3-DE85-8580-C66B1C4D8313</generatorID>
<ownerDesignName>semana5</ownerDesignName>
<useDomainConstraints>false</useDomainConstraints>
<use>1</use>
<logicalDatatype>LOGDT024</logicalDatatype>
<dataTypeSize>100 CHAR</dataTypeSize>
<ownDataTypeParameters>100 CHAR,,</ownDataTypeParameters>
<autoIncrementCycle>false</autoIncrementCycle>
</Column>
<Column name="REGION_id_region" id="DA976252-F585-0577-A9A4-3BAF19DB449B">
<createdBy>santo</createdBy>
<createdTime>2025-09-14 13:35:02 UTC</createdTime>
<generatorID>EDFF3037-2202-CF16-343B-EB9E456DD3BD</generatorID>
<ownerDesignName>semana5</ownerDesignName>
<useDomainConstraints>false</useDomainConstraints>
<use>1</use>
<logicalDatatype>LOGDT011</logicalDatatype>
<ownDataTypeParameters>,,</ownDataTypeParameters>
<previousColumn>false</previousColumn>
<autoIncrementCycle>false</autoIncrementCycle>
<associations>
<colAssociation fkAssociation="363B0F34-541D-C7BD-1E86-0FC3997FC5F6" referredColumn="75215DF0-1E33-A42A-F815-EAAF4E4B6B35"/>
</associations>
</Column>
</columns>
<indexes itemClass="oracle.dbtools.crest.model.design.relational.Index">
<ind_PK_UK id="4F82A0A6-1DFF-82B9-E7A2-7CE867CB4E9C" name="CIUDAD_PK">
<createdBy>santo</createdBy>
<createdTime>2025-09-14 13:35:02 UTC</createdTime>
<generatorID>C7F5C1DE-EF49-5746-8B98-F1DE73C1B1E6</generatorID>
<ownerDesignName>semana5</ownerDesignName>
<pk>true</pk>
<indexState>Primary Constraint</indexState>
<isSurrogateKey>false</isSurrogateKey>
<indexColumnUsage>
<colUsage columnID="044E4D7C-94A5-17F7-CB3B-B114C76232D9"/>
</indexColumnUsage>
</ind_PK_UK>
<ind_PK_UK id="42C40801-7FCB-9EB8-17A7-AB9D5844958B" name="CIUDAD_REGION_FK">
<createdBy>santo</createdBy>
<createdTime>2025-09-14 13:35:02 UTC</createdTime>
<generatorID>0798752D-DCD0-32AE-D8EE-47C80ACAA380</generatorID>
<ownerDesignName>semana5</ownerDesignName>
<indexState>Foreign Key</indexState>
<isSurrogateKey>false</isSurrogateKey>
<indexColumnUsage>
<colUsage columnID="DA976252-F585-0577-A9A4-3BAF19DB449B"/>
</indexColumnUsage>
</ind_PK_UK>
</indexes>
</Table>