<?xml version = '1.0' encoding = 'UTF-8'?>
<Table class="oracle.dbtools.crest.model.design.relational.Table" directorySegmentName="seg_0" id="58872CAD-E574-39E5-CEEE-D5436A531219" name="COMUNA">
<createdBy>santo</createdBy>
<createdTime>2025-09-14 13:35:02 UTC</createdTime>
<generatorID>1E13A4C9-2041-1A34-3A81-94C5E7D68632</generatorID>
<ownerDesignName>semana5</ownerDesignName>
<allowColumnReorder>false</allowColumnReorder>
<existDependencyGenerateInDDl>true</existDependencyGenerateInDDl>
<parsed>true</parsed>
<columns itemClass="oracle.dbtools.crest.model.design.relational.Column">
<Column name="id_comuna" id="305B76D4-EF91-936E-6941-9B42F307BA63">
<createdBy>santo</createdBy>
<createdTime>2025-09-14 13:35:02 UTC</createdTime>
<generatorID>59488364-F5FA-B1C5-CB9D-8733303586D4</generatorID>
<ownerDesignName>semana5</ownerDesignName>
<useDomainConstraints>false</useDomainConstraints>
<use>1</use>
<logicalDatatype>LOGDT011</logicalDatatype>
<ownDataTypeParameters>,,</ownDataTypeParameters>
<autoIncrementCycle>false</autoIncrementCycle>
</Column>
<Column name="nombre" id="33C01C17-5CFF-7778-0C12-E7C95428587D">
<createdBy>santo</createdBy>
<createdTime>2025-09-14 13:35:02 UTC</createdTime>
<generatorID>01B42B09-6E81-CDFD-C773-132BA7885F09</generatorID>
<ownerDesignName>semana5</ownerDesignName>
<useDomainConstraints>false</useDomainConstraints>
<use>1</use>
<logicalDatatype>LOGDT024</logicalDatatype>
<dataTypeSize>100 CHAR</dataTypeSize>
<ownDataTypeParameters>100 CHAR,,</ownDataTypeParameters>
<autoIncrementCycle>false</autoIncrementCycle>
</Column>
<Column name="CIUDAD_id_ciudad" id="2BFDBAF5-6B0C-6BC8-5FE9-B07EB08B07DA">
<createdBy>santo</createdBy>
<createdTime>2025-09-14 13:35:02 UTC</createdTime>
<generatorID>F37D06AC-5086-60D1-8E8B-76365F985560</generatorID>
<ownerDesignName>semana5</ownerDesignName>
<useDomainConstraints>false</useDomainConstraints>
<use>1</use>
<logicalDatatype>LOGDT011</logicalDatatype>
<ownDataTypeParameters>,,</ownDataTypeParameters>
<previousColumn>false</previousColumn>
<autoIncrementCycle>false</autoIncrementCycle>
<associations>
<colAssociation fkAssociation="07527D3F-F98E-B9F7-381B-683CCB73F1E9" referredColumn="044E4D7C-94A5-17F7-CB3B-B114C76232D9"/>
</associations>
</Column>
<Column name="PACIENTE_rut_paciente" id="76489442-AFD2-AD3E-1242-8CD1BF2D6F59">
<createdBy>santo</createdBy>
<createdTime>2025-09-14 13:35:02 UTC</createdTime>
<generatorID>8289F14B-5BC2-B85E-7FBF-9684325D428C</generatorID>
<ownerDesignName>semana5</ownerDesignName>
<useDomainConstraints>false</useDomainConstraints>
<use>1</use>
<logicalDatatype>LOGDT011</logicalDatatype>
<ownDataTypeParameters>,,</ownDataTypeParameters>
<previousColumn>false</previousColumn>
<autoIncrementCycle>false</autoIncrementCycle>
<associations>
<colAssociation fkAssociation="15143729-28A8-83FA-02F0-44743ABECEEE" referredColumn="602307AA-C581-F79F-CA1F-8136D5975EB7"/>
</associations>
</Column>
</columns>
<indexes itemClass="oracle.dbtools.crest.model.design.relational.Index">
<ind_PK_UK id="DF882998-049A-CA8D-F148-E29132EA099F" name="COMUNA_PK">
<createdBy>santo</createdBy>
<createdTime>2025-09-14 13:35:02 UTC</createdTime>
<generatorID>BDF4C132-92A0-9715-CF07-F8CB01C35CD8</generatorID>
<ownerDesignName>semana5</ownerDesignName>
<pk>true</pk>
<indexState>Primary Constraint</indexState>
<isSurrogateKey>false</isSurrogateKey>
<indexColumnUsage>
<colUsage columnID="305B76D4-EF91-936E-6941-9B42F307BA63"/>
</indexColumnUsage>
</ind_PK_UK>
<ind_PK_UK id="AA2BEE53-4210-392A-30FC-F272E79186A7" name="COMUNA_PACIENTE_FK">
<createdBy>santo</createdBy>
<createdTime>2025-09-14 13:35:02 UTC</createdTime>
<generatorID>15E042B7-01C6-F364-FF18-0735E8A617CA</generatorID>
<ownerDesignName>semana5</ownerDesignName>
<indexState>Foreign Key</indexState>
<isSurrogateKey>false</isSurrogateKey>
<indexColumnUsage>
<colUsage columnID="76489442-AFD2-AD3E-1242-8CD1BF2D6F59"/>
</indexColumnUsage>
</ind_PK_UK>
<ind_PK_UK id="58AF19C8-3CAD-F301-9063-D37A57386FB2" name="COMUNA_CIUDAD_FK">
<createdBy>santo</createdBy>
<createdTime>2025-09-14 13:35:02 UTC</createdTime>
<generatorID>D7C1316F-D1B2-073E-30A3-7AFD60A4E025</generatorID>
<ownerDesignName>semana5</ownerDesignName>
<indexState>Foreign Key</indexState>
<isSurrogateKey>false</isSurrogateKey>
<indexColumnUsage>
<colUsage columnID="2BFDBAF5-6B0C-6BC8-5FE9-B07EB08B07DA"/>
</indexColumnUsage>
</ind_PK_UK>
</indexes>
</Table>