<?xml version = '1.0' encoding = 'UTF-8'?>
<Table class="oracle.dbtools.crest.model.design.relational.Table" directorySegmentName="seg_0" id="60EAED1F-B9DB-762F-D614-0D1177F40566" name="PAGO_ATENCION">
<createdBy>santo</createdBy>
<createdTime>2025-09-14 13:35:02 UTC</createdTime>
<generatorID>A7E62989-F0E7-3DA1-E0D5-A213411A9FF2</generatorID>
<ownerDesignName>semana5</ownerDesignName>
<allowColumnReorder>false</allowColumnReorder>
<existDependencyGenerateInDDl>true</existDependencyGenerateInDDl>
<parsed>true</parsed>
<columns itemClass="oracle.dbtools.crest.model.design.relational.Column">
<Column name="id_pago" id="620ED8BC-5752-0FE2-0AC4-C150615B7F6B">
<createdBy>santo</createdBy>
<createdTime>2025-09-14 13:35:02 UTC</createdTime>
<generatorID>F478E4B4-5D1C-C0A5-159B-F0634BD5583F</generatorID>
<ownerDesignName>semana5</ownerDesignName>
<useDomainConstraints>false</useDomainConstraints>
<use>1</use>
<logicalDatatype>LOGDT011</logicalDatatype>
<ownDataTypeParameters>,,</ownDataTypeParameters>
<autoIncrementCycle>false</autoIncrementCycle>
</Column>
<Column name="monto" id="86500C32-17AF-DC67-4412-970A89EBF845">
<createdBy>santo</createdBy>
<createdTime>2025-09-14 13:35:02 UTC</createdTime>
<generatorID>32B0F8B4-2C3F-964B-FA61-B5BC10967D77</generatorID>
<ownerDesignName>semana5</ownerDesignName>
<useDomainConstraints>false</useDomainConstraints>
<use>1</use>
<logicalDatatype>LOGDT019</logicalDatatype>
<dataTypePrecision>10</dataTypePrecision>
<dataTypeScale>2</dataTypeScale>
<ownDataTypeParameters>,10,2</ownDataTypeParameters>
<autoIncrementCycle>false</autoIncrementCycle>
</Column>
<Column name="tipo_de_pago" id="1975B900-E061-FA9D-8D51-42948156BAB3">
<createdBy>santo</createdBy>
<createdTime>2025-09-14 13:35:02 UTC</createdTime>
<generatorID>C99209FA-62B2-DA09-BEBD-1F38B9A374D8</generatorID>
<ownerDesignName>semana5</ownerDesignName>
<useDomainConstraints>false</useDomainConstraints>
<use>1</use>
<logicalDatatype>LOGDT024</logicalDatatype>
<dataTypeSize>50 CHAR</dataTypeSize>
<ownDataTypeParameters>50 CHAR,,</ownDataTypeParameters>
<autoIncrementCycle>false</autoIncrementCycle>
</Column>
<Column name="atencion_asociada" id="A4DEBD6E-27AF-9B0E-F1BC-742BEB9EEE09">
<createdBy>santo</createdBy>
<createdTime>2025-09-14 13:35:02 UTC</createdTime>
<generatorID>3AE5F8C5-CA75-E93A-D207-5B67F3376189</generatorID>
<ownerDesignName>semana5</ownerDesignName>
<useDomainConstraints>false</useDomainConstraints>
<use>1</use>
<logicalDatatype>LOGDT024</logicalDatatype>
<dataTypeSize>50 CHAR</dataTypeSize>
<ownDataTypeParameters>50 CHAR,,</ownDataTypeParameters>
<autoIncrementCycle>false</autoIncrementCycle>
</Column>
<Column name="fecha" id="300A2C7A-65ED-9DB7-2A63-B4B8887A65C2">
<createdBy>santo</createdBy>
<createdTime>2025-09-14 13:35:02 UTC</createdTime>
<generatorID>46177771-00DF-234D-C411-097D4975AC6D</generatorID>
<ownerDesignName>semana5</ownerDesignName>
<useDomainConstraints>false</useDomainConstraints>
<use>1</use>
<logicalDatatype>LOGDT007</logicalDatatype>
<ownDataTypeParameters>,,</ownDataTypeParameters>
<autoIncrementCycle>false</autoIncrementCycle>
</Column>
<Column name="DETALLE_PAGO_id_detalle" id="D4B7D19F-6605-9867-8DE2-F7800D94E912">
<createdBy>santo</createdBy>
<createdTime>2025-09-14 13:35:02 UTC</createdTime>
<generatorID>7D8EBA77-5260-10E1-5908-539631C4128D</generatorID>
<ownerDesignName>semana5</ownerDesignName>
<useDomainConstraints>false</useDomainConstraints>
<use>1</use>
<logicalDatatype>LOGDT011</logicalDatatype>
<ownDataTypeParameters>,,</ownDataTypeParameters>
<previousColumn>false</previousColumn>
<autoIncrementCycle>false</autoIncrementCycle>
<associations>
<colAssociation fkAssociation="D9F2485E-C662-2828-2EE7-44D4D95F0A9D" referredColumn="2D78A2C3-85B3-3995-AE25-950DD8C76149"/>
</associations>
</Column>
</columns>
<indexes itemClass="oracle.dbtools.crest.model.design.relational.Index">
<ind_PK_UK id="BDA988D4-C8E6-89C0-C56B-D87D45667C7F" name="PAGO_ATENCION_PK">
<createdBy>santo</createdBy>
<createdTime>2025-09-14 13:35:02 UTC</createdTime>
<generatorID>66CEFB2B-BA70-1BB2-8E97-31B00C2CFF02</generatorID>
<ownerDesignName>semana5</ownerDesignName>
<pk>true</pk>
<indexState>Primary Constraint</indexState>
<isSurrogateKey>false</isSurrogateKey>
<indexColumnUsage>
<colUsage columnID="620ED8BC-5752-0FE2-0AC4-C150615B7F6B"/>
</indexColumnUsage>
</ind_PK_UK>
<ind_PK_UK id="EC323EA6-B32B-0AF2-02ED-E47E3571B795" name="PAGO_ATENCION__IDX">
<createdBy>santo</createdBy>
<createdTime>2025-09-14 13:35:02 UTC</createdTime>
<ownerDesignName>semana5</ownerDesignName>
<indexState>Unique Plain Index</indexState>
<isSurrogateKey>false</isSurrogateKey>
<relationGeneratorID>50B9AC32-EBED-A8D5-DA33-7281CFB8B7E5</relationGeneratorID>
<indexColumnUsage>
<colUsage columnID="D4B7D19F-6605-9867-8DE2-F7800D94E912"/>
</indexColumnUsage>
</ind_PK_UK>
<ind_PK_UK id="CBC0BFAC-1475-0EE9-7E13-18C732769ED5" name="PAGO_ATENCION_DETALLE_PAGO_FK">
<createdBy>santo</createdBy>
<createdTime>2025-09-14 13:35:02 UTC</createdTime>
<generatorID>50B9AC32-EBED-A8D5-DA33-7281CFB8B7E5</generatorID>
<ownerDesignName>semana5</ownerDesignName>
<indexState>Foreign Key</indexState>
<isSurrogateKey>false</isSurrogateKey>
<indexColumnUsage>
<colUsage columnID="D4B7D19F-6605-9867-8DE2-F7800D94E912"/>
</indexColumnUsage>
</ind_PK_UK>
</indexes>
</Table>