<?xml version = '1.0' encoding = 'UTF-8'?>
<Table class="oracle.dbtools.crest.model.design.relational.Table" directorySegmentName="seg_0" id="65D30062-3118-2EB5-9E99-F8238E8AD1FE" name="DETALLE_PAGO">
<createdBy>santo</createdBy>
<createdTime>2025-09-14 13:35:02 UTC</createdTime>
<generatorID>AD0CFDFA-AC43-8B50-0880-27CB089406C5</generatorID>
<ownerDesignName>semana5</ownerDesignName>
<allowColumnReorder>false</allowColumnReorder>
<existDependencyGenerateInDDl>true</existDependencyGenerateInDDl>
<parsed>true</parsed>
<columns itemClass="oracle.dbtools.crest.model.design.relational.Column">
<Column name="id_detalle" id="2D78A2C3-85B3-3995-AE25-950DD8C76149">
<createdBy>santo</createdBy>
<createdTime>2025-09-14 13:35:02 UTC</createdTime>
<generatorID>D0C4ED5E-B937-575F-6A26-E6A6C41C9F07</generatorID>
<ownerDesignName>semana5</ownerDesignName>
<useDomainConstraints>false</useDomainConstraints>
<use>1</use>
<logicalDatatype>LOGDT011</logicalDatatype>
<ownDataTypeParameters>,,</ownDataTypeParameters>
<autoIncrementCycle>false</autoIncrementCycle>
</Column>
<Column name="ATENCION_MEDICA_id_atencion" id="559F179C-BE9B-6D9B-182D-54C163876DAB">
<createdBy>santo</createdBy>
<createdTime>2025-09-14 13:35:02 UTC</createdTime>
<generatorID>90280A49-F08D-07AF-4BCD-89794713F041</generatorID>
<ownerDesignName>semana5</ownerDesignName>
<useDomainConstraints>false</useDomainConstraints>
<use>1</use>
<logicalDatatype>LOGDT011</logicalDatatype>
<ownDataTypeParameters>,,</ownDataTypeParameters>
<previousColumn>false</previousColumn>
<autoIncrementCycle>false</autoIncrementCycle>
<associations>
<colAssociation fkAssociation="5DEF3CF9-193C-453B-4DE6-FBB90B6018F2" referredColumn="D5893D33-176D-40AB-1C61-8EEA9DB0224E"/>
</associations>
</Column>
<Column name="PAGO_ATENCION_id_pago" id="5179C646-D13F-9780-2E3B-30F4645C1907">
<createdBy>santo</createdBy>
<createdTime>2025-09-14 13:35:02 UTC</createdTime>
<generatorID>2EA45764-8492-40E3-536C-1267878E2D70</generatorID>
<ownerDesignName>semana5</ownerDesignName>
<useDomainConstraints>false</useDomainConstraints>
<use>1</use>
<logicalDatatype>LOGDT011</logicalDatatype>
<ownDataTypeParameters>,,</ownDataTypeParameters>
<previousColumn>false</previousColumn>
<autoIncrementCycle>false</autoIncrementCycle>
<associations>
<colAssociation fkAssociation="2B26A91C-4BEF-75C5-03BB-1447D9B993D1" referredColumn="620ED8BC-5752-0FE2-0AC4-C150615B7F6B"/>
</associations>
</Column>
</columns>
<indexes itemClass="oracle.dbtools.crest.model.design.relational.Index">
<ind_PK_UK id="15BFB6E6-DA64-0687-DC92-5A0D0CF53430" name="DETALLE_PAGO_PK">
<createdBy>santo</createdBy>
<createdTime>2025-09-14 13:35:02 UTC</createdTime>
<generatorID>F82FFB8C-47A1-308B-83AD-AFD9C8320483</generatorID>
<ownerDesignName>semana5</ownerDesignName>
<pk>true</pk>
<indexState>Primary Constraint</indexState>
<isSurrogateKey>false</isSurrogateKey>
<indexColumnUsage>
<colUsage columnID="2D78A2C3-85B3-3995-AE25-950DD8C76149"/>
</indexColumnUsage>
</ind_PK_UK>
<ind_PK_UK id="BDB51A78-F336-4B30-E37C-92035C92C1E9" name="DETALLE_PAGO__IDX">
<createdBy>santo</createdBy>
<createdTime>2025-09-14 13:35:02 UTC</createdTime>
<ownerDesignName>semana5</ownerDesignName>
<indexState>Unique Plain Index</indexState>
<isSurrogateKey>false</isSurrogateKey>
<relationGeneratorID>50B9AC32-EBED-A8D5-DA33-7281CFB8B7E5</relationGeneratorID>
<indexColumnUsage>
<colUsage columnID="5179C646-D13F-9780-2E3B-30F4645C1907"/>
</indexColumnUsage>
</ind_PK_UK>
<ind_PK_UK id="11C70A8A-4A7D-93BE-8C76-DC195D2270EF" name="DETALLE_PAGO__IDXv1">
<createdBy>santo</createdBy>
<createdTime>2025-09-14 13:35:02 UTC</createdTime>
<ownerDesignName>semana5</ownerDesignName>
<indexState>Unique Plain Index</indexState>
<isSurrogateKey>false</isSurrogateKey>
<relationGeneratorID>2A760102-E9B5-8037-956C-B69824DBA5D0</relationGeneratorID>
<indexColumnUsage>
<colUsage columnID="559F179C-BE9B-6D9B-182D-54C163876DAB"/>
</indexColumnUsage>
</ind_PK_UK>
<ind_PK_UK id="EF15B9F9-045D-1C68-6F7E-6254FDB97721" name="DETALLE_PAGO_PAGO_ATENCION_FK">
<createdBy>santo</createdBy>
<createdTime>2025-09-14 13:35:02 UTC</createdTime>
<generatorID>50B9AC32-EBED-A8D5-DA33-7281CFB8B7E5</generatorID>
<ownerDesignName>semana5</ownerDesignName>
<indexState>Foreign Key</indexState>
<isSurrogateKey>false</isSurrogateKey>
<indexColumnUsage>
<colUsage columnID="5179C646-D13F-9780-2E3B-30F4645C1907"/>
</indexColumnUsage>
</ind_PK_UK>
<ind_PK_UK id="8DFC0A26-0367-D816-BB21-D50576F76C00" name="DET_PAGO_ATEN_MEDICA_FK">
<createdBy>santo</createdBy>
<createdTime>2025-09-14 13:35:02 UTC</createdTime>
<generatorID>2A760102-E9B5-8037-956C-B69824DBA5D0</generatorID>
<ownerDesignName>semana5</ownerDesignName>
<indexState>Foreign Key</indexState>
<isSurrogateKey>false</isSurrogateKey>
<indexColumnUsage>
<colUsage columnID="559F179C-BE9B-6D9B-182D-54C163876DAB"/>
</indexColumnUsage>
</ind_PK_UK>
</indexes>
</Table>