<?xml version = '1.0' encoding = 'UTF-8'?>
<Table class="oracle.dbtools.crest.model.design.relational.Table" directorySegmentName="seg_0" id="B512A8AD-0B79-C2C8-D8D4-7AD08C4250D2" name="EXAMEN_SOLICITADO">
<createdBy>santo</createdBy>
<createdTime>2025-09-14 13:35:02 UTC</createdTime>
<generatorID>E210184A-1946-1DDE-1545-F259D7F4DFEA</generatorID>
<ownerDesignName>semana5</ownerDesignName>
<allowColumnReorder>false</allowColumnReorder>
<existDependencyGenerateInDDl>true</existDependencyGenerateInDDl>
<parsed>true</parsed>
<columns itemClass="oracle.dbtools.crest.model.design.relational.Column">
<Column name="id_examen_solicitado" id="7DE4724E-8B80-B3C3-B1FE-67C7EFE7DAE6">
<createdBy>santo</createdBy>
<createdTime>2025-09-14 13:35:02 UTC</createdTime>
<generatorID>9BECBB39-4100-E11A-4963-674F3E23C6F0</generatorID>
<ownerDesignName>semana5</ownerDesignName>
<useDomainConstraints>false</useDomainConstraints>
<use>1</use>
<logicalDatatype>LOGDT011</logicalDatatype>
<ownDataTypeParameters>,,</ownDataTypeParameters>
<autoIncrementCycle>false</autoIncrementCycle>
</Column>
<Column name="ATENCION_MEDICA_id_atencion" id="884D4ACC-590C-DE67-EDE7-928FB33840F4">
<createdBy>santo</createdBy>
<createdTime>2025-09-14 13:35:02 UTC</createdTime>
<generatorID>DEFBB50D-47D2-FDFF-4183-01E0D0C2C2A6</generatorID>
<ownerDesignName>semana5</ownerDesignName>
<useDomainConstraints>false</useDomainConstraints>
<use>1</use>
<logicalDatatype>LOGDT011</logicalDatatype>
<ownDataTypeParameters>,,</ownDataTypeParameters>
<previousColumn>false</previousColumn>
<autoIncrementCycle>false</autoIncrementCycle>
<associations>
<colAssociation fkAssociation="DAB9BFB4-2253-5FDC-490E-EDB1AAD9A2FD" referredColumn="D5893D33-176D-40AB-1C61-8EEA9DB0224E"/>
</associations>
</Column>
<Column name="EXAMEN_id_examen" id="BCE55E78-12D6-FB49-64E5-6463014DDAF5">
<createdBy>santo</createdBy>
<createdTime>2025-09-14 13:35:02 UTC</createdTime>
<generatorID>285C373A-73A3-2007-2F01-97F09115CC2F</generatorID>
<ownerDesignName>semana5</ownerDesignName>
<useDomainConstraints>false</useDomainConstraints>
<use>1</use>
<logicalDatatype>LOGDT011</logicalDatatype>
<ownDataTypeParameters>,,</ownDataTypeParameters>
<previousColumn>false</previousColumn>
<autoIncrementCycle>false</autoIncrementCycle>
<associations>
<colAssociation fkAssociation="72593822-8673-1C39-A57D-70ED3E69DD88" referredColumn="E8BC4498-6604-9110-3073-9C6568D63E64"/>
</associations>
</Column>
<Column name="fecha_solicitud" id="4BAE6830-4977-5489-D219-5B6E293625A4">
<createdBy>santo</createdBy>
<createdTime>2025-09-14 13:35:02 UTC</createdTime>
<generatorID>44DCCBF5-1FCF-AFDD-1FF9-2B3C84016899</generatorID>
<ownerDesignName>semana5</ownerDesignName>
<useDomainConstraints>false</useDomainConstraints>
<use>1</use>
<logicalDatatype>LOGDT007</logicalDatatype>
<ownDataTypeParameters>,,</ownDataTypeParameters>
<autoIncrementCycle>false</autoIncrementCycle>
</Column>
</columns>
<indexes itemClass="oracle.dbtools.crest.model.design.relational.Index">
<ind_PK_UK id="EAC232E8-6BD0-E17A-8642-7E443792F0F1" name="EXAMEN_SOLICITADO_PK">
<createdBy>santo</createdBy>
<createdTime>2025-09-14 13:35:02 UTC</createdTime>
<generatorID>AB7AC9F8-F284-EF86-F53B-DECE5D442BAA</generatorID>
<ownerDesignName>semana5</ownerDesignName>
<pk>true</pk>
<indexState>Primary Constraint</indexState>
<isSurrogateKey>false</isSurrogateKey>
<indexColumnUsage>
<colUsage columnID="7DE4724E-8B80-B3C3-B1FE-67C7EFE7DAE6"/>
</indexColumnUsage>
</ind_PK_UK>
<ind_PK_UK id="4545FA7C-C3D4-1263-28B8-A9001E059371" name="EXAMEN_SOLICITADO_EXAMEN_FK">
<createdBy>santo</createdBy>
<createdTime>2025-09-14 13:35:02 UTC</createdTime>
<generatorID>AA57016F-CD71-988A-B355-DE694DE9F0EF</generatorID>
<ownerDesignName>semana5</ownerDesignName>
<indexState>Foreign Key</indexState>
<isSurrogateKey>false</isSurrogateKey>
<indexColumnUsage>
<colUsage columnID="BCE55E78-12D6-FB49-64E5-6463014DDAF5"/>
</indexColumnUsage>
</ind_PK_UK>
<ind_PK_UK id="9E61C8C5-E6EE-C6DF-8A41-87DC1E30EB07" name="FK_EX_SOL_ATEN">
<createdBy>santo</createdBy>
<createdTime>2025-09-14 13:35:02 UTC</createdTime>
<generatorID>9E5AD13C-E4E7-2931-3349-5440C1783BC6</generatorID>
<ownerDesignName>semana5</ownerDesignName>
<indexState>Foreign Key</indexState>
<isSurrogateKey>false</isSurrogateKey>
<indexColumnUsage>
<colUsage columnID="884D4ACC-590C-DE67-EDE7-928FB33840F4"/>
</indexColumnUsage>
</ind_PK_UK>
</indexes>
</Table>