<?xml version = '1.0' encoding = 'UTF-8'?>
<Table class="oracle.dbtools.crest.model.design.relational.Table" directorySegmentName="seg_0" id="D756ED2D-9CE4-59DB-6D2B-04551A312D15" name="MEDICO">
<createdBy>santo</createdBy>
<createdTime>2025-09-14 13:35:02 UTC</createdTime>
<generatorID>2935A590-7345-FE69-5CAF-A22040BBDCE0</generatorID>
<ownerDesignName>semana5</ownerDesignName>
<allowColumnReorder>false</allowColumnReorder>
<existDependencyGenerateInDDl>true</existDependencyGenerateInDDl>
<parsed>true</parsed>
<columns itemClass="oracle.dbtools.crest.model.design.relational.Column">
<Column name="rut_medico" id="654DFA0D-E7C9-F56C-638E-54D3C0053A7E">
<createdBy>santo</createdBy>
<createdTime>2025-09-14 13:35:02 UTC</createdTime>
<generatorID>B1F8DC91-83DB-ACBC-0F0F-A5A4081C6952</generatorID>
<ownerDesignName>semana5</ownerDesignName>
<useDomainConstraints>false</useDomainConstraints>
<use>1</use>
<logicalDatatype>LOGDT011</logicalDatatype>
<ownDataTypeParameters>,,</ownDataTypeParameters>
<autoIncrementCycle>false</autoIncrementCycle>
</Column>
<Column name="dv_rut" id="43381CC2-E71A-5511-0BDF-D7E086A2AAD0">
<createdBy>santo</createdBy>
<createdTime>2025-09-14 13:35:02 UTC</createdTime>
<generatorID>111B07F7-6EEB-ABCD-4423-C944E968FA5D</generatorID>
<ownerDesignName>semana5</ownerDesignName>
<useDomainConstraints>false</useDomainConstraints>
<use>1</use>
<logicalDatatype>LOGDT025</logicalDatatype>
<dataTypeSize>1 CHAR</dataTypeSize>
<ownDataTypeParameters>1 CHAR,,</ownDataTypeParameters>
<autoIncrementCycle>false</autoIncrementCycle>
</Column>
<Column name="nombre" id="BBA861C5-C9D4-8E3E-E1DE-55F9CFE2B5DB">
<createdBy>santo</createdBy>
<createdTime>2025-09-14 13:35:02 UTC</createdTime>
<generatorID>119A0489-762B-2DB2-846C-BF562EA7F97E</generatorID>
<ownerDesignName>semana5</ownerDesignName>
<useDomainConstraints>false</useDomainConstraints>
<use>1</use>
<logicalDatatype>LOGDT024</logicalDatatype>
<dataTypeSize>50 CHAR</dataTypeSize>
<ownDataTypeParameters>50 CHAR,,</ownDataTypeParameters>
<autoIncrementCycle>false</autoIncrementCycle>
</Column>
<Column name="prim_apellido" id="31A33E5C-3AB9-1DC6-941B-2680A345A1EE">
<createdBy>santo</createdBy>
<createdTime>2025-09-14 13:35:02 UTC</createdTime>
<generatorID>F3D14215-A2D9-9305-F1FB-30E6B32F1A14</generatorID>
<ownerDesignName>semana5</ownerDesignName>
<useDomainConstraints>false</useDomainConstraints>
<use>1</use>
<logicalDatatype>LOGDT024</logicalDatatype>
<dataTypeSize>50 CHAR</dataTypeSize>
<ownDataTypeParameters>50 CHAR,,</ownDataTypeParameters>
<autoIncrementCycle>false</autoIncrementCycle>
</Column>
<Column name="seg_apellido" id="BB0C75B3-684E-E639-1516-A16095595CAE">
<createdBy>santo</createdBy>
<createdTime>2025-09-14 13:35:02 UTC</createdTime>
<generatorID>0111E840-2C7E-E38B-D27A-D64840B7CC87</generatorID>
<ownerDesignName>semana5</ownerDesignName>
<nullsAllowed>true</nullsAllowed>
<useDomainConstraints>false</useDomainConstraints>
<use>1</use>
<logicalDatatype>LOGDT024</logicalDatatype>
<dataTypeSize>50 CHAR</dataTypeSize>
<ownDataTypeParameters>50 CHAR,,</ownDataTypeParameters>
<autoIncrementCycle>false</autoIncrementCycle>
</Column>
<Column name="fecha_ingreso" id="774373D6-BA62-9EE8-E0FA-24BAC6B90CE4">
<createdBy>santo</createdBy>
<createdTime>2025-09-14 13:35:02 UTC</createdTime>
<generatorID>2B03FF0B-DCA3-5893-73D8-F28B7798A1FE</generatorID>
<ownerDesignName>semana5</ownerDesignName>
<useDomainConstraints>false</useDomainConstraints>
<use>1</use>
<logicalDatatype>LOGDT007</logicalDatatype>
<ownDataTypeParameters>,,</ownDataTypeParameters>
<autoIncrementCycle>false</autoIncrementCycle>
</Column>
<Column name="INSTITUCION_SALUD_id_instituto" id="72A4E88D-28F0-01AB-95E6-620DD94D032F">
<createdBy>santo</createdBy>
<createdTime>2025-09-14 13:35:02 UTC</createdTime>
<generatorID>EEE270A4-20FE-BE65-A5A0-4E553CC2B98E</generatorID>
<ownerDesignName>semana5</ownerDesignName>
<useDomainConstraints>false</useDomainConstraints>
<use>1</use>
<logicalDatatype>LOGDT011</logicalDatatype>
<ownDataTypeParameters>,,</ownDataTypeParameters>
<previousColumn>false</previousColumn>
<autoIncrementCycle>false</autoIncrementCycle>
<associations>
<colAssociation fkAssociation="BD68BA28-DE66-1F3C-23CA-E01B7D3FEC9D" referredColumn="F1593A9B-7692-BE4E-4930-D28179AE4E08"/>
</associations>
</Column>
<Column name="AFP_id_afp" id="6248FFC4-8B60-AC25-85D5-D1FC7F8388DD">
<createdBy>santo</createdBy>
<createdTime>2025-09-14 13:35:02 UTC</createdTime>
<generatorID>28D803FE-E988-76B9-9E00-97A4610C1A88</generatorID>
<ownerDesignName>semana5</ownerDesignName>
<useDomainConstraints>false</useDomainConstraints>
<use>1</use>
<logicalDatatype>LOGDT011</logicalDatatype>
<ownDataTypeParameters>,,</ownDataTypeParameters>
<previousColumn>false</previousColumn>
<autoIncrementCycle>false</autoIncrementCycle>
<associations>
<colAssociation fkAssociation="9B6CC333-816C-181C-425C-E714DD215ED4" referredColumn="09DF4ABF-6F0E-59F8-9D6F-C56135BB9A19"/>
</associations>
</Column>
<Column name="ESPECIALIDAD_id_especialidad" id="7219C528-FA63-705F-7B10-1D6D0351B181">
<createdBy>santo</createdBy>
<createdTime>2025-09-14 13:35:02 UTC</createdTime>
<generatorID>D8866908-F965-BD85-8640-4EE5D0CFE51D</generatorID>
<ownerDesignName>semana5</ownerDesignName>
<useDomainConstraints>false</useDomainConstraints>
<use>1</use>
<logicalDatatype>LOGDT011</logicalDatatype>
<ownDataTypeParameters>,,</ownDataTypeParameters>
<previousColumn>false</previousColumn>
<autoIncrementCycle>false</autoIncrementCycle>
<associations>
<colAssociation fkAssociation="22A0E7BF-5DF6-82B7-803E-5BDDB1D0FC48" referredColumn="D2436566-BA55-F39E-4FA5-4A4667960AE4"/>
</associations>
</Column>
</columns>
<indexes itemClass="oracle.dbtools.crest.model.design.relational.Index">
<ind_PK_UK id="E8BDCB52-350C-DD6C-66A2-CF93789F8995" name="MEDICO_PK">
<createdBy>santo</createdBy>
<createdTime>2025-09-14 13:35:02 UTC</createdTime>
<generatorID>E2A31DE3-001A-2B04-05D7-1396E080722D</generatorID>
<ownerDesignName>semana5</ownerDesignName>
<pk>true</pk>
<indexState>Primary Constraint</indexState>
<isSurrogateKey>false</isSurrogateKey>
<indexColumnUsage>
<colUsage columnID="654DFA0D-E7C9-F56C-638E-54D3C0053A7E"/>
</indexColumnUsage>
</ind_PK_UK>
<ind_PK_UK id="38F9B280-CC54-FAE3-4D72-065FB92D69A9" name="MEDICO_AFP_FK">
<createdBy>santo</createdBy>
<createdTime>2025-09-14 13:35:02 UTC</createdTime>
<generatorID>EDC8DA31-D8EB-38D3-A85D-148DDA98F108</generatorID>
<ownerDesignName>semana5</ownerDesignName>
<indexState>Foreign Key</indexState>
<isSurrogateKey>false</isSurrogateKey>
<indexColumnUsage>
<colUsage columnID="6248FFC4-8B60-AC25-85D5-D1FC7F8388DD"/>
</indexColumnUsage>
</ind_PK_UK>
<ind_PK_UK id="0661C559-C7D0-64E4-AC52-90D3FA86DAD8" name="MEDICO_INSTITUCION_SALUD_FK">
<createdBy>santo</createdBy>
<createdTime>2025-09-14 13:35:02 UTC</createdTime>
<generatorID>EBCE728C-3B5F-02CB-E724-5F85706D99F2</generatorID>
<ownerDesignName>semana5</ownerDesignName>
<indexState>Foreign Key</indexState>
<isSurrogateKey>false</isSurrogateKey>
<indexColumnUsage>
<colUsage columnID="72A4E88D-28F0-01AB-95E6-620DD94D032F"/>
</indexColumnUsage>
</ind_PK_UK>
<ind_PK_UK id="3BBF0749-8E8C-34E4-C639-A0AFA02925C8" name="MEDICO_ESPECIALIDAD_FK">
<createdBy>santo</createdBy>
<createdTime>2025-09-14 13:35:02 UTC</createdTime>
<generatorID>C26CEF1C-658D-F8C4-622F-90BCCB96E2BA</generatorID>
<ownerDesignName>semana5</ownerDesignName>
<indexState>Foreign Key</indexState>
<isSurrogateKey>false</isSurrogateKey>
<indexColumnUsage>
<colUsage columnID="7219C528-FA63-705F-7B10-1D6D0351B181"/>
</indexColumnUsage>
</ind_PK_UK>
</indexes>
</Table>