<?xml version = '1.0' encoding = 'UTF-8'?>
<Table class="oracle.dbtools.crest.model.design.relational.Table" directorySegmentName="seg_0" id="DE040BAA-174B-FCC6-71E3-41957752128F" name="AFP">
<createdBy>santo</createdBy>
<createdTime>2025-09-14 13:35:02 UTC</createdTime>
<generatorID>9233E25B-3FBC-8376-C9B3-7839E53AFC54</generatorID>
<ownerDesignName>semana5</ownerDesignName>
<allowColumnReorder>false</allowColumnReorder>
<existDependencyGenerateInDDl>true</existDependencyGenerateInDDl>
<parsed>true</parsed>
<columns itemClass="oracle.dbtools.crest.model.design.relational.Column">
<Column name="id_afp" id="09DF4ABF-6F0E-59F8-9D6F-C56135BB9A19">
<createdBy>santo</createdBy>
<createdTime>2025-09-14 13:35:02 UTC</createdTime>
<generatorID>8C584879-9F00-5687-B287-15402DF65806</generatorID>
<ownerDesignName>semana5</ownerDesignName>
<useDomainConstraints>false</useDomainConstraints>
<use>1</use>
<logicalDatatype>LOGDT011</logicalDatatype>
<ownDataTypeParameters>,,</ownDataTypeParameters>
<autoIncrementCycle>false</autoIncrementCycle>
</Column>
<Column name="nombre" id="B28C96A3-6F0D-D15B-3A7E-2E9DF1A19B28">
<createdBy>santo</createdBy>
<createdTime>2025-09-14 13:35:02 UTC</createdTime>
<generatorID>51F352A5-35E7-45C3-A3C9-3087B2EADDB7</generatorID>
<ownerDesignName>semana5</ownerDesignName>
<useDomainConstraints>false</useDomainConstraints>
<use>1</use>
<logicalDatatype>LOGDT024</logicalDatatype>
<dataTypeSize>50 CHAR</dataTypeSize>
<ownDataTypeParameters>50 CHAR,,</ownDataTypeParameters>
<autoIncrementCycle>false</autoIncrementCycle>
</Column>
</columns>
<indexes itemClass="oracle.dbtools.crest.model.design.relational.Index">
<ind_PK_UK id="F43F24B6-167C-7C6C-67EC-10A74CD6742A" name="AFP_PK">
<createdBy>santo</createdBy>
<createdTime>2025-09-14 13:35:02 UTC</createdTime>
<generatorID>5BF50480-8B5D-B0AF-7BA0-B64FB255B510</generatorID>
<ownerDesignName>semana5</ownerDesignName>
<pk>true</pk>
<indexState>Primary Constraint</indexState>
<isSurrogateKey>false</isSurrogateKey>
<indexColumnUsage>
<colUsage columnID="09DF4ABF-6F0E-59F8-9D6F-C56135BB9A19"/>
</indexColumnUsage>
</ind_PK_UK>
</indexes>
</Table>