<?xml version = '1.0' encoding = 'UTF-8'?>
<Entity class="oracle.dbtools.crest.model.design.logical.Entity" directorySegmentName="seg_0" id="852E40D6-EBC1-A5CF-EF13-FBC95AB5EFED" name="EMPLEADO">
<createdBy>santo</createdBy>
<createdTime>2025-08-18 07:44:28 UTC</createdTime>
<ownerDesignName>MODELO_BASE</ownerDesignName>
<engineerTo>
<item key="F202B108-4848-3BAD-9C23-C4AAF225D35B" value="true"/>
</engineerTo>
<adequatelyNormalized>NO</adequatelyNormalized>
<expectedVolumes>0</expectedVolumes>
<fwdEngineeringStrategyName>Single Table</fwdEngineeringStrategyName>
<growthPercent>0</growthPercent>
<growthType>Year</growthType>
<maxVolumes>9999999</maxVolumes>
<minVolumes>0</minVolumes>
<normalForm>Third</normalForm>
<attributes itemClass="oracle.dbtools.crest.model.design.logical.Attribute">
<Attribute name="RUT" id="1B5B201E-E1B5-CC16-9D2C-8030646B2728">
<createdBy>santo</createdBy>
<createdTime>2025-08-18 07:45:31 UTC</createdTime>
<ownerDesignName>MODELO_BASE</ownerDesignName>
<engineerTo>
<item key="F202B108-4848-3BAD-9C23-C4AAF225D35B" value="true"/>
</engineerTo>
<useDomainConstraints>false</useDomainConstraints>
<use>1</use>
<logicalDatatype>LOGDT019</logicalDatatype>
<ownDataTypeParameters>,,</ownDataTypeParameters>
</Attribute>
<Attribute name="NOMBRE_COMPLETO" id="415B0114-95AF-CD9B-747A-2A709DD2D160">
<createdBy>santo</createdBy>
<createdTime>2025-08-18 07:46:44 UTC</createdTime>
<ownerDesignName>MODELO_BASE</ownerDesignName>
<engineerTo>
<item key="F202B108-4848-3BAD-9C23-C4AAF225D35B" value="true"/>
</engineerTo>
<useDomainConstraints>false</useDomainConstraints>
<use>1</use>
<logicalDatatype>LOGDT024</logicalDatatype>
<dataTypeSize>20</dataTypeSize>
<ownDataTypeParameters>20,,</ownDataTypeParameters>
</Attribute>
<Attribute name="DIRECCION" id="2D0FDA7D-0DAC-7B91-80AE-EA202980F27F">
<createdBy>santo</createdBy>
<createdTime>2025-08-18 07:47:35 UTC</createdTime>
<ownerDesignName>MODELO_BASE</ownerDesignName>
<engineerTo>
<item key="F202B108-4848-3BAD-9C23-C4AAF225D35B" value="true"/>
</engineerTo>
<useDomainConstraints>false</useDomainConstraints>
<use>1</use>
<logicalDatatype>LOGDT024</logicalDatatype>
<dataTypeSize>20</dataTypeSize>
<ownDataTypeParameters>20,,</ownDataTypeParameters>
</Attribute>
<Attribute name="SUELDO_BASE" id="18381FDA-125A-D493-8275-8006DCE6C8CF">
<createdBy>santo</createdBy>
<createdTime>2025-08-18 07:49:58 UTC</createdTime>
<ownerDesignName>MODELO_BASE</ownerDesignName>
<engineerTo>
<item key="F202B108-4848-3BAD-9C23-C4AAF225D35B" value="true"/>
</engineerTo>
<useDomainConstraints>false</useDomainConstraints>
<use>1</use>
<logicalDatatype>LOGDT019</logicalDatatype>
<ownDataTypeParameters>,,</ownDataTypeParameters>
</Attribute>
<Attribute name="FECHA_INGRESO" id="87D3A5CE-3A3D-6760-8145-37D560389313">
<createdBy>santo</createdBy>
<createdTime>2025-08-18 07:51:36 UTC</createdTime>
<ownerDesignName>MODELO_BASE</ownerDesignName>
<engineerTo>
<item key="F202B108-4848-3BAD-9C23-C4AAF225D35B" value="true"/>
</engineerTo>
<useDomainConstraints>false</useDomainConstraints>
<use>1</use>
<logicalDatatype>LOGDT007</logicalDatatype>
<ownDataTypeParameters>,,</ownDataTypeParameters>
</Attribute>
<Attribute name="GENERO" id="209D45E2-AD5D-58BD-352E-F7BF0CE6589A">
<createdBy>santo</createdBy>
<createdTime>2025-08-18 07:58:57 UTC</createdTime>
<ownerDesignName>MODELO_BASE</ownerDesignName>
<engineerTo>
<item key="F202B108-4848-3BAD-9C23-C4AAF225D35B" value="true"/>
</engineerTo>
<useDomainConstraints>false</useDomainConstraints>
<use>1</use>
<logicalDatatype>LOGDT024</logicalDatatype>
<dataTypeSize>10</dataTypeSize>
<ownDataTypeParameters>10,,</ownDataTypeParameters>
</Attribute>
<Attribute name="TELEFONO" id="26A386B2-86F7-2B6F-BC6D-D204A3850B8F">
<createdBy>santo</createdBy>
<createdTime>2025-08-18 07:59:51 UTC</createdTime>
<ownerDesignName>MODELO_BASE</ownerDesignName>
<engineerTo>
<item key="F202B108-4848-3BAD-9C23-C4AAF225D35B" value="true"/>
</engineerTo>
<nullsAllowed>true</nullsAllowed>
<useDomainConstraints>false</useDomainConstraints>
<use>1</use>
<logicalDatatype>LOGDT019</logicalDatatype>
<ownDataTypeParameters>,,</ownDataTypeParameters>
</Attribute>
</attributes>
<identifiers itemClass="oracle.dbtools.crest.model.design.logical.CandidateKey">
<identifier id="3B04503B-04A5-0910-FA22-85260F2A3FB4" name="EMPLEADO PK">
<createdBy>santo</createdBy>
<createdTime>2025-08-18 07:45:41 UTC</createdTime>
<ownerDesignName>MODELO_BASE</ownerDesignName>
<engineerTo>
<item key="F202B108-4848-3BAD-9C23-C4AAF225D35B" value="true"/>
</engineerTo>
<pk>true</pk>
<usedAttributes>
<attributeRef>1B5B201E-E1B5-CC16-9D2C-8030646B2728</attributeRef>
</usedAttributes>
</identifier>
</identifiers>
</Entity>