<?xml version = '1.0' encoding = 'UTF-8'?>
<Entity class="oracle.dbtools.crest.model.design.logical.Entity" directorySegmentName="seg_0" id="C6BE0E53-9EEA-4416-18CD-C0A8118E9AB4" name="VUELO">
<createdBy>santo</createdBy>
<createdTime>2025-08-18 08:03:11 UTC</createdTime>
<ownerDesignName>MODELO_BASE</ownerDesignName>
<engineerTo>
<item key="F202B108-4848-3BAD-9C23-C4AAF225D35B" value="true"/>
</engineerTo>
<adequatelyNormalized>NO</adequatelyNormalized>
<expectedVolumes>0</expectedVolumes>
<fwdEngineeringStrategyName>Single Table</fwdEngineeringStrategyName>
<growthPercent>0</growthPercent>
<growthType>Year</growthType>
<maxVolumes>9999999</maxVolumes>
<minVolumes>0</minVolumes>
<normalForm>Third</normalForm>
<attributes itemClass="oracle.dbtools.crest.model.design.logical.Attribute">
<Attribute name="FECHA_DESPEGUE" id="7414C17B-5E0A-42A3-9F70-57813DAC21DF">
<createdBy>santo</createdBy>
<createdTime>2025-08-18 08:09:17 UTC</createdTime>
<ownerDesignName>MODELO_BASE</ownerDesignName>
<engineerTo>
<item key="F202B108-4848-3BAD-9C23-C4AAF225D35B" value="true"/>
</engineerTo>
<useDomainConstraints>false</useDomainConstraints>
<use>1</use>
<logicalDatatype>LOGDT007</logicalDatatype>
<ownDataTypeParameters>,,</ownDataTypeParameters>
</Attribute>
<Attribute name="FECHA_LLEGADA" id="F07A50E5-4D91-904D-DB35-610CCE5693B3">
<createdBy>santo</createdBy>
<createdTime>2025-08-18 08:10:24 UTC</createdTime>
<ownerDesignName>MODELO_BASE</ownerDesignName>
<engineerTo>
<item key="F202B108-4848-3BAD-9C23-C4AAF225D35B" value="true"/>
</engineerTo>
<useDomainConstraints>false</useDomainConstraints>
<use>1</use>
<logicalDatatype>LOGDT007</logicalDatatype>
<ownDataTypeParameters>,,</ownDataTypeParameters>
</Attribute>
<Attribute name="NUM_VUELO" id="FED0BACF-3D9F-1150-E40B-38BBB904B836">
<createdBy>santo</createdBy>
<createdTime>2025-08-18 08:11:58 UTC</createdTime>
<ownerDesignName>MODELO_BASE</ownerDesignName>
<engineerTo>
<item key="F202B108-4848-3BAD-9C23-C4AAF225D35B" value="true"/>
</engineerTo>
<useDomainConstraints>false</useDomainConstraints>
<use>1</use>
<logicalDatatype>LOGDT019</logicalDatatype>
<ownDataTypeParameters>,,</ownDataTypeParameters>
</Attribute>
<Attribute name="HORA_DESPEGUE" id="4CA6E494-4EC2-4F75-11B9-5BCFBBE4E683">
<createdBy>santo</createdBy>
<createdTime>2025-08-18 08:14:02 UTC</createdTime>
<ownerDesignName>MODELO_BASE</ownerDesignName>
<engineerTo>
<item key="F202B108-4848-3BAD-9C23-C4AAF225D35B" value="true"/>
</engineerTo>
<useDomainConstraints>false</useDomainConstraints>
<use>1</use>
<logicalDatatype>LOGDT014</logicalDatatype>
<ownDataTypeParameters>,,</ownDataTypeParameters>
</Attribute>
</attributes>
<identifiers itemClass="oracle.dbtools.crest.model.design.logical.CandidateKey">
<identifier id="5AC4AF13-00DE-B942-AB92-D4814C22F8A4" name="VUELO PK">
<createdBy>santo</createdBy>
<createdTime>2025-08-18 08:12:26 UTC</createdTime>
<ownerDesignName>MODELO_BASE</ownerDesignName>
<engineerTo>
<item key="F202B108-4848-3BAD-9C23-C4AAF225D35B" value="true"/>
</engineerTo>
<pk>true</pk>
<usedAttributes>
<attributeRef>FED0BACF-3D9F-1150-E40B-38BBB904B836</attributeRef>
</usedAttributes>
</identifier>
</identifiers>
</Entity>