<?xml version = '1.0' encoding = 'UTF-8'?>
<Entity class="oracle.dbtools.crest.model.design.logical.Entity" directorySegmentName="seg_0" id="D338A8A9-F18B-9F88-0D6D-B4C12526DA45" name="PASAJERO">
<createdBy>santo</createdBy>
<createdTime>2025-08-18 08:19:49 UTC</createdTime>
<ownerDesignName>MODELO_BASE</ownerDesignName>
<engineerTo>
<item key="F202B108-4848-3BAD-9C23-C4AAF225D35B" value="true"/>
</engineerTo>
<adequatelyNormalized>NO</adequatelyNormalized>
<expectedVolumes>0</expectedVolumes>
<fwdEngineeringStrategyName>Single Table</fwdEngineeringStrategyName>
<growthPercent>0</growthPercent>
<growthType>Year</growthType>
<maxVolumes>9999999</maxVolumes>
<minVolumes>0</minVolumes>
<normalForm>Third</normalForm>
<attributes itemClass="oracle.dbtools.crest.model.design.logical.Attribute">
<Attribute name="DOCUMENTO_IDENTIDAD" id="4D296FC3-3001-3FE8-1B42-833EF6C034F4">
<createdBy>santo</createdBy>
<createdTime>2025-08-18 08:20:41 UTC</createdTime>
<ownerDesignName>MODELO_BASE</ownerDesignName>
<engineerTo>
<item key="F202B108-4848-3BAD-9C23-C4AAF225D35B" value="true"/>
</engineerTo>
<useDomainConstraints>false</useDomainConstraints>
<use>1</use>
<logicalDatatype>LOGDT024</logicalDatatype>
<dataTypeSize>15</dataTypeSize>
<ownDataTypeParameters>15,,</ownDataTypeParameters>
</Attribute>
<Attribute name="NOMBRE_COMPLETO" id="FBAB0768-C749-D14A-7F25-13A735F1CCEF">
<createdBy>santo</createdBy>
<createdTime>2025-08-18 08:25:25 UTC</createdTime>
<ownerDesignName>MODELO_BASE</ownerDesignName>
<engineerTo>
<item key="F202B108-4848-3BAD-9C23-C4AAF225D35B" value="true"/>
</engineerTo>
<useDomainConstraints>false</useDomainConstraints>
<use>1</use>
<logicalDatatype>LOGDT024</logicalDatatype>
<dataTypeSize>20</dataTypeSize>
<ownDataTypeParameters>20,,</ownDataTypeParameters>
</Attribute>
<Attribute name="FECHA_NACIMIENTO" id="D49502F5-B698-097E-471C-10F17D96535D">
<createdBy>santo</createdBy>
<createdTime>2025-08-18 08:26:24 UTC</createdTime>
<ownerDesignName>MODELO_BASE</ownerDesignName>
<engineerTo>
<item key="F202B108-4848-3BAD-9C23-C4AAF225D35B" value="true"/>
</engineerTo>
<useDomainConstraints>false</useDomainConstraints>
<use>1</use>
<logicalDatatype>LOGDT007</logicalDatatype>
<ownDataTypeParameters>,,</ownDataTypeParameters>
</Attribute>
<Attribute name="NACIONALIDAD" id="05BA123C-19BE-CE8B-EFEC-4EC0E0D60B26">
<createdBy>santo</createdBy>
<createdTime>2025-08-18 08:27:14 UTC</createdTime>
<ownerDesignName>MODELO_BASE</ownerDesignName>
<engineerTo>
<item key="F202B108-4848-3BAD-9C23-C4AAF225D35B" value="true"/>
</engineerTo>
<useDomainConstraints>false</useDomainConstraints>
<use>1</use>
<logicalDatatype>LOGDT024</logicalDatatype>
<dataTypeSize>20</dataTypeSize>
<ownDataTypeParameters>20,,</ownDataTypeParameters>
</Attribute>
<Attribute name="NUM_TELEFONO" id="DBAD7275-5217-31A8-AF7B-6ACC40A5B19E">
<createdBy>santo</createdBy>
<createdTime>2025-08-18 08:28:18 UTC</createdTime>
<ownerDesignName>MODELO_BASE</ownerDesignName>
<engineerTo>
<item key="F202B108-4848-3BAD-9C23-C4AAF225D35B" value="true"/>
</engineerTo>
<nullsAllowed>true</nullsAllowed>
<useDomainConstraints>false</useDomainConstraints>
<use>1</use>
<logicalDatatype>LOGDT019</logicalDatatype>
<ownDataTypeParameters>,,</ownDataTypeParameters>
</Attribute>
<Attribute name="CORREO" id="F5548527-617A-EB73-3AF7-C6E091C36AB7">
<createdBy>santo</createdBy>
<createdTime>2025-08-18 08:28:44 UTC</createdTime>
<ownerDesignName>MODELO_BASE</ownerDesignName>
<engineerTo>
<item key="F202B108-4848-3BAD-9C23-C4AAF225D35B" value="true"/>
</engineerTo>
<nullsAllowed>true</nullsAllowed>
<useDomainConstraints>false</useDomainConstraints>
<use>1</use>
<logicalDatatype>LOGDT024</logicalDatatype>
<dataTypeSize>30</dataTypeSize>
<ownDataTypeParameters>30,,</ownDataTypeParameters>
</Attribute>
</attributes>
<identifiers itemClass="oracle.dbtools.crest.model.design.logical.CandidateKey">
<identifier id="BECE3E5E-3A8F-F24C-D8E5-DC778D8549E5" name="PASAJERO PK">
<createdBy>santo</createdBy>
<createdTime>2025-08-18 08:26:17 UTC</createdTime>
<ownerDesignName>MODELO_BASE</ownerDesignName>
<engineerTo>
<item key="F202B108-4848-3BAD-9C23-C4AAF225D35B" value="true"/>
</engineerTo>
<pk>true</pk>
<usedAttributes>
<attributeRef>4D296FC3-3001-3FE8-1B42-833EF6C034F4</attributeRef>
</usedAttributes>
</identifier>
</identifiers>
</Entity>